[Bridge] Call: glTexCoordPointer
[Bridge] Call: glDisableClientState
[Bridge] Call: glDisableClientState
[Bridge] Call: glEnableClientState
[Bridge] Call: glEnableClientState
[Bridge] Call: glEnableClientState
[Bridge] Call: glColor4ub
[Bridge] Call: glDrawElements
[Bridge] Call: glVertexPointer
[Bridge] Call: glNormalPointer
[Bridge] Call: glTexCoordPointer
[Bridge] Call: glDisableClientState
[Bridge] Call: glDisableClientState
[Bridge] Call: glDisableClientState
[Bridge] Call: glEnableClientState
[Bridge] Call: glEnableClientState
[Bridge] Call: glEnableClientState
[Bridge] Call: glDrawElements
[Bridge] Call: glVertexPointer
[Bridge] Call: glNormalPointer
[Bridge] Call: glTexCoordPointer
[Bridge] Call: glDisableClientState
[Bridge] Call: glDisableClientState
[Bridge] Call: glDisableClientState
[Bridge] Call: glEnableClientState
[Bridge] Call: glEnableClientState
[Bridge] Call: glEnableClientState
[Bridge] Call: glDrawElements
[Bridge] Call: glVertexPointer
[Bridge] Call: glNormalPointer
[Bridge] Call: glTexCoordPointer
[Bridge] Call: glDisableClientState
[Bridge] Call: glDisableClientState
[Bridge] Call: glDisableClientState
[Bridge] Call: glEnableClientState
[Bridge] Call: glEnableClientState
[Bridge] Call: glEnableClientState
[Bridge] Call: glDrawElements
[Bridge] Call: glVertexPointer
[Bridge] Call: glNormalPointer
[Bridge] Call: glTexCoordPointer
[Bridge] Call: glDisableClientState
[Bridge] Call: glDisableClientState
[Bridge] Call: glDisableClientState
[Bridge] Call: glEnableClientState
[Bridge] Call: glEnableClientState
[Bridge] Call: glEnableClientState
[Bridge] Call: glDrawElements
[Bridge] Call: glVertexPointer
[Bridge] Call: glNormalPointer
[Bridge] Call: glTexCoordPointer
[Bridge] Call: glDisableClientState
[Bridge] Call: glDisableClientState
[Bridge] Call: glDisableClientState
[Bridge] Call: glEnableClientState
[Bridge] Call: glEnableClientState
[Bridge] Call: glEnableClientState
[Bridge] Call: glDrawElements
[Bridge] Call: glVertexPointer
[Bridge] Call: glNormalPointer
[Bridge] Call: glTexCoordPointer
[Bridge] Call: glDisableClientState
[Bridge] Call: glDisableClientState
[Bridge] Call: glDisableClientState
[Bridge] Call: glEnableClientState
[Bridge] Call: glEnableClientState
[Bridge] Call: glEnableClientState
[Bridge] Call: glDrawElements
[Bridge] Call: glVertexPointer
[Bridge] Call: glNormalPointer
[Bridge] Call: glTexCoordPointer
[Bridge] Call: glDisableClientState
[Bridge] Call: glDisableClientState
[Bridge] Call: glDisableClientState
[Bridge] Call: glEnableClientState
[Bridge] Call: glEnableClientState
[Bridge] Call: glEnableClientState
[Bridge] Call: glDrawElements
[Bridge] Call: glVertexPointer
[Bridge] Call: glNormalPointer
[Bridge] Call: glTexCoordPointer
[Bridge] Call: glDisableClientState
[Bridge] Call: glDisableClientState
[Bridge] Call: glDisableClientState
[Bridge] Call: glEnableClientState
[Bridge] Call: glEnableClientState
[Bridge] Call: glEnableClientState
[Bridge] Call: glDrawElements
[Bridge] Call: glVertexPointer
[Bridge] Call: glNormalPointer
[Bridge] Call: glTexCoordPointer
[Bridge] Call: glDisableClientState
[Bridge] Call: glDisableClientState
[Bridge] Call: glDisableClientState
[Bridge] Call: glEnableClientState
[Bridge] Call: glEnableClientState
[Bridge] Call: glEnableClientState
[Bridge] Call: glDrawElements
[Bridge] Call: glVertexPointer
[Bridge] Call: glNormalPointer
[Bridge] Call: glTexCoordPointer
[Bridge] Call: glDisableClientState
[Bridge] Call: glDisableClientState
[Bridge] Call: glDisableClientState
[Bridge] Call: glEnableClientState
[Bridge] Call: glEnableClientState
[Bridge] Call: glEnableClientState
[Bridge] Call: glDrawElements
[Bridge] Call: glVertexPointer
[Bridge] Call: glNormalPointer
[Bridge] Call: glTexCoordPointer
[Bridge] Call: glDisableClientState
[Bridge] Call: glDisableClientState
[Bridge] Call: glDisableClientState
[Bridge] Call: glEnableClientState
[Bridge] Call: glEnableClientState
[Bridge] Call: glEnableClientState
[Bridge] Call: glDrawElements
[Bridge] Call: glVertexPointer
[Bridge] Call: glNormalPointer
[Bridge] Call: glTexCoordPointer
[Bridge] Call: glDisableClientState
[Bridge] Call: glDisableClientState
[Bridge] Call: glDisableClientState
[Bridge] Call: glEnableClientState
[Bridge] Call: glEnableClientState
[Bridge] Call: glEnableClientState
[Bridge] Call: glDrawElements
[Bridge] Call: glVertexPointer
[Bridge] Call: glNormalPointer
[Bridge] Call: glTexCoordPointer
[Bridge] Call: glDisableClientState
[Bridge] Call: glDisableClientState
[Bridge] Call: glDisableClientState
[Bridge] Call: glEnableClientState
[Bridge] Call: glEnableClientState
[Bridge] Call: glEnableClientState
[Bridge] Call: glDrawElements
[Bridge] Call: glLoadMatrixf
[Bridge] Call: glVertexPointer
[Bridge] Call: glNormalPointer
[Bridge] Call: glTexCoordPointer
[Bridge] Call: glDisableClientState
[Bridge] Call: glDisableClientState
[Bridge] Call: glDisableClientState
[Bridge] Call: glEnableClientState
[Bridge] Call: glEnableClientState
[Bridge] Call: glEnableClientState
[Bridge] Call: glDrawArrays
[Bridge] Call: glVertexPointer
[Bridge] Call: glNormalPointer
[Bridge] Call: glTexCoordPointer
[Bridge] Call: glDisableClientState
[Bridge] Call: glDisableClientState
[Bridge] Call: glDisableClientState
[Bridge] Call: glEnableClientState
[Bridge] Call: glEnableClientState
[Bridge] Call: glEnableClientState
[Bridge] Call: glDrawArrays
[Bridge] Call: glVertexPointer
[Bridge] Call: glNormalPointer
[Bridge] Call: glTexCoordPointer
[Bridge] Call: glDisableClientState
[Bridge] Call: glDisableClientState
[Bridge] Call: glDisableClientState
[Bridge] Call: glEnableClientState
[Bridge] Call: glEnableClientState
[Bridge] Call: glEnableClientState
[Bridge] Call: glDrawArrays
[Math] cosf(0) -> 1
[Math] sinf(0) -> 0
[Bridge] Call: glLoadMatrixf
[Bridge] Call: glMaterialfv
[Bridge] Call: glMaterialfv
[Bridge] Call: glBindTexture
[Bridge] Call: glVertexPointer
[Bridge] Call: glNormalPointer
[Bridge] Call: glTexCoordPointer
[Bridge] Call: glDisableClientState
[Bridge] Call: glDisableClientState
[Bridge] Call: glDisableClientState
[Bridge] Call: glEnableClientState
[Bridge] Call: glEnableClientState
[Bridge] Call: glEnableClientState
[Bridge] Call: glDrawElements
[Bridge] Call: glLoadMatrixf
[Bridge] Call: glVertexPointer
[Bridge] Call: glNormalPointer
[Bridge] Call: glTexCoordPointer
[Bridge] Call: glDisableClientState
[Bridge] Call: glDisableClientState
[Bridge] Call: glDisableClientState
[Bridge] Call: glEnableClientState
[Bridge] Call: glEnableClientState
[Bridge] Call: glEnableClientState
[Bridge] Call: glDrawArrays
[Math] cosf(0) -> 1
[Math] sinf(0) -> 0
[Bridge] Call: glLoadMatrixf
[Bridge] Call: glMaterialfv
[Bridge] Call: glMaterialfv
[Bridge] Call: glBindTexture
[Bridge] Call: glVertexPointer
[Bridge] Call: glNormalPointer
[Bridge] Call: glTexCoordPointer
[Bridge] Call: glDisableClientState
[Bridge] Call: glDisableClientState
[Bridge] Call: glDisableClientState
[Bridge] Call: glEnableClientState
[Bridge] Call: glEnableClientState
[Bridge] Call: glEnableClientState
[Bridge] Call: glDrawElements
[Bridge] Call: glLoadMatrixf
[Bridge] Call: glVertexPointer
[Bridge] Call: glNormalPointer
[Bridge] Call: glTexCoordPointer
[Bridge] Call: glDisableClientState
[Bridge] Call: glDisableClientState
[Bridge] Call: glDisableClientState
[Bridge] Call: glEnableClientState
[Bridge] Call: glEnableClientState
[Bridge] Call: glEnableClientState
[Bridge] Call: glDrawArrays
[Math] cosf(0) -> 1
[Math] sinf(0) -> 0
[Bridge] Call: glLoadMatrixf
[Bridge] Call: glMaterialfv
[Bridge] Call: glMaterialfv
[Bridge] Call: glBindTexture
[Bridge] Call: glVertexPointer
[Bridge] Call: glNormalPointer
[Bridge] Call: glTexCoordPointer
[Bridge] Call: glDisableClientState
[Bridge] Call: glDisableClientState
[Bridge] Call: glDisableClientState
[Bridge] Call: glEnableClientState
[Bridge] Call: glEnableClientState
[Bridge] Call: glEnableClientState
[Bridge] Call: glDrawElements
[Bridge] Call: glVertexPointer
[Bridge] Call: glNormalPointer
[Bridge] Call: glTexCoordPointer
[Bridge] Call: glDisableClientState
[Bridge] Call: glDisableClientState
[Bridge] Call: glDisableClientState
[Bridge] Call: glEnableClientState
[Bridge] Call: glEnableClientState
[Bridge] Call: glEnableClientState
[Bridge] Call: glDrawElements
[Bridge] Call: glVertexPointer
[Bridge] Call: glNormalPointer
[Bridge] Call: glTexCoordPointer
[Bridge] Call: glDisableClientState
[Bridge] Call: glDisableClientState
[Bridge] Call: glDisableClientState
[Bridge] Call: glEnableClientState
[Bridge] Call: glEnableClientState
[Bridge] Call: glEnableClientState
[Bridge] Call: glDrawElements
[Bridge] Call: glBindTexture
[Bridge] Call: glVertexPointer
[Bridge] Call: glNormalPointer
[Bridge] Call: glTexCoordPointer
[Bridge] Call: glDisableClientState
[Bridge] Call: glDisableClientState
[Bridge] Call: glDisableClientState
[Bridge] Call: glEnableClientState
[Bridge] Call: glEnableClientState
[Bridge] Call: glEnableClientState
[Bridge] Call: glDrawElements
[Bridge] Call: glVertexPointer
[Bridge] Call: glNormalPointer
[Bridge] Call: glTexCoordPointer
[Bridge] Call: glDisableClientState
[Bridge] Call: glDisableClientState
[Bridge] Call: glDisableClientState
[Bridge] Call: glEnableClientState
[Bridge] Call: glEnableClientState
[Bridge] Call: glEnableClientState
[Bridge] Call: glDrawElements
[Bridge] Call: glVertexPointer
[Bridge] Call: glNormalPointer
[Bridge] Call: glTexCoordPointer
[Bridge] Call: glDisableClientState
[Bridge] Call: glDisableClientState
[Bridge] Call: glDisableClientState
[Bridge] Call: glEnableClientState
[Bridge] Call: glEnableClientState
[Bridge] Call: glEnableClientState
[Bridge] Call: glDrawElements
[Bridge] Call: glLoadMatrixf
[Bridge] Call: glVertexPointer
[Bridge] Call: glNormalPointer
[Bridge] Call: glTexCoordPointer
[Bridge] Call: glDisableClientState
[Bridge] Call: glDisableClientState
[Bridge] Call: glDisableClientState
[Bridge] Call: glEnableClientState
[Bridge] Call: glEnableClientState
[Bridge] Call: glEnableClientState
[Bridge] Call: glDrawArrays
[Bridge] Call: glVertexPointer
[Bridge] Call: glNormalPointer
[Bridge] Call: glTexCoordPointer
[Bridge] Call: glDisableClientState
[Bridge] Call: glDisableClientState
[Bridge] Call: glDisableClientState
[Bridge] Call: glEnableClientState
[Bridge] Call: glEnableClientState
[Bridge] Call: glEnableClientState
[Bridge] Call: glDrawArrays
[Math] cosf(0) -> 1
[Math] sinf(0) -> 0
[Bridge] Call: glLoadMatrixf
[Bridge] Call: glMaterialfv
[Bridge] Call: glMaterialfv
[Bridge] Call: glVertexPointer
[Bridge] Call: glNormalPointer
[Bridge] Call: glTexCoordPointer
[Bridge] Call: glDisableClientState
[Bridge] Call: glDisableClientState
[Bridge] Call: glDisableClientState
[Bridge] Call: glEnableClientState
[Bridge] Call: glEnableClientState
[Bridge] Call: glEnableClientState
[Bridge] Call: glDrawElements
[Bridge] Call: glVertexPointer
[Bridge] Call: glNormalPointer
[Bridge] Call: glTexCoordPointer
[Bridge] Call: glDisableClientState
[Bridge] Call: glDisableClientState
[Bridge] Call: glDisableClientState
[Bridge] Call: glEnableClientState
[Bridge] Call: glEnableClientState
[Bridge] Call: glEnableClientState
[Bridge] Call: glDrawElements
[Bridge] Call: glVertexPointer
[Bridge] Call: glNormalPointer
[Bridge] Call: glTexCoordPointer
[Bridge] Call: glDisableClientState
[Bridge] Call: glDisableClientState
[Bridge] Call: glDisableClientState
[Bridge] Call: glEnableClientState
[Bridge] Call: glEnableClientState
[Bridge] Call: glEnableClientState
[Bridge] Call: glDrawElements
[Bridge] Call: glLoadMatrixf
[Bridge] Call: glVertexPointer
[Bridge] Call: glNormalPointer
[Bridge] Call: glTexCoordPointer
[Bridge] Call: glDisableClientState
[Bridge] Call: glDisableClientState
[Bridge] Call: glDisableClientState
[Bridge] Call: glEnableClientState
[Bridge] Call: glEnableClientState
[Bridge] Call: glEnableClientState
[Bridge] Call: glDrawArrays
[Math] cosf(0) -> 1
[Math] sinf(0) -> 0
[Bridge] Call: glLoadMatrixf
[Bridge] Call: glMaterialfv
[Bridge] Call: glMaterialfv
[Bridge] Call: glVertexPointer
[Bridge] Call: glNormalPointer
[Bridge] Call: glTexCoordPointer
[Bridge] Call: glDisableClientState
[Bridge] Call: glDisableClientState
[Bridge] Call: glDisableClientState
[Bridge] Call: glEnableClientState
[Bridge] Call: glEnableClientState
[Bridge] Call: glEnableClientState
[Bridge] Call: glDrawElements
[Bridge] Call: glVertexPointer
[Bridge] Call: glNormalPointer
[Bridge] Call: glTexCoordPointer
[Bridge] Call: glDisableClientState
[Bridge] Call: glDisableClientState
[Bridge] Call: glDisableClientState
[Bridge] Call: glEnableClientState
[Bridge] Call: glEnableClientState
[Bridge] Call: glEnableClientState
[Bridge] Call: glDrawElements
[Bridge] Call: glVertexPointer
[Bridge] Call: glNormalPointer
[Bridge] Call: glTexCoordPointer
[Bridge] Call: glDisableClientState
[Bridge] Call: glDisableClientState
[Bridge] Call: glDisableClientState
[Bridge] Call: glEnableClientState
[Bridge] Call: glEnableClientState
[Bridge] Call: glEnableClientState
[Bridge] Call: glDrawElements
[Bridge] Call: glVertexPointer
[Bridge] Call: glNormalPointer
[Bridge] Call: glTexCoordPointer
[Bridge] Call: glDisableClientState
[Bridge] Call: glDisableClientState
[Bridge] Call: glDisableClientState
[Bridge] Call: glEnableClientState
[Bridge] Call: glEnableClientState
[Bridge] Call: glEnableClientState
[Bridge] Call: glDrawElements
[Bridge] Call: glVertexPointer
[Bridge] Call: glNormalPointer
[Bridge] Call: glTexCoordPointer
[Bridge] Call: glDisableClientState
[Bridge] Call: glDisableClientState
[Bridge] Call: glDisableClientState
[Bridge] Call: glEnableClientState
[Bridge] Call: glEnableClientState
[Bridge] Call: glEnableClientState
[Bridge] Call: glDrawElements
[Bridge] Call: glVertexPointer
[Bridge] Call: glNormalPointer
[Bridge] Call: glTexCoordPointer
[Bridge] Call: glDisableClientState
[Bridge] Call: glDisableClientState
[Bridge] Call: glDisableClientState
[Bridge] Call: glEnableClientState
[Bridge] Call: glEnableClientState
[Bridge] Call: glEnableClientState
[Bridge] Call: glDrawElements
[Bridge] Call: glVertexPointer
[Bridge] Call: glNormalPointer
[Bridge] Call: glTexCoordPointer
[Bridge] Call: glDisableClientState
[Bridge] Call: glDisableClientState
[Bridge] Call: glDisableClientState
[Bridge] Call: glEnableClientState
[Bridge] Call: glEnableClientState
[Bridge] Call: glEnableClientState
[Bridge] Call: glDrawElements
[Bridge] Call: glVertexPointer
[Bridge] Call: glNormalPointer
[Bridge] Call: glTexCoordPointer
[Bridge] Call: glDisableClientState
[Bridge] Call: glDisableClientState
[Bridge] Call: glDisableClientState
[Bridge] Call: glEnableClientState
[Bridge] Call: glEnableClientState
[Bridge] Call: glEnableClientState
[Bridge] Call: glDrawElements
[Bridge] Call: glLoadMatrixf
[Bridge] Call: glVertexPointer
[Bridge] Call: glNormalPointer
[Bridge] Call: glTexCoordPointer
[Bridge] Call: glDisableClientState
[Bridge] Call: glDisableClientState
[Bridge] Call: glDisableClientState
[Bridge] Call: glEnableClientState
[Bridge] Call: glEnableClientState
[Bridge] Call: glEnableClientState
[Bridge] Call: glDrawArrays
[Bridge] Call: glVertexPointer
[Bridge] Call: glNormalPointer
[Bridge] Call: glTexCoordPointer
[Bridge] Call: glDisableClientState
[Bridge] Call: glDisableClientState
[Bridge] Call: glDisableClientState
[Bridge] Call: glEnableClientState
[Bridge] Call: glEnableClientState
[Bridge] Call: glEnableClientState
[Bridge] Call: glDrawArrays
[Bridge] Call: glLoadMatrixf
[Bridge] Call: glMaterialfv
[Bridge] Call: glMaterialfv
[Bridge] Call: glBindTexture
[Bridge] Call: glVertexPointer
[Bridge] Call: glNormalPointer
[Bridge] Call: glTexCoordPointer
[Bridge] Call: glDisableClientState
[Bridge] Call: glDisableClientState
[Bridge] Call: glDisableClientState
[Bridge] Call: glEnableClientState
[Bridge] Call: glEnableClientState
[Bridge] Call: glEnableClientState
[Bridge] Call: glDrawElements
[Bridge] Call: glMaterialfv
[Bridge] Call: glMaterialfv
[Bridge] Call: glBindTexture
[Bridge] Call: glVertexPointer
[Bridge] Call: glNormalPointer
[Bridge] Call: glTexCoordPointer
[Bridge] Call: glDisableClientState
[Bridge] Call: glDisableClientState
[Bridge] Call: glDisableClientState
[Bridge] Call: glEnableClientState
[Bridge] Call: glEnableClientState
[Bridge] Call: glEnableClientState
[Bridge] Call: glDrawElements
[Math] cosf(0) -> 1
[Math] sinf(0) -> 0
[Bridge] Call: glLoadMatrixf
[Bridge] Call: glMaterialfv
[Bridge] Call: glMaterialfv
[Bridge] Call: glBindTexture
[Bridge] Call: glVertexPointer
[Bridge] Call: glNormalPointer
[Bridge] Call: glTexCoordPointer
[Bridge] Call: glDisableClientState
[Bridge] Call: glDisableClientState
[Bridge] Call: glDisableClientState
[Bridge] Call: glEnableClientState
[Bridge] Call: glEnableClientState
[Bridge] Call: glEnableClientState
[Bridge] Call: glDrawElements
[Math] cosf(0) -> 1
[Math] sinf(0) -> 0
[Bridge] Call: glLoadMatrixf
[Bridge] Call: glMaterialfv
[Bridge] Call: glMaterialfv
[Bridge] Call: glBindTexture
[Bridge] Call: glVertexPointer
[Bridge] Call: glNormalPointer
[Bridge] Call: glTexCoordPointer
[Bridge] Call: glDisableClientState
[Bridge] Call: glDisableClientState
[Bridge] Call: glDisableClientState
[Bridge] Call: glEnableClientState
[Bridge] Call: glEnableClientState
[Bridge] Call: glEnableClientState
[Bridge] Call: glDrawElements
[Math] cosf(0) -> 1
[Math] sinf(0) -> 0
[Bridge] Call: glLoadMatrixf
[Bridge] Call: glEnable
[Bridge] Call: glMaterialfv
[Bridge] Call: glMaterialfv
[Bridge] Call: glBindTexture
[Bridge] Call: glVertexPointer
[Bridge] Call: glNormalPointer
[Bridge] Call: glTexCoordPointer
[Bridge] Call: glDisableClientState
[Bridge] Call: glDisableClientState
[Bridge] Call: glDisableClientState
[Bridge] Call: glEnableClientState
[Bridge] Call: glEnableClientState
[Bridge] Call: glEnableClientState
[Bridge] Call: glDrawElements
[Bridge] Call: glMaterialfv
[Bridge] Call: glMaterialfv
[Bridge] Call: glBindTexture
[Bridge] Call: glVertexPointer
[Bridge] Call: glNormalPointer
[Bridge] Call: glTexCoordPointer
[Bridge] Call: glDisableClientState
[Bridge] Call: glDisableClientState
[Bridge] Call: glDisableClientState
[Bridge] Call: glEnableClientState
[Bridge] Call: glEnableClientState
[Bridge] Call: glEnableClientState
[Bridge] Call: glDrawElements
[Bridge] Call: glMaterialfv
[Bridge] Call: glMaterialfv
[Bridge] Call: glVertexPointer
[Bridge] Call: glNormalPointer
[Bridge] Call: glTexCoordPointer
[Bridge] Call: glDisableClientState
[Bridge] Call: glDisableClientState
[Bridge] Call: glDisableClientState
[Bridge] Call: glEnableClientState
[Bridge] Call: glEnableClientState
[Bridge] Call: glEnableClientState
[Bridge] Call: glDrawElements
[Bridge] Call: glDisable
[Math] cosf(0) -> 1
[Math] sinf(0) -> 0
[Math] cosf(0.872665) -> 0.642788
[Math] sinf(0.872665) -> 0.766044
[Bridge] Call: glLoadMatrixf
[Bridge] Call: glEnable
[Bridge] Call: glMaterialfv
[Bridge] Call: glMaterialfv
[Bridge] Call: glBindTexture
[Bridge] Call: glVertexPointer
[Bridge] Call: glNormalPointer
[Bridge] Call: glTexCoordPointer
[Bridge] Call: glDisableClientState
[Bridge] Call: glDisableClientState
[Bridge] Call: glDisableClientState
[Bridge] Call: glEnableClientState
[Bridge] Call: glEnableClientState
[Bridge] Call: glEnableClientState
[Bridge] Call: glDrawElements
[Bridge] Call: glDisable
[Math] cosf(0) -> 1
[Math] sinf(0) -> 0
[Math] cosf(4.71239) -> 1.19249e-08
[Math] sinf(4.71239) -> -1
[Bridge] Call: glLoadMatrixf
[Bridge] Call: glEnable
[Bridge] Call: glMaterialfv
[Bridge] Call: glMaterialfv
[Bridge] Call: glVertexPointer
[Bridge] Call: glNormalPointer
[Bridge] Call: glTexCoordPointer
[Bridge] Call: glDisableClientState
[Bridge] Call: glDisableClientState
[Bridge] Call: glDisableClientState
[Bridge] Call: glEnableClientState
[Bridge] Call: glEnableClientState
[Bridge] Call: glEnableClientState
[Bridge] Call: glDrawElements
[Bridge] Call: glDisable
[Math] cosf(0) -> 1
[Math] sinf(0) -> 0
[Math] cosf(3.14159) -> -1
[Math] sinf(3.14159) -> -8.74228e-08
[Bridge] Call: glLoadMatrixf
[Bridge] Call: glEnable
[Bridge] Call: glMaterialfv
[Bridge] Call: glMaterialfv
[Bridge] Call: glVertexPointer
[Bridge] Call: glNormalPointer
[Bridge] Call: glTexCoordPointer
[Bridge] Call: glDisableClientState
[Bridge] Call: glDisableClientState
[Bridge] Call: glDisableClientState
[Bridge] Call: glEnableClientState
[Bridge] Call: glEnableClientState
[Bridge] Call: glEnableClientState
[Bridge] Call: glDrawElements
[Bridge] Call: glDisable
[Math] cosf(0) -> 1
[Math] sinf(0) -> 0
[Bridge] Call: glLoadMatrixf
[Bridge] Call: glEnable
[Bridge] Call: glMaterialfv
[Bridge] Call: glMaterialfv
[Bridge] Call: glVertexPointer
[Bridge] Call: glNormalPointer
[Bridge] Call: glTexCoordPointer
[Bridge] Call: glDisableClientState
[Bridge] Call: glDisableClientState
[Bridge] Call: glDisableClientState
[Bridge] Call: glEnableClientState
[Bridge] Call: glEnableClientState
[Bridge] Call: glEnableClientState
[Bridge] Call: glDrawElements
[Bridge] Call: glDisable
[Math] cosf(0) -> 1
[Math] sinf(0) -> 0
[Math] cosf(3.14159) -> -1
[Math] sinf(3.14159) -> -8.74228e-08
[Bridge] Call: glLoadMatrixf
[Bridge] Call: glEnable
[Bridge] Call: glMaterialfv
[Bridge] Call: glMaterialfv
[Bridge] Call: glVertexPointer
[Bridge] Call: glNormalPointer
[Bridge] Call: glTexCoordPointer
[Bridge] Call: glDisableClientState
[Bridge] Call: glDisableClientState
[Bridge] Call: glDisableClientState
[Bridge] Call: glEnableClientState
[Bridge] Call: glEnableClientState
[Bridge] Call: glEnableClientState
[Bridge] Call: glDrawElements
[Bridge] Call: glDisable
[Math] cosf(6.40524) -> 0.992561
[Math] sinf(6.40524) -> 0.121749
[Bridge] Call: glLoadMatrixf
[Bridge] Call: glEnable
[Bridge] Call: glMaterialfv
[Bridge] Call: glMaterialfv
[Bridge] Call: glBindTexture
[Bridge] Call: glVertexPointer
[Bridge] Call: glNormalPointer
[Bridge] Call: glTexCoordPointer
[Bridge] Call: glDisableClientState
[Bridge] Call: glDisableClientState
[Bridge] Call: glDisableClientState
[Bridge] Call: glEnableClientState
[Bridge] Call: glEnableClientState
[Bridge] Call: glEnableClientState
[Bridge] Call: glDrawElements
[Bridge] Call: glDisable
[Math] cosf(4.87273) -> 0.159658
[Math] sinf(4.87273) -> -0.987172
[Bridge] Call: glLoadMatrixf
[Bridge] Call: glEnable
[Bridge] Call: glMaterialfv
[Bridge] Call: glMaterialfv
[Bridge] Call: glBindTexture
[Bridge] Call: glVertexPointer
[Bridge] Call: glNormalPointer
[Bridge] Call: glTexCoordPointer
[Bridge] Call: glDisableClientState
[Bridge] Call: glDisableClientState
[Bridge] Call: glDisableClientState
[Bridge] Call: glEnableClientState
[Bridge] Call: glEnableClientState
[Bridge] Call: glEnableClientState
[Bridge] Call: glDrawElements
[Bridge] Call: glMaterialfv
[Bridge] Call: glMaterialfv
[Bridge] Call: glBindTexture
[Bridge] Call: glVertexPointer
[Bridge] Call: glNormalPointer
[Bridge] Call: glTexCoordPointer
[Bridge] Call: glDisableClientState
[Bridge] Call: glDisableClientState
[Bridge] Call: glDisableClientState
[Bridge] Call: glEnableClientState
[Bridge] Call: glEnableClientState
[Bridge] Call: glEnableClientState
[Bridge] Call: glDrawElements
[Bridge] Call: glMaterialfv
[Bridge] Call: glMaterialfv
[Bridge] Call: glVertexPointer
[Bridge] Call: glNormalPointer
[Bridge] Call: glTexCoordPointer
[Bridge] Call: glDisableClientState
[Bridge] Call: glDisableClientState
[Bridge] Call: glDisableClientState
[Bridge] Call: glEnableClientState
[Bridge] Call: glEnableClientState
[Bridge] Call: glEnableClientState
[Bridge] Call: glDrawElements
[Bridge] Call: glDisable
[Math] cosf(0) -> 1
[Math] sinf(0) -> 0
[Math] cosf(0.785398) -> 0.707107
[Math] sinf(0.785398) -> 0.707107
[Bridge] Call: glLoadMatrixf
[Bridge] Call: glEnable
[Bridge] Call: glMaterialfv
[Bridge] Call: glMaterialfv
[Bridge] Call: glBindTexture
[Bridge] Call: glVertexPointer
[Bridge] Call: glNormalPointer
[Bridge] Call: glTexCoordPointer
[Bridge] Call: glDisableClientState
[Bridge] Call: glDisableClientState
[Bridge] Call: glDisableClientState
[Bridge] Call: glEnableClientState
[Bridge] Call: glEnableClientState
[Bridge] Call: glEnableClientState
[Bridge] Call: glDrawElements
[Bridge] Call: glMaterialfv
[Bridge] Call: glMaterialfv
[Bridge] Call: glVertexPointer
[Bridge] Call: glNormalPointer
[Bridge] Call: glTexCoordPointer
[Bridge] Call: glDisableClientState
[Bridge] Call: glDisableClientState
[Bridge] Call: glDisableClientState
[Bridge] Call: glEnableClientState
[Bridge] Call: glEnableClientState
[Bridge] Call: glEnableClientState
[Bridge] Call: glDrawElements
[Bridge] Call: glMaterialfv
[Bridge] Call: glMaterialfv
[Bridge] Call: glVertexPointer
[Bridge] Call: glNormalPointer
[Bridge] Call: glTexCoordPointer
[Bridge] Call: glDisableClientState
[Bridge] Call: glDisableClientState
[Bridge] Call: glDisableClientState
[Bridge] Call: glEnableClientState
[Bridge] Call: glEnableClientState
[Bridge] Call: glEnableClientState
[Bridge] Call: glDrawElements
[Bridge] Call: glMaterialfv
[Bridge] Call: glMaterialfv
[Bridge] Call: glVertexPointer
[Bridge] Call: glNormalPointer
[Bridge] Call: glTexCoordPointer
[Bridge] Call: glDisableClientState
[Bridge] Call: glDisableClientState
[Bridge] Call: glDisableClientState
[Bridge] Call: glEnableClientState
[Bridge] Call: glEnableClientState
[Bridge] Call: glEnableClientState
[Bridge] Call: glDrawElements
[Bridge] Call: glMaterialfv
[Bridge] Call: glMaterialfv
[Bridge] Call: glVertexPointer
[Bridge] Call: glNormalPointer
[Bridge] Call: glTexCoordPointer
[Bridge] Call: glDisableClientState
[Bridge] Call: glDisableClientState
[Bridge] Call: glDisableClientState
[Bridge] Call: glEnableClientState
[Bridge] Call: glEnableClientState
[Bridge] Call: glEnableClientState
[Bridge] Call: glDrawElements
[Bridge] Call: glMaterialfv
[Bridge] Call: glMaterialfv
[Bridge] Call: glVertexPointer
[Bridge] Call: glNormalPointer
[Bridge] Call: glTexCoordPointer
[Bridge] Call: glDisableClientState
[Bridge] Call: glDisableClientState
[Bridge] Call: glDisableClientState
[Bridge] Call: glEnableClientState
[Bridge] Call: glEnableClientState
[Bridge] Call: glEnableClientState
[Bridge] Call: glDrawElements
[Bridge] Call: glDisable
[Bridge] Call: glEnable
[Bridge] Call: glDepthMask
[Bridge] Call: glDepthMask
[Bridge] Call: glDisable
[Bridge] Call: glMatrixMode
[Bridge] Call: glLoadMatrixf
[Bridge] Call: glMatrixMode
[Bridge] Call: glLoadIdentity
[Bridge] Call: glDisable
[Bridge] Call: glDisable
[Bridge] Call: glDisableClientState
[Bridge] Call: glDisableClientState
[Bridge] Call: glDisableClientState
[Bridge] Call: glEnableClientState
[Bridge] Call: glEnableClientState
[Bridge] Call: glVertexPointer
[Bridge] Call: glColorPointer
[Bridge] Call: glDisableClientState
[Bridge] Call: glDisableClientState
[Bridge] Call: glEnableClientState
[Bridge] Call: glEnableClientState
[Bridge] Call: glColor4ub
[Bridge] Call: glDrawElements
[Bridge] Call: glLightModelfv
[Bridge] Call: glDisable
[Bridge] Call: glMatrixMode
[Bridge] Call: glLoadMatrixf
[Bridge] Call: glMatrixMode
[Bridge] Call: glLoadMatrixf
[Bridge] Call: glEnable
[Bridge] Call: glDisableClientState
[Bridge] Call: glDisableClientState
[Bridge] Call: glEnableClientState
[Bridge] Call: glEnableClientState
[Bridge] Call: glEnable
[Bridge] Call: glDepthFunc
[Bridge] Call: glLoadMatrixf
[Bridge] Call: glBindTexture
[Bridge] Call: glVertexPointer
[Bridge] Call: glNormalPointer
[Bridge] Call: glTexCoordPointer
[Bridge] Call: glDisableClientState
[Bridge] Call: glDisableClientState
[Bridge] Call: glEnableClientState
[Bridge] Call: glEnableClientState
[Bridge] Call: glEnableClientState
[Bridge] Call: glColor4ub
[Bridge] Call: glDrawElements
[Bridge] Call: glBindTexture
[Bridge] Call: glVertexPointer
[Bridge] Call: glNormalPointer
[Bridge] Call: glTexCoordPointer
[Bridge] Call: glDisableClientState
[Bridge] Call: glDisableClientState
[Bridge] Call: glDisableClientState
[Bridge] Call: glEnableClientState
[Bridge] Call: glEnableClientState
[Bridge] Call: glEnableClientState
[Bridge] Call: glDrawElements
[Math] cosf(0) -> 1
[Math] sinf(0) -> 0
[Bridge] Call: glLoadMatrixf
[Bridge] Call: glBindTexture
[Bridge] Call: glVertexPointer
[Bridge] Call: glNormalPointer
[Bridge] Call: glTexCoordPointer
[Bridge] Call: glDisableClientState
[Bridge] Call: glDisableClientState
[Bridge] Call: glDisableClientState
[Bridge] Call: glEnableClientState
[Bridge] Call: glEnableClientState
[Bridge] Call: glEnableClientState
[Bridge] Call: glColor4ub
[Bridge] Call: glDrawElements
[Bridge] Call: glBlendFunc
[Bridge] Call: glDepthFunc
[Bridge] Call: glMatrixMode
[Bridge] Call: glLoadMatrixf
[Bridge] Call: glMatrixMode
[Bridge] Call: glLoadIdentity
[Bridge] Call: glDisable
[DEBUG] Prepare @ 0x11d4a8a: s0=-0.987891 (0xbf7ce665)
[DEBUG] Prepare @ 0x11d4ada: s18=-11868.5 s4=-1
[Bridge] Call: tanf
[Math] tanf(0.174533) -> 0.176327
[Bridge] Call: glLoadMatrixf
[Bridge] Call: glVertexPointer
[Bridge] Call: glTexCoordPointer
[Bridge] Call: glColor4ub
[Bridge] Call: glDrawElements
[Bridge] Call: glMatrixMode
[Bridge] Call: glLoadMatrixf
[Bridge] Call: glMatrixMode
[Bridge] Call: glDisable
[Bridge] Call: glDepthMask
[Bridge] Call: glEnable
[Bridge] Call: glDisableClientState
[Bridge] Call: glDisableClientState
[Bridge] Call: glDisableClientState
[Bridge] Call: glEnableClientState
[Bridge] Call: glEnableClientState
[Bridge] Call: glEnableClientState
[Math] cosf(0) -> 1
[Math] sinf(0) -> 0
[Math] floorf(21.4862) -> 21
[Math] floorf(22.0383) -> 22
[Math] floorf(0.495074) -> 0
[Math] floorf(1.90224) -> 1
[Bridge] Call: glLoadMatrixf
[Bridge] Call: glBindTexture
[Bridge] Call: glVertexPointer
[Bridge] Call: glTexCoordPointer
[Bridge] Call: glColorPointer
[Bridge] Call: glDrawArrays
[Bridge] Call: glDisable
[Bridge] Call: glDisableClientState
[Bridge] Call: glDisableClientState
[Bridge] Call: glDisableClientState
[Bridge] Call: glEnableClientState
[Bridge] Call: glEnableClientState
[Bridge] Call: glLoadMatrixf
[Bridge] Call: glVertexPointer
[Bridge] Call: glColorPointer
[Bridge] Call: glColor4ub
[Bridge] Call: glDrawElements
[Bridge] Call: glEnable
[Bridge] Call: glDisableClientState
[Bridge] Call: glDisableClientState
[Bridge] Call: glEnableClientState
[Bridge] Call: glEnableClientState
[Bridge] Call: glEnableClientState
[Math] sinf(3.70656) -> -0.535387
[Math] cosf(3.70656) -> -0.844607
[Math] sinf(3.27926) -> -0.137228
[Math] cosf(3.27926) -> -0.990539
[Math] sinf(5.08945) -> -0.929749
[Math] cosf(5.08945) -> 0.368193
[Math] sinf(1.59797) -> 0.999631
[Math] cosf(1.59797) -> -0.0271708
[Math] sinf(5.78415) -> -0.478579
[Math] cosf(5.78415) -> 0.878044
[Math] sinf(2.36653) -> 0.699764
[Math] cosf(2.36653) -> -0.714374
[Math] sinf(5.47705) -> -0.721621
[Math] cosf(5.47705) -> 0.692289
[Math] sinf(4.53685) -> -0.984632
[Math] cosf(4.53685) -> -0.174639
[Math] sinf(2.43286) -> 0.650871
[Math] cosf(2.43286) -> -0.759188
[Math] sinf(1.59818) -> 0.999625
[Math] cosf(1.59818) -> -0.0273753
[Math] sinf(4.39947) -> -0.95144
[Math] cosf(4.39947) -> -0.307835
[Math] sinf(4.56269) -> -0.988816
[Math] cosf(4.56269) -> -0.14914
[Math] sinf(3.92428) -> -0.705189
[Math] cosf(3.92428) -> -0.709019
[Math] sinf(3.89881) -> -0.686899
[Math] cosf(3.89881) -> -0.726752
[Math] sinf(5.02499) -> -0.951538
[Math] cosf(5.02499) -> 0.307531
[Math] sinf(2.8143) -> 0.321484
[Math] cosf(2.8143) -> -0.946915
[Math] sinf(2.9214) -> 0.218419
[Math] cosf(2.9214) -> -0.975855
[Math] sinf(2.65197) -> 0.470296
[Math] cosf(2.65197) -> -0.882509
[Math] sinf(5.13188) -> -0.913295
[Math] cosf(5.13188) -> 0.407299
[Math] sinf(2.32579) -> 0.728278
[Math] cosf(2.32579) -> -0.685281
[Math] sinf(5.9357) -> -0.340533
[Math] cosf(5.9357) -> 0.940233
[Math] sinf(1.30424) -> 0.964683
[Math] cosf(1.30424) -> 0.263414
[Math] sinf(4.95332) -> -0.971117
[Math] cosf(4.95332) -> 0.238603
[Math] sinf(1.98153) -> 0.91683
[Math] cosf(1.98153) -> -0.399278
[Math] sinf(3.66535) -> -0.500136
[Math] cosf(3.66535) -> -0.865947
[Math] sinf(1.52548) -> 0.998973
[Math] cosf(1.52548) -> 0.0453054
[Math] sinf(5.90522) -> -0.369032
[Math] cosf(5.90522) -> 0.929417
[Math] sinf(5.45447) -> -0.737062
[Math] cosf(5.45447) -> 0.675825
[Math] sinf(3.51012) -> -0.360242
[Math] cosf(3.51012) -> -0.932859
[Math] sinf(1.78475) -> 0.977199
[Math] cosf(1.78475) -> -0.212327
[Math] sinf(3.69037) -> -0.521645
[Math] cosf(3.69037) -> -0.853163
[Math] sinf(3.13982) -> 0.00177255
[Math] cosf(3.13982) -> -0.999998
[Math] sinf(1.29892) -> 0.96327
[Math] cosf(1.29892) -> 0.268535
[Math] sinf(3.36339) -> -0.219985
[Math] cosf(3.36339) -> -0.975503
[Math] sinf(0.722966) -> 0.661612
[Math] cosf(0.722966) -> 0.749847
[Math] sinf(3.66638) -> -0.501026
[Math] cosf(3.66638) -> -0.865432
[Math] sinf(2.49739) -> 0.600558
[Math] cosf(2.49739) -> -0.799581
[Math] sinf(4.32903) -> -0.927415
[Math] cosf(4.32903) -> -0.374033
[Math] sinf(0.610179) -> 0.573014
[Math] cosf(0.610179) -> 0.819546
[Math] sinf(3.39185) -> -0.24765
[Math] cosf(3.39185) -> -0.96885
[Math] sinf(0.683883) -> 0.631807
[Math] cosf(0.683883) -> 0.775126
[Math] sinf(5.53783) -> -0.678231
[Math] cosf(5.53783) -> 0.734849
[Math] sinf(5.89572) -> -0.377839
[Math] cosf(5.89572) -> 0.925871
[Math] sinf(2.24953) -> 0.778368
[Math] cosf(2.24953) -> -0.627808
[Math] sinf(2.73296) -> 0.397353
[Math] cosf(2.73296) -> -0.917666
[Math] sinf(4.6902) -> -0.999754
[Math] cosf(4.6902) -> -0.0221911
[Math] sinf(2.56655) -> 0.543873
[Math] cosf(2.56655) -> -0.839167
[Math] sinf(0.995881) -> 0.839238
[Math] cosf(0.995881) -> 0.543764
[Bridge] Call: glLoadMatrixf
[Bridge] Call: glBindTexture
[Bridge] Call: glVertexPointer
[Bridge] Call: glTexCoordPointer
[Bridge] Call: glColorPointer
[Bridge] Call: glDisableClientState
[Bridge] Call: glDisableClientState
[Bridge] Call: glDisableClientState
[Bridge] Call: glEnableClientState
[Bridge] Call: glEnableClientState
[Bridge] Call: glEnableClientState
[Bridge] Call: glColor4ub
[Bridge] Call: glDrawElements
[Math] sinf(3.35398) -> -0.210794
[Math] cosf(3.35398) -> -0.977531
[Math] sinf(1.35827) -> 0.977502
[Math] cosf(1.35827) -> 0.210928
[Bridge] Call: glLoadMatrixf
[Bridge] Call: glVertexPointer
[Bridge] Call: glTexCoordPointer
[Bridge] Call: glColorPointer
[Bridge] Call: glDisableClientState
[Bridge] Call: glDisableClientState
[Bridge] Call: glDisableClientState
[Bridge] Call: glEnableClientState
[Bridge] Call: glEnableClientState
[Bridge] Call: glEnableClientState
[Bridge] Call: glColor4ub
[Bridge] Call: glDrawElements
[Bridge] Call: glDisableClientState
[Bridge] Call: glDisableClientState
[Bridge] Call: glDisableClientState
[Bridge] Call: glEnableClientState
[Bridge] Call: glEnableClientState
[Bridge] Call: glDepthMask
[Bridge] Call: glDisable
[Bridge] Call: glMatrixMode
[Bridge] Call: glLoadMatrixf
[Bridge] Call: glMatrixMode
[Bridge] Call: glMatrixMode
[Bridge] Call: glLoadMatrixf
[Bridge] Call: glMatrixMode
[Bridge] Call: glLoadIdentity
[Bridge] Call: glBindTexture
[Bridge] Call: glVertexPointer
[Bridge] Call: glTexCoordPointer
[Bridge] Call: glColor4ub
[Bridge] Call: glDrawArrays
[Bridge] Call: glMatrixMode
[Bridge] Call: glLoadMatrixf
[Bridge] Call: glMatrixMode
[Bridge] Call: glLoadMatrixf
[Bridge] Call: glDisableClientState
[Bridge] Call: glDisableClientState
[Bridge] Call: glEnableClientState
[Bridge] Call: glEnableClientState
[Bridge] Call: glEnableClientState
[Bridge] Call: glBindTexture
[Bridge] Call: glVertexPointer
[Bridge] Call: glColorPointer
[Bridge] Call: glTexCoordPointer
[Bridge] Call: glDrawElements
[Math] roundf(103) -> 103
[Math] roundf(34) -> 34
[Bridge] Call: glLoadMatrixf
[Bridge] Call: glMatrixMode
[Bridge] Call: glLoadMatrixf
[Bridge] Call: glMatrixMode
[Bridge] Call: glLoadMatrixf
[Bridge] Call: glBlendFunc
[Bridge] Call: glBindTexture
[Bridge] Call: glVertexPointer
[Bridge] Call: glColorPointer
[Bridge] Call: glTexCoordPointer
[Bridge] Call: glDrawArrays
[Bridge] Call: glMatrixMode
[Bridge] Call: glLoadMatrixf
[Bridge] Call: glMatrixMode
[Bridge] Call: glLoadMatrixf
[Bridge] Call: glBlendFunc
[Bridge] Call: glBindTexture
[Bridge] Call: glVertexPointer
[Bridge] Call: glColorPointer
[Bridge] Call: glTexCoordPointer
[Bridge] Call: glDrawElements
[Math] roundf(118) -> 118
[Math] roundf(34) -> 34
[Bridge] Call: glLoadMatrixf
[Bridge] Call: glMatrixMode
[Bridge] Call: glLoadMatrixf
[Bridge] Call: glMatrixMode
[Bridge] Call: glLoadMatrixf
[Bridge] Call: glBlendFunc
[Bridge] Call: glBindTexture
[Bridge] Call: glVertexPointer
[Bridge] Call: glColorPointer
[Bridge] Call: glTexCoordPointer
[Bridge] Call: glDrawArrays
[Bridge] Call: glMatrixMode
[Bridge] Call: glLoadMatrixf
[Bridge] Call: glMatrixMode
[Bridge] Call: glLoadMatrixf
[Bridge] Call: glBlendFunc
[Bridge] Call: glBindTexture
[Bridge] Call: glVertexPointer
[Bridge] Call: glColorPointer
[Bridge] Call: glTexCoordPointer
[Bridge] Call: glDrawElements
[Math] roundf(105.5) -> 106
[Math] roundf(34) -> 34
[Bridge] Call: glLoadMatrixf
[Bridge] Call: glMatrixMode
[Bridge] Call: glLoadMatrixf
[Bridge] Call: glMatrixMode
[Bridge] Call: glLoadMatrixf
[Bridge] Call: glBlendFunc
[Bridge] Call: glBindTexture
[Bridge] Call: glVertexPointer
[Bridge] Call: glColorPointer
[Bridge] Call: glTexCoordPointer
[Bridge] Call: glDrawArrays
[Bridge] Call: glMatrixMode
[Bridge] Call: glLoadMatrixf
[Bridge] Call: glMatrixMode
[Bridge] Call: glLoadMatrixf
[Bridge] Call: glBlendFunc
[Bridge] Call: glBindTexture
[Bridge] Call: glVertexPointer
[Bridge] Call: glColorPointer
[Bridge] Call: glTexCoordPointer
[Bridge] Call: glDrawElements
[Math] roundf(110.5) -> 111
[Math] roundf(34) -> 34
[Bridge] Call: glLoadMatrixf
[Bridge] Call: glMatrixMode
[Bridge] Call: glLoadMatrixf
[Bridge] Call: glMatrixMode
[Bridge] Call: glLoadMatrixf
[Bridge] Call: glBlendFunc
[Bridge] Call: glBindTexture
[Bridge] Call: glVertexPointer
[Bridge] Call: glColorPointer
[Bridge] Call: glTexCoordPointer
[Bridge] Call: glDrawArrays
[Bridge] Call: glMatrixMode
[Bridge] Call: glLoadMatrixf
[Bridge] Call: glMatrixMode
[Bridge] Call: glLoadMatrixf
[Math] roundf(16) -> 16
[Math] roundf(16) -> 16
[Bridge] Call: glLoadMatrixf
[Bridge] Call: glBlendFunc
[Bridge] Call: glDisableClientState
[Bridge] Call: glDisableClientState
[Bridge] Call: glDisableClientState
[Bridge] Call: glEnableClientState
[Bridge] Call: glEnableClientState
[Bridge] Call: glBindTexture
[Bridge] Call: glVertexPointer
[Bridge] Call: glTexCoordPointer
[Bridge] Call: glColor4ub
[Bridge] Call: glDrawArrays
[Bridge] Call: glMatrixMode
[Bridge] Call: glLoadMatrixf
[Bridge] Call: glMatrixMode
[Bridge] Call: glLoadMatrixf
[Bridge] Call: glMatrixMode
[Bridge] Call: glLoadMatrixf
[Bridge] Call: glMatrixMode
[Bridge] Call: glLoadMatrixf
[Math] roundf(16) -> 16
[Math] roundf(16) -> 16
[Bridge] Call: glLoadMatrixf
[Bridge] Call: glVertexPointer
[Bridge] Call: glTexCoordPointer
[Bridge] Call: glDrawArrays
[Bridge] Call: glMatrixMode
[Bridge] Call: glLoadMatrixf
[Bridge] Call: glMatrixMode
[Bridge] Call: glLoadMatrixf
[Bridge] Call: glMatrixMode
[Bridge] Call: glLoadMatrixf
[Bridge] Call: glMatrixMode
[Bridge] Call: glLoadMatrixf
[Bridge] Call: glDisableClientState
[Bridge] Call: glDisableClientState
[Bridge] Call: glEnableClientState
[Bridge] Call: glEnableClientState
[Bridge] Call: glEnableClientState
[Bridge] Call: glBindTexture
[Bridge] Call: glVertexPointer
[Bridge] Call: glColorPointer
[Bridge] Call: glTexCoordPointer
[Bridge] Call: glDrawElements
[Math] roundf(25) -> 25
[Math] roundf(25) -> 25
[Bridge] Call: glLoadMatrixf
[Bridge] Call: glMatrixMode
[Bridge] Call: glLoadMatrixf
[Bridge] Call: glMatrixMode
[Bridge] Call: glLoadMatrixf
[Bridge] Call: glMatrixMode
[Bridge] Call: glLoadMatrixf
[Bridge] Call: glMatrixMode
[Bridge] Call: glLoadMatrixf
[Bridge] Call: glVertexPointer
[Bridge] Call: glColorPointer
[Bridge] Call: glTexCoordPointer
[Bridge] Call: glDrawElements
[Math] roundf(25) -> 25
[Math] roundf(25) -> 25
[Bridge] Call: glLoadMatrixf
[Bridge] Call: glMatrixMode
[Bridge] Call: glLoadMatrixf
[Bridge] Call: glMatrixMode
[Bridge] Call: glLoadMatrixf
[Bridge] Call: glMatrixMode
[Bridge] Call: glLoadMatrixf
[Bridge] Call: glMatrixMode
[Bridge] Call: glLoadMatrixf
[Math] roundf(39.5) -> 40
[Math] roundf(4) -> 4
[Bridge] Call: glLoadMatrixf
[Bridge] Call: glMatrixMode
[Bridge] Call: glLoadMatrixf
[Bridge] Call: glMatrixMode
[Bridge] Call: glLoadMatrixf
[Bridge] Call: glBlendFunc
[Bridge] Call: glBindTexture
[Bridge] Call: glVertexPointer
[Bridge] Call: glColorPointer
[Bridge] Call: glTexCoordPointer
[Bridge] Call: glDrawArrays
[Bridge] Call: glMatrixMode
[Bridge] Call: glLoadMatrixf
[Bridge] Call: glMatrixMode
[Bridge] Call: glLoadIdentity
[Bridge] Call: glBlendFunc
[Bridge] Call: glDisable
[Bridge] Call: glDisableClientState
[Bridge] Call: glDisableClientState
[Bridge] Call: glDisableClientState
[Bridge] Call: glEnableClientState
[Bridge] Call: glVertexPointer
[Bridge] Call: glColor4ub
[Bridge] Call: glDrawArrays
[Bridge] Call: glMatrixMode
[Bridge] Call: glLoadMatrixf
[Bridge] Call: glMatrixMode
[Bridge] Call: glLoadIdentity
[Bridge] Call: glEnable
[Bridge] Call: glDisableClientState
[Bridge] Call: glEnableClientState
[Bridge] Call: glEnableClientState
[Bridge] Call: glEnableClientState
[Bridge] Call: glBindTexture
[Bridge] Call: glVertexPointer
[Bridge] Call: glColorPointer
[Bridge] Call: glTexCoordPointer
[Bridge] Call: glDrawElements
[Bridge] Call: glMatrixMode
[Bridge] Call: glLoadMatrixf
[Bridge] Call: glMatrixMode
[Bridge] Call: glLoadMatrixf
[Bridge] Call: glBlendFunc
[Bridge] Call: glBindTexture
[Bridge] Call: glVertexPointer
[Bridge] Call: glColorPointer
[Bridge] Call: glTexCoordPointer
[Bridge] Call: glDrawArrays
[Bridge] Call: glMatrixMode
[Bridge] Call: glLoadMatrixf
[Bridge] Call: glMatrixMode
[Bridge] Call: glLoadMatrixf
[Bridge] Call: glBlendFunc
[Bridge] Call: glBindTexture
[Bridge] Call: glVertexPointer
[Bridge] Call: glColorPointer
[Bridge] Call: glTexCoordPointer
[Bridge] Call: glDrawElements
[Math] roundf(50) -> 50
[Math] roundf(18) -> 18
[Bridge] Call: glLoadMatrixf
[Bridge] Call: glMatrixMode
[Bridge] Call: glLoadMatrixf
[Bridge] Call: glMatrixMode
[Bridge] Call: glLoadMatrixf
[Bridge] Call: glBlendFunc
[Bridge] Call: glBindTexture
[Bridge] Call: glVertexPointer
[Bridge] Call: glColorPointer
[Bridge] Call: glTexCoordPointer
[Bridge] Call: glDrawArrays
[Bridge] Call: glMatrixMode
[Bridge] Call: glLoadMatrixf
[Bridge] Call: glMatrixMode
[Bridge] Call: glLoadIdentity
[Bridge] Call: glBlendFunc
[Bridge] Call: glBindTexture
[Bridge] Call: glVertexPointer
[Bridge] Call: glColorPointer
[Bridge] Call: glTexCoordPointer
[Bridge] Call: glDrawElements
[Bridge] Call: glMatrixMode
[Bridge] Call: glLoadMatrixf
[Bridge] Call: glMatrixMode
[Bridge] Call: glLoadIdentity
[Bridge] Call: glVertexPointer
[Bridge] Call: glColorPointer
[Bridge] Call: glTexCoordPointer
[Bridge] Call: glDrawElements
[Bridge] Call: glMatrixMode
[Bridge] Call: glLoadMatrixf
[Bridge] Call: glMatrixMode
[Bridge] Call: glLoadMatrixf
[Bridge] Call: glBlendFunc
[Bridge] Call: glBindTexture
[Bridge] Call: glVertexPointer
[Bridge] Call: glColorPointer
[Bridge] Call: glTexCoordPointer
[Bridge] Call: glDrawArrays
[Bridge] Call: glMatrixMode
[Bridge] Call: glLoadMatrixf
[Bridge] Call: glMatrixMode
[Bridge] Call: glLoadIdentity
[Bridge] Call: glBlendFunc
[Bridge] Call: glBindTexture
[Bridge] Call: glVertexPointer
[Bridge] Call: glColorPointer
[Bridge] Call: glTexCoordPointer
[Bridge] Call: glDrawElements
[Bridge] Call: glMatrixMode
[Bridge] Call: glLoadMatrixf
[Bridge] Call: glMatrixMode
[Bridge] Call: glLoadIdentity
[Bridge] Call: glBindTexture
[Bridge] Call: glVertexPointer
[Bridge] Call: glColorPointer
[Bridge] Call: glTexCoordPointer
[Bridge] Call: glDrawElements
[Bridge] Call: glMatrixMode
[Bridge] Call: glLoadMatrixf
[Bridge] Call: glMatrixMode
[Bridge] Call: glLoadIdentity
[Bridge] Call: glVertexPointer
[Bridge] Call: glColorPointer
[Bridge] Call: glTexCoordPointer
[Bridge] Call: glDrawElements
[Math] roundf(0) -> 0
[Math] roundf(0) -> 0
[Math] roundf(800) -> 800
[Math] roundf(480) -> 480
[Bridge] Call: glViewport
[Bridge] Call: glMatrixMode
[Bridge] Call: glLoadMatrixf
[Bridge] Call: glMatrixMode
[Emulator] Function executed 197543 instructions
[Emulator] Function returned with R0=0x0
[Emulator] Calling guest function at 0x12f3d2d
[Bridge] Call: GetStaticMethodID
[JNI] GetMethodID: isAgeKnown -> 0x13170001
[Bridge] Call: CallStaticBooleanMethodV
[JNI] CallStaticBooleanMethodV(mid=0x13170001) -> 0
[STR] strlen(str=0x142dd29) -> "Privacy Policy"
[MEM] memcpy(dest=0x20eb503c, src=0x142dd29, n=14)
[Math] cosf(0) -> 1
[Math] sinf(0) -> 0
[Bridge] Call: tanf
[Math] tanf(0.349066) -> 0.36397
[Bridge] Call: tanf
[Math] tanf(0.349066) -> 0.36397
[Math] floorf(11.6714) -> 11
[Math] floorf(16.1297) -> 16
[Math] floorf(0.235495) -> 0
[Math] floorf(3.52581) -> 3
[Math] floorf(2.09227) -> 2
[Math] floorf(4.85797) -> 4
[Math] floorf(-0.866895) -> -1
[Math] floorf(0.932087) -> 0
[Bridge] Call: sin
[Bridge] Call: cos
[Bridge] Call: sin
[Bridge] Call: cos
[Math] cosf(0) -> 1
[Math] sinf(0) -> 0
[Math] cosf(0.785398) -> 0.707107
[Math] sinf(0.785398) -> 0.707107
[Math] atan2f(-0.102987, 1.21736) -> -0.0843977
[Math] atan2f(-0.102987, 1.21736) -> -0.0843977
[Emulator] Function executed 26751 instructions
[Emulator] Function returned with R0=0x0
[Emulator] Calling guest function at 0x12f3d45
[Math] roundf(0) -> 0
[Math] roundf(0) -> 0
[Math] roundf(800) -> 800
[Math] roundf(480) -> 480
[Bridge] Call: glViewport
[Bridge] Call: glClearColor
[Bridge] Call: glClear
[Math] cosf(0) -> 1
[Math] sinf(0) -> 0
[Bridge] Call: glMatrixMode
[Bridge] Call: glLoadMatrixf
[Bridge] Call: glMatrixMode
[Bridge] Call: glLoadIdentity
[Bridge] Call: glMatrixMode
[Bridge] Call: glLoadMatrixf
[Bridge] Call: glMatrixMode
[Bridge] Call: glEnable
[Bridge] Call: glEnable
[Bridge] Call: glLoadMatrixf
[Bridge] Call: glEnable
[Bridge] Call: glLightfv
[Bridge] Call: glLightfv
[Bridge] Call: glLightfv
[Bridge] Call: glLightModelfv
[Bridge] Call: glDisable
[Bridge] Call: glEnable
[Bridge] Call: glDisableClientState
[Bridge] Call: glDisableClientState
[Bridge] Call: glDisableClientState
[Bridge] Call: glEnableClientState
[Bridge] Call: glEnableClientState
[Math] cosf(0) -> 1
[Math] sinf(0) -> 0
[Bridge] Call: glLoadMatrixf
[Bridge] Call: glMaterialfv
[Bridge] Call: glMaterialfv
[Bridge] Call: glLoadMatrixf
[Math] cosf(0) -> 1
[Math] sinf(0) -> 0
[Bridge] Call: glLoadMatrixf
[Bridge] Call: glMaterialfv
[Bridge] Call: glMaterialfv
[Bridge] Call: glBindTexture
[Bridge] Call: glVertexPointer
[Bridge] Call: glNormalPointer
[Bridge] Call: glTexCoordPointer
[Bridge] Call: glDisableClientState
[Bridge] Call: glDisableClientState
[Bridge] Call: glEnableClientState
[Bridge] Call: glEnableClientState
[Bridge] Call: glEnableClientState
[Bridge] Call: glColor4ub
[Bridge] Call: glDrawElements
[Bridge] Call: glVertexPointer
[Bridge] Call: glNormalPointer
[Bridge] Call: glTexCoordPointer
[Bridge] Call: glDisableClientState
[Bridge] Call: glDisableClientState
[Bridge] Call: glDisableClientState
[Bridge] Call: glEnableClientState
[Bridge] Call: glEnableClientState
[Bridge] Call: glEnableClientState
[Bridge] Call: glDrawElements
[Bridge] Call: glVertexPointer
[Bridge] Call: glNormalPointer
[Bridge] Call: glTexCoordPointer
[Bridge] Call: glDisableClientState
[Bridge] Call: glDisableClientState
[Bridge] Call: glDisableClientState
[Bridge] Call: glEnableClientState
[Bridge] Call: glEnableClientState
[Bridge] Call: glEnableClientState
[Bridge] Call: glDrawElements
[Bridge] Call: glVertexPointer
[Bridge] Call: glNormalPointer
[Bridge] Call: glTexCoordPointer
[Bridge] Call: glDisableClientState
[Bridge] Call: glDisableClientState
[Bridge] Call: glDisableClientState
[Bridge] Call: glEnableClientState
[Bridge] Call: glEnableClientState
[Bridge] Call: glEnableClientState
[Bridge] Call: glDrawElements
[Bridge] Call: glVertexPointer
[Bridge] Call: glNormalPointer
[Bridge] Call: glTexCoordPointer
[Bridge] Call: glDisableClientState
[Bridge] Call: glDisableClientState
[Bridge] Call: glDisableClientState
[Bridge] Call: glEnableClientState
[Bridge] Call: glEnableClientState
[Bridge] Call: glEnableClientState
[Bridge] Call: glDrawElements
[Bridge] Call: glVertexPointer
[Bridge] Call: glNormalPointer
[Bridge] Call: glTexCoordPointer
[Bridge] Call: glDisableClientState
[Bridge] Call: glDisableClientState
[Bridge] Call: glDisableClientState
[Bridge] Call: glEnableClientState
[Bridge] Call: glEnableClientState
[Bridge] Call: glEnableClientState
[Bridge] Call: glDrawElements
[Bridge] Call: glVertexPointer
[Bridge] Call: glNormalPointer
[Bridge] Call: glTexCoordPointer
[Bridge] Call: glDisableClientState
[Bridge] Call: glDisableClientState
[Bridge] Call: glDisableClientState
[Bridge] Call: glEnableClientState
[Bridge] Call: glEnableClientState
[Bridge] Call: glEnableClientState
[Bridge] Call: glDrawElements
[Bridge] Call: glVertexPointer
[Bridge] Call: glNormalPointer
[Bridge] Call: glTexCoordPointer
[Bridge] Call: glDisableClientState
[Bridge] Call: glDisableClientState
[Bridge] Call: glDisableClientState
[Bridge] Call: glEnableClientState
[Bridge] Call: glEnableClientState
[Bridge] Call: glEnableClientState
[Bridge] Call: glDrawElements
[Bridge] Call: glVertexPointer
[Bridge] Call: glNormalPointer
[Bridge] Call: glTexCoordPointer
[Bridge] Call: glDisableClientState
[Bridge] Call: glDisableClientState
[Bridge] Call: glDisableClientState
[Bridge] Call: glEnableClientState
[Bridge] Call: glEnableClientState
[Bridge] Call: glEnableClientState
[Bridge] Call: glDrawElements
[Bridge] Call: glVertexPointer
[Bridge] Call: glNormalPointer
[Bridge] Call: glTexCoordPointer
[Bridge] Call: glDisableClientState
[Bridge] Call: glDisableClientState
[Bridge] Call: glDisableClientState
[Bridge] Call: glEnableClientState
[Bridge] Call: glEnableClientState
[Bridge] Call: glEnableClientState
[Bridge] Call: glDrawElements
[Bridge] Call: glVertexPointer
[Bridge] Call: glNormalPointer
[Bridge] Call: glTexCoordPointer
[Bridge] Call: glDisableClientState
[Bridge] Call: glDisableClientState
[Bridge] Call: glDisableClientState
[Bridge] Call: glEnableClientState
[Bridge] Call: glEnableClientState
[Bridge] Call: glEnableClientState
[Bridge] Call: glDrawElements
[Bridge] Call: glVertexPointer
[Bridge] Call: glNormalPointer
[Bridge] Call: glTexCoordPointer
[Bridge] Call: glDisableClientState
[Bridge] Call: glDisableClientState
[Bridge] Call: glDisableClientState
[Bridge] Call: glEnableClientState
[Bridge] Call: glEnableClientState
[Bridge] Call: glEnableClientState
[Bridge] Call: glDrawElements
[Bridge] Call: glVertexPointer
[Bridge] Call: glNormalPointer
[Bridge] Call: glTexCoordPointer
[Bridge] Call: glDisableClientState
[Bridge] Call: glDisableClientState
[Bridge] Call: glDisableClientState
[Bridge] Call: glEnableClientState
[Bridge] Call: glEnableClientState
[Bridge] Call: glEnableClientState
[Bridge] Call: glDrawElements
[Bridge] Call: glVertexPointer
[Bridge] Call: glNormalPointer
[Bridge] Call: glTexCoordPointer
[Bridge] Call: glDisableClientState
[Bridge] Call: glDisableClientState
[Bridge] Call: glDisableClientState
[Bridge] Call: glEnableClientState
[Bridge] Call: glEnableClientState
[Bridge] Call: glEnableClientState
[Bridge] Call: glDrawElements
[Bridge] Call: glLoadMatrixf
[Bridge] Call: glVertexPointer
[Bridge] Call: glNormalPointer
[Bridge] Call: glTexCoordPointer
[Bridge] Call: glDisableClientState
[Bridge] Call: glDisableClientState
[Bridge] Call: glDisableClientState
[Bridge] Call: glEnableClientState
[Bridge] Call: glEnableClientState
[Bridge] Call: glEnableClientState
[Bridge] Call: glDrawArrays
[Bridge] Call: glVertexPointer
[Bridge] Call: glNormalPointer
[Bridge] Call: glTexCoordPointer
[Bridge] Call: glDisableClientState
[Bridge] Call: glDisableClientState
[Bridge] Call: glDisableClientState
[Bridge] Call: glEnableClientState
[Bridge] Call: glEnableClientState
[Bridge] Call: glEnableClientState
[Bridge] Call: glDrawArrays
[Bridge] Call: glVertexPointer
[Bridge] Call: glNormalPointer
[Bridge] Call: glTexCoordPointer
[Bridge] Call: glDisableClientState
[Bridge] Call: glDisableClientState
[Bridge] Call: glDisableClientState
[Bridge] Call: glEnableClientState
[Bridge] Call: glEnableClientState
[Bridge] Call: glEnableClientState
[Bridge] Call: glDrawArrays
[Math] cosf(0) -> 1
[Math] sinf(0) -> 0
[Bridge] Call: glLoadMatrixf
[Bridge] Call: glMaterialfv
[Bridge] Call: glMaterialfv
[Bridge] Call: glBindTexture
[Bridge] Call: glVertexPointer
[Bridge] Call: glNormalPointer
[Bridge] Call: glTexCoordPointer
[Bridge] Call: glDisableClientState
[Bridge] Call: glDisableClientState
[Bridge] Call: glDisableClientState
[Bridge] Call: glEnableClientState
[Bridge] Call: glEnableClientState
[Bridge] Call: glEnableClientState
[Bridge] Call: glDrawElements
[Bridge] Call: glLoadMatrixf
[Bridge] Call: glVertexPointer
[Bridge] Call: glNormalPointer
[Bridge] Call: glTexCoordPointer
[Bridge] Call: glDisableClientState
[Bridge] Call: glDisableClientState
[Bridge] Call: glDisableClientState
[Bridge] Call: glEnableClientState
[Bridge] Call: glEnableClientState
[Bridge] Call: glEnableClientState
[Bridge] Call: glDrawArrays
[Math] cosf(0) -> 1
[Math] sinf(0) -> 0
[Bridge] Call: glLoadMatrixf
[Bridge] Call: glMaterialfv
[Bridge] Call: glMaterialfv
[Bridge] Call: glBindTexture
[Bridge] Call: glVertexPointer
[Bridge] Call: glNormalPointer
[Bridge] Call: glTexCoordPointer
[Bridge] Call: glDisableClientState
[Bridge] Call: glDisableClientState
[Bridge] Call: glDisableClientState
[Bridge] Call: glEnableClientState
[Bridge] Call: glEnableClientState
[Bridge] Call: glEnableClientState
[Bridge] Call: glDrawElements
[Bridge] Call: glLoadMatrixf
[Bridge] Call: glVertexPointer
[Bridge] Call: glNormalPointer
[Bridge] Call: glTexCoordPointer
[Bridge] Call: glDisableClientState
[Bridge] Call: glDisableClientState
[Bridge] Call: glDisableClientState
[Bridge] Call: glEnableClientState
[Bridge] Call: glEnableClientState
[Bridge] Call: glEnableClientState
[Bridge] Call: glDrawArrays
[Math] cosf(0) -> 1
[Math] sinf(0) -> 0
[Bridge] Call: glLoadMatrixf
[Bridge] Call: glMaterialfv
[Bridge] Call: glMaterialfv
[Bridge] Call: glBindTexture
[Bridge] Call: glVertexPointer
[Bridge] Call: glNormalPointer
[Bridge] Call: glTexCoordPointer
[Bridge] Call: glDisableClientState
[Bridge] Call: glDisableClientState
[Bridge] Call: glDisableClientState
[Bridge] Call: glEnableClientState
[Bridge] Call: glEnableClientState
[Bridge] Call: glEnableClientState
[Bridge] Call: glDrawElements
[Bridge] Call: glVertexPointer
[Bridge] Call: glNormalPointer
[Bridge] Call: glTexCoordPointer
[Bridge] Call: glDisableClientState
[Bridge] Call: glDisableClientState
[Bridge] Call: glDisableClientState
[Bridge] Call: glEnableClientState
[Bridge] Call: glEnableClientState
[Bridge] Call: glEnableClientState
[Bridge] Call: glDrawElements
[Bridge] Call: glVertexPointer
[Bridge] Call: glNormalPointer
[Bridge] Call: glTexCoordPointer
[Bridge] Call: glDisableClientState
[Bridge] Call: glDisableClientState
[Bridge] Call: glDisableClientState
[Bridge] Call: glEnableClientState
[Bridge] Call: glEnableClientState
[Bridge] Call: glEnableClientState
[Bridge] Call: glDrawElements
[Bridge] Call: glBindTexture
[Bridge] Call: glVertexPointer
[Bridge] Call: glNormalPointer
[Bridge] Call: glTexCoordPointer
[Bridge] Call: glDisableClientState
[Bridge] Call: glDisableClientState
[Bridge] Call: glDisableClientState
[Bridge] Call: glEnableClientState
[Bridge] Call: glEnableClientState
[Bridge] Call: glEnableClientState
[Bridge] Call: glDrawElements
[Bridge] Call: glVertexPointer
[Bridge] Call: glNormalPointer
[Bridge] Call: glTexCoordPointer
[Bridge] Call: glDisableClientState
[Bridge] Call: glDisableClientState
[Bridge] Call: glDisableClientState
[Bridge] Call: glEnableClientState
[Bridge] Call: glEnableClientState
[Bridge] Call: glEnableClientState
[Bridge] Call: glDrawElements
[Bridge] Call: glVertexPointer
[Bridge] Call: glNormalPointer
[Bridge] Call: glTexCoordPointer
[Bridge] Call: glDisableClientState
[Bridge] Call: glDisableClientState
[Bridge] Call: glDisableClientState
[Bridge] Call: glEnableClientState
[Bridge] Call: glEnableClientState
[Bridge] Call: glEnableClientState
[Bridge] Call: glDrawElements
[Bridge] Call: glLoadMatrixf
[Bridge] Call: glVertexPointer
[Bridge] Call: glNormalPointer
[Bridge] Call: glTexCoordPointer
[Bridge] Call: glDisableClientState
[Bridge] Call: glDisableClientState
[Bridge] Call: glDisableClientState
[Bridge] Call: glEnableClientState
[Bridge] Call: glEnableClientState
[Bridge] Call: glEnableClientState
[Bridge] Call: glDrawArrays
[Bridge] Call: glVertexPointer
[Bridge] Call: glNormalPointer
[Bridge] Call: glTexCoordPointer
[Bridge] Call: glDisableClientState
[Bridge] Call: glDisableClientState
[Bridge] Call: glDisableClientState
[Bridge] Call: glEnableClientState
[Bridge] Call: glEnableClientState
[Bridge] Call: glEnableClientState
[Bridge] Call: glDrawArrays
[Math] cosf(0) -> 1
[Math] sinf(0) -> 0
[Bridge] Call: glLoadMatrixf
[Bridge] Call: glMaterialfv
[Bridge] Call: glMaterialfv
[Bridge] Call: glVertexPointer
[Bridge] Call: glNormalPointer
[Bridge] Call: glTexCoordPointer
[Bridge] Call: glDisableClientState
[Bridge] Call: glDisableClientState
[Bridge] Call: glDisableClientState
[Bridge] Call: glEnableClientState
[Bridge] Call: glEnableClientState
[Bridge] Call: glEnableClientState
[Bridge] Call: glDrawElements
[Bridge] Call: glVertexPointer
[Bridge] Call: glNormalPointer
[Bridge] Call: glTexCoordPointer
[Bridge] Call: glDisableClientState
[Bridge] Call: glDisableClientState
[Bridge] Call: glDisableClientState
[Bridge] Call: glEnableClientState
[Bridge] Call: glEnableClientState
[Bridge] Call: glEnableClientState
[Bridge] Call: glDrawElements
[Bridge] Call: glVertexPointer
[Bridge] Call: glNormalPointer
[Bridge] Call: glTexCoordPointer
[Bridge] Call: glDisableClientState
[Bridge] Call: glDisableClientState
[Bridge] Call: glDisableClientState
[Bridge] Call: glEnableClientState
[Bridge] Call: glEnableClientState
[Bridge] Call: glEnableClientState
[Bridge] Call: glDrawElements
[Bridge] Call: glLoadMatrixf
[Bridge] Call: glVertexPointer
[Bridge] Call: glNormalPointer
[Bridge] Call: glTexCoordPointer
[Bridge] Call: glDisableClientState
[Bridge] Call: glDisableClientState
[Bridge] Call: glDisableClientState
[Bridge] Call: glEnableClientState
[Bridge] Call: glEnableClientState
[Bridge] Call: glEnableClientState
[Bridge] Call: glDrawArrays
[Math] cosf(0) -> 1
[Math] sinf(0) -> 0
[Bridge] Call: glLoadMatrixf
[Bridge] Call: glMaterialfv
[Bridge] Call: glMaterialfv
[Bridge] Call: glVertexPointer
[Bridge] Call: glNormalPointer
[Bridge] Call: glTexCoordPointer
[Bridge] Call: glDisableClientState
[Bridge] Call: glDisableClientState
[Bridge] Call: glDisableClientState
[Bridge] Call: glEnableClientState
[Bridge] Call: glEnableClientState
[Bridge] Call: glEnableClientState
[Bridge] Call: glDrawElements
[Bridge] Call: glVertexPointer
[Bridge] Call: glNormalPointer
[Bridge] Call: glTexCoordPointer
[Bridge] Call: glDisableClientState
[Bridge] Call: glDisableClientState
[Bridge] Call: glDisableClientState
[Bridge] Call: glEnableClientState
[Bridge] Call: glEnableClientState
[Bridge] Call: glEnableClientState
[Bridge] Call: glDrawElements
[Bridge] Call: glVertexPointer
[Bridge] Call: glNormalPointer
[Bridge] Call: glTexCoordPointer
[Bridge] Call: glDisableClientState
[Bridge] Call: glDisableClientState
[Bridge] Call: glDisableClientState
[Bridge] Call: glEnableClientState
[Bridge] Call: glEnableClientState
[Bridge] Call: glEnableClientState
[Bridge] Call: glDrawElements
[Bridge] Call: glVertexPointer
[Bridge] Call: glNormalPointer
[Bridge] Call: glTexCoordPointer
[Bridge] Call: glDisableClientState
[Bridge] Call: glDisableClientState
[Bridge] Call: glDisableClientState
[Bridge] Call: glEnableClientState
[Bridge] Call: glEnableClientState
[Bridge] Call: glEnableClientState
[Bridge] Call: glDrawElements
[Bridge] Call: glVertexPointer
[Bridge] Call: glNormalPointer
[Bridge] Call: glTexCoordPointer
[Bridge] Call: glDisableClientState
[Bridge] Call: glDisableClientState
[Bridge] Call: glDisableClientState
[Bridge] Call: glEnableClientState
[Bridge] Call: glEnableClientState
[Bridge] Call: glEnableClientState
[Bridge] Call: glDrawElements
[Bridge] Call: glVertexPointer
[Bridge] Call: glNormalPointer
[Bridge] Call: glTexCoordPointer
[Bridge] Call: glDisableClientState
[Bridge] Call: glDisableClientState
[Bridge] Call: glDisableClientState
[Bridge] Call: glEnableClientState
[Bridge] Call: glEnableClientState
[Bridge] Call: glEnableClientState
[Bridge] Call: glDrawElements
[Bridge] Call: glVertexPointer
[Bridge] Call: glNormalPointer
[Bridge] Call: glTexCoordPointer
[Bridge] Call: glDisableClientState
[Bridge] Call: glDisableClientState
[Bridge] Call: glDisableClientState
[Bridge] Call: glEnableClientState
[Bridge] Call: glEnableClientState
[Bridge] Call: glEnableClientState
[Bridge] Call: glDrawElements
[Bridge] Call: glVertexPointer
[Bridge] Call: glNormalPointer
[Bridge] Call: glTexCoordPointer
[Bridge] Call: glDisableClientState
[Bridge] Call: glDisableClientState
[Bridge] Call: glDisableClientState
[Bridge] Call: glEnableClientState
[Bridge] Call: glEnableClientState
[Bridge] Call: glEnableClientState
[Bridge] Call: glDrawElements
[Bridge] Call: glLoadMatrixf
[Bridge] Call: glVertexPointer
[Bridge] Call: glNormalPointer
[Bridge] Call: glTexCoordPointer
[Bridge] Call: glDisableClientState
[Bridge] Call: glDisableClientState
[Bridge] Call: glDisableClientState
[Bridge] Call: glEnableClientState
[Bridge] Call: glEnableClientState
[Bridge] Call: glEnableClientState
[Bridge] Call: glDrawArrays
[Bridge] Call: glVertexPointer
[Bridge] Call: glNormalPointer
[Bridge] Call: glTexCoordPointer
[Bridge] Call: glDisableClientState
[Bridge] Call: glDisableClientState
[Bridge] Call: glDisableClientState
[Bridge] Call: glEnableClientState
[Bridge] Call: glEnableClientState
[Bridge] Call: glEnableClientState
[Bridge] Call: glDrawArrays
[Bridge] Call: glLoadMatrixf
[Bridge] Call: glMaterialfv
[Bridge] Call: glMaterialfv
[Bridge] Call: glBindTexture
[Bridge] Call: glVertexPointer
[Bridge] Call: glNormalPointer
[Bridge] Call: glTexCoordPointer
[Bridge] Call: glDisableClientState
[Bridge] Call: glDisableClientState
[Bridge] Call: glDisableClientState
[Bridge] Call: glEnableClientState
[Bridge] Call: glEnableClientState
[Bridge] Call: glEnableClientState
[Bridge] Call: glDrawElements
[Bridge] Call: glMaterialfv
[Bridge] Call: glMaterialfv
[Bridge] Call: glBindTexture
[Bridge] Call: glVertexPointer
[Bridge] Call: glNormalPointer
[Bridge] Call: glTexCoordPointer
[Bridge] Call: glDisableClientState
[Bridge] Call: glDisableClientState
[Bridge] Call: glDisableClientState
[Bridge] Call: glEnableClientState
[Bridge] Call: glEnableClientState
[Bridge] Call: glEnableClientState
[Bridge] Call: glDrawElements
[Math] cosf(0) -> 1
[Math] sinf(0) -> 0
[Bridge] Call: glLoadMatrixf
[Bridge] Call: glMaterialfv
[Bridge] Call: glMaterialfv
[Bridge] Call: glBindTexture
[Bridge] Call: glVertexPointer
[Bridge] Call: glNormalPointer
[Bridge] Call: glTexCoordPointer
[Bridge] Call: glDisableClientState
[Bridge] Call: glDisableClientState
[Bridge] Call: glDisableClientState
[Bridge] Call: glEnableClientState
[Bridge] Call: glEnableClientState
[Bridge] Call: glEnableClientState
[Bridge] Call: glDrawElements
[Math] cosf(0) -> 1
[Math] sinf(0) -> 0
[Bridge] Call: glLoadMatrixf
[Bridge] Call: glMaterialfv
[Bridge] Call: glMaterialfv
[Bridge] Call: glBindTexture
[Bridge] Call: glVertexPointer
[Bridge] Call: glNormalPointer
[Bridge] Call: glTexCoordPointer
[Bridge] Call: glDisableClientState
[Bridge] Call: glDisableClientState
[Bridge] Call: glDisableClientState
[Bridge] Call: glEnableClientState
[Bridge] Call: glEnableClientState
[Bridge] Call: glEnableClientState
[Bridge] Call: glDrawElements
[Math] cosf(0) -> 1
[Math] sinf(0) -> 0
[Bridge] Call: glLoadMatrixf
[Bridge] Call: glEnable
[Bridge] Call: glMaterialfv
[Bridge] Call: glMaterialfv
[Bridge] Call: glBindTexture
[Bridge] Call: glVertexPointer
[Bridge] Call: glNormalPointer
[Bridge] Call: glTexCoordPointer
[Bridge] Call: glDisableClientState
[Bridge] Call: glDisableClientState
[Bridge] Call: glDisableClientState
[Bridge] Call: glEnableClientState
[Bridge] Call: glEnableClientState
[Bridge] Call: glEnableClientState
[Bridge] Call: glDrawElements
[Bridge] Call: glMaterialfv
[Bridge] Call: glMaterialfv
[Bridge] Call: glBindTexture
[Bridge] Call: glVertexPointer
[Bridge] Call: glNormalPointer
[Bridge] Call: glTexCoordPointer
[Bridge] Call: glDisableClientState
[Bridge] Call: glDisableClientState
[Bridge] Call: glDisableClientState
[Bridge] Call: glEnableClientState
[Bridge] Call: glEnableClientState
[Bridge] Call: glEnableClientState
[Bridge] Call: glDrawElements
[Bridge] Call: glMaterialfv
[Bridge] Call: glMaterialfv
[Bridge] Call: glVertexPointer
[Bridge] Call: glNormalPointer
[Bridge] Call: glTexCoordPointer
[Bridge] Call: glDisableClientState
[Bridge] Call: glDisableClientState
[Bridge] Call: glDisableClientState
[Bridge] Call: glEnableClientState
[Bridge] Call: glEnableClientState
[Bridge] Call: glEnableClientState
[Bridge] Call: glDrawElements
[Bridge] Call: glDisable
[Math] cosf(0) -> 1
[Math] sinf(0) -> 0
[Math] cosf(0.872665) -> 0.642788
[Math] sinf(0.872665) -> 0.766044
[Bridge] Call: glLoadMatrixf
[Bridge] Call: glEnable
[Bridge] Call: glMaterialfv
[Bridge] Call: glMaterialfv
[Bridge] Call: glBindTexture
[Bridge] Call: glVertexPointer
[Bridge] Call: glNormalPointer
[Bridge] Call: glTexCoordPointer
[Bridge] Call: glDisableClientState
[Bridge] Call: glDisableClientState
[Bridge] Call: glDisableClientState
[Bridge] Call: glEnableClientState
[Bridge] Call: glEnableClientState
[Bridge] Call: glEnableClientState
[Bridge] Call: glDrawElements
[Bridge] Call: glDisable
[Math] cosf(0) -> 1
[Math] sinf(0) -> 0
[Math] cosf(4.71239) -> 1.19249e-08
[Math] sinf(4.71239) -> -1
[Bridge] Call: glLoadMatrixf
[Bridge] Call: glEnable
[Bridge] Call: glMaterialfv
[Bridge] Call: glMaterialfv
[Bridge] Call: glVertexPointer
[Bridge] Call: glNormalPointer
[Bridge] Call: glTexCoordPointer
[Bridge] Call: glDisableClientState
[Bridge] Call: glDisableClientState
[Bridge] Call: glDisableClientState
[Bridge] Call: glEnableClientState
[Bridge] Call: glEnableClientState
[Bridge] Call: glEnableClientState
[Bridge] Call: glDrawElements
[Bridge] Call: glDisable
[Math] cosf(0) -> 1
[Math] sinf(0) -> 0
[Math] cosf(3.14159) -> -1
[Math] sinf(3.14159) -> -8.74228e-08
[Bridge] Call: glLoadMatrixf
[Bridge] Call: glEnable
[Bridge] Call: glMaterialfv
[Bridge] Call: glMaterialfv
[Bridge] Call: glVertexPointer
[Bridge] Call: glNormalPointer
[Bridge] Call: glTexCoordPointer
[Bridge] Call: glDisableClientState
[Bridge] Call: glDisableClientState
[Bridge] Call: glDisableClientState
[Bridge] Call: glEnableClientState
[Bridge] Call: glEnableClientState
[Bridge] Call: glEnableClientState
[Bridge] Call: glDrawElements
[Bridge] Call: glDisable
[Math] cosf(0) -> 1
[Math] sinf(0) -> 0
[Bridge] Call: glLoadMatrixf
[Bridge] Call: glEnable
[Bridge] Call: glMaterialfv
[Bridge] Call: glMaterialfv
[Bridge] Call: glVertexPointer
[Bridge] Call: glNormalPointer
[Bridge] Call: glTexCoordPointer
[Bridge] Call: glDisableClientState
[Bridge] Call: glDisableClientState
[Bridge] Call: glDisableClientState
[Bridge] Call: glEnableClientState
[Bridge] Call: glEnableClientState
[Bridge] Call: glEnableClientState
[Bridge] Call: glDrawElements
[Bridge] Call: glDisable
[Math] cosf(0) -> 1
[Math] sinf(0) -> 0
[Math] cosf(3.14159) -> -1
[Math] sinf(3.14159) -> -8.74228e-08
[Bridge] Call: glLoadMatrixf
[Bridge] Call: glEnable
[Bridge] Call: glMaterialfv
[Bridge] Call: glMaterialfv
[Bridge] Call: glVertexPointer
[Bridge] Call: glNormalPointer
[Bridge] Call: glTexCoordPointer
[Bridge] Call: glDisableClientState
[Bridge] Call: glDisableClientState
[Bridge] Call: glDisableClientState
[Bridge] Call: glEnableClientState
[Bridge] Call: glEnableClientState
[Bridge] Call: glEnableClientState
[Bridge] Call: glDrawElements
[Bridge] Call: glDisable
[Math] cosf(6.40524) -> 0.992561
[Math] sinf(6.40524) -> 0.121749
[Bridge] Call: glLoadMatrixf
[Bridge] Call: glEnable
[Bridge] Call: glMaterialfv
[Bridge] Call: glMaterialfv
[Bridge] Call: glBindTexture
[Bridge] Call: glVertexPointer
[Bridge] Call: glNormalPointer
[Bridge] Call: glTexCoordPointer
[Bridge] Call: glDisableClientState
[Bridge] Call: glDisableClientState
[Bridge] Call: glDisableClientState
[Bridge] Call: glEnableClientState
[Bridge] Call: glEnableClientState
[Bridge] Call: glEnableClientState
[Bridge] Call: glDrawElements
[Bridge] Call: glDisable
[Math] cosf(4.87273) -> 0.159658
[Math] sinf(4.87273) -> -0.987172
[Bridge] Call: glLoadMatrixf
[Bridge] Call: glEnable
[Bridge] Call: glMaterialfv
[Bridge] Call: glMaterialfv
[Bridge] Call: glBindTexture
[Bridge] Call: glVertexPointer
[Bridge] Call: glNormalPointer
[Bridge] Call: glTexCoordPointer
[Bridge] Call: glDisableClientState
[Bridge] Call: glDisableClientState
[Bridge] Call: glDisableClientState
[Bridge] Call: glEnableClientState
[Bridge] Call: glEnableClientState
[Bridge] Call: glEnableClientState
[Bridge] Call: glDrawElements
[Bridge] Call: glMaterialfv
[Bridge] Call: glMaterialfv
[Bridge] Call: glBindTexture
[Bridge] Call: glVertexPointer
[Bridge] Call: glNormalPointer
[Bridge] Call: glTexCoordPointer
[Bridge] Call: glDisableClientState
[Bridge] Call: glDisableClientState
[Bridge] Call: glDisableClientState
[Bridge] Call: glEnableClientState
[Bridge] Call: glEnableClientState
[Bridge] Call: glEnableClientState
[Bridge] Call: glDrawElements
[Bridge] Call: glMaterialfv
[Bridge] Call: glMaterialfv
[Bridge] Call: glVertexPointer
[Bridge] Call: glNormalPointer
[Bridge] Call: glTexCoordPointer
[Bridge] Call: glDisableClientState
[Bridge] Call: glDisableClientState
[Bridge] Call: glDisableClientState
[Bridge] Call: glEnableClientState
[Bridge] Call: glEnableClientState
[Bridge] Call: glEnableClientState
[Bridge] Call: glDrawElements
[Bridge] Call: glDisable
[Math] cosf(0) -> 1
[Math] sinf(0) -> 0
[Math] cosf(0.785398) -> 0.707107
[Math] sinf(0.785398) -> 0.707107
[Bridge] Call: glLoadMatrixf
[Bridge] Call: glEnable
[Bridge] Call: glMaterialfv
[Bridge] Call: glMaterialfv
[Bridge] Call: glBindTexture
[Bridge] Call: glVertexPointer
[Bridge] Call: glNormalPointer
[Bridge] Call: glTexCoordPointer
[Bridge] Call: glDisableClientState
[Bridge] Call: glDisableClientState
[Bridge] Call: glDisableClientState
[Bridge] Call: glEnableClientState
[Bridge] Call: glEnableClientState
[Bridge] Call: glEnableClientState
[Bridge] Call: glDrawElements
[Bridge] Call: glMaterialfv
[Bridge] Call: glMaterialfv
[Bridge] Call: glVertexPointer
[Bridge] Call: glNormalPointer
[Bridge] Call: glTexCoordPointer
[Bridge] Call: glDisableClientState
[Bridge] Call: glDisableClientState
[Bridge] Call: glDisableClientState
[Bridge] Call: glEnableClientState
[Bridge] Call: glEnableClientState
[Bridge] Call: glEnableClientState
[Bridge] Call: glDrawElements
[Bridge] Call: glMaterialfv
[Bridge] Call: glMaterialfv
[Bridge] Call: glVertexPointer
[Bridge] Call: glNormalPointer
[Bridge] Call: glTexCoordPointer
[Bridge] Call: glDisableClientState
[Bridge] Call: glDisableClientState
[Bridge] Call: glDisableClientState
[Bridge] Call: glEnableClientState
[Bridge] Call: glEnableClientState
[Bridge] Call: glEnableClientState
[Bridge] Call: glDrawElements
[Bridge] Call: glMaterialfv
[Bridge] Call: glMaterialfv
[Bridge] Call: glVertexPointer
[Bridge] Call: glNormalPointer
[Bridge] Call: glTexCoordPointer
[Bridge] Call: glDisableClientState
[Bridge] Call: glDisableClientState
[Bridge] Call: glDisableClientState
[Bridge] Call: glEnableClientState
[Bridge] Call: glEnableClientState
[Bridge] Call: glEnableClientState
[Bridge] Call: glDrawElements
[Bridge] Call: glMaterialfv
[Bridge] Call: glMaterialfv
[Bridge] Call: glVertexPointer
[Bridge] Call: glNormalPointer
[Bridge] Call: glTexCoordPointer
[Bridge] Call: glDisableClientState
[Bridge] Call: glDisableClientState
[Bridge] Call: glDisableClientState
[Bridge] Call: glEnableClientState
[Bridge] Call: glEnableClientState
[Bridge] Call: glEnableClientState
[Bridge] Call: glDrawElements
[Bridge] Call: glMaterialfv
[Bridge] Call: glMaterialfv
[Bridge] Call: glVertexPointer
[Bridge] Call: glNormalPointer
[Bridge] Call: glTexCoordPointer
[Bridge] Call: glDisableClientState
[Bridge] Call: glDisableClientState
[Bridge] Call: glDisableClientState
[Bridge] Call: glEnableClientState
[Bridge] Call: glEnableClientState
[Bridge] Call: glEnableClientState
[Bridge] Call: glDrawElements
[Bridge] Call: glDisable
[Bridge] Call: glEnable
[Bridge] Call: glDepthMask
[Bridge] Call: glDepthMask
[Bridge] Call: glDisable
[Bridge] Call: glMatrixMode
[Bridge] Call: glLoadMatrixf
[Bridge] Call: glMatrixMode
[Bridge] Call: glLoadIdentity
[Bridge] Call: glDisable
[Bridge] Call: glDisable
[Bridge] Call: glDisableClientState
[Bridge] Call: glDisableClientState
[Bridge] Call: glDisableClientState
[Bridge] Call: glEnableClientState
[Bridge] Call: glEnableClientState
[Bridge] Call: glVertexPointer
[Bridge] Call: glColorPointer
[Bridge] Call: glDisableClientState
[Bridge] Call: glDisableClientState
[Bridge] Call: glEnableClientState
[Bridge] Call: glEnableClientState
[Bridge] Call: glColor4ub
[Bridge] Call: glDrawElements
[Bridge] Call: glLightModelfv
[Bridge] Call: glDisable
[Bridge] Call: glMatrixMode
[Bridge] Call: glLoadMatrixf
[Bridge] Call: glMatrixMode
[Bridge] Call: glLoadMatrixf
[Bridge] Call: glEnable
[Bridge] Call: glDisableClientState
[Bridge] Call: glDisableClientState
[Bridge] Call: glEnableClientState
[Bridge] Call: glEnableClientState
[Bridge] Call: glEnable
[Bridge] Call: glDepthFunc
[Bridge] Call: glLoadMatrixf
[Bridge] Call: glBindTexture
[Bridge] Call: glVertexPointer
[Bridge] Call: glNormalPointer
[Bridge] Call: glTexCoordPointer
[Bridge] Call: glDisableClientState
[Bridge] Call: glDisableClientState
[Bridge] Call: glEnableClientState
[Bridge] Call: glEnableClientState
[Bridge] Call: glEnableClientState
[Bridge] Call: glColor4ub
[Bridge] Call: glDrawElements
[Bridge] Call: glBindTexture
[Bridge] Call: glVertexPointer
[Bridge] Call: glNormalPointer
[Bridge] Call: glTexCoordPointer
[Bridge] Call: glDisableClientState
[Bridge] Call: glDisableClientState
[Bridge] Call: glDisableClientState
[Bridge] Call: glEnableClientState
[Bridge] Call: glEnableClientState
[Bridge] Call: glEnableClientState
[Bridge] Call: glDrawElements
[Math] cosf(0) -> 1
[Math] sinf(0) -> 0
[Bridge] Call: glLoadMatrixf
[Bridge] Call: glBindTexture
[Bridge] Call: glVertexPointer
[Bridge] Call: glNormalPointer
[Bridge] Call: glTexCoordPointer
[Bridge] Call: glDisableClientState
[Bridge] Call: glDisableClientState
[Bridge] Call: glDisableClientState
[Bridge] Call: glEnableClientState
[Bridge] Call: glEnableClientState
[Bridge] Call: glEnableClientState
[Bridge] Call: glColor4ub
[Bridge] Call: glDrawElements
[Bridge] Call: glBlendFunc
[Bridge] Call: glDepthFunc
[Bridge] Call: glMatrixMode
[Bridge] Call: glLoadMatrixf
[Bridge] Call: glMatrixMode
[Bridge] Call: glLoadIdentity
[Bridge] Call: glDisable
[DEBUG] Prepare @ 0x11d4a8a: s0=-0.987891 (0xbf7ce665)
[DEBUG] Prepare @ 0x11d4ada: s18=-11868.5 s4=-1
[Bridge] Call: tanf
[Math] tanf(0.174533) -> 0.176327
[Bridge] Call: glLoadMatrixf
[Bridge] Call: glVertexPointer
[Bridge] Call: glTexCoordPointer
[Bridge] Call: glColor4ub
[Bridge] Call: glDrawElements
[Bridge] Call: glMatrixMode
[Bridge] Call: glLoadMatrixf
[Bridge] Call: glMatrixMode
[Bridge] Call: glDisable
[Bridge] Call: glDepthMask
[Bridge] Call: glEnable
[Bridge] Call: glDisableClientState
[Bridge] Call: glDisableClientState
[Bridge] Call: glDisableClientState
[Bridge] Call: glEnableClientState
[Bridge] Call: glEnableClientState
[Bridge] Call: glEnableClientState
[Math] cosf(0) -> 1
[Math] sinf(0) -> 0
[Math] floorf(21.4862) -> 21
[Math] floorf(22.0383) -> 22
[Math] floorf(0.495074) -> 0
[Math] floorf(1.90224) -> 1
[Bridge] Call: glLoadMatrixf
[Bridge] Call: glBindTexture
[Bridge] Call: glVertexPointer
[Bridge] Call: glTexCoordPointer
[Bridge] Call: glColorPointer
[Bridge] Call: glDrawArrays
[Bridge] Call: glDisable
[Bridge] Call: glDisableClientState
[Bridge] Call: glDisableClientState
[Bridge] Call: glDisableClientState
[Bridge] Call: glEnableClientState
[Bridge] Call: glEnableClientState
[Bridge] Call: glLoadMatrixf
[Bridge] Call: glVertexPointer
[Bridge] Call: glColorPointer
[Bridge] Call: glColor4ub
[Bridge] Call: glDrawElements
[Bridge] Call: glEnable
[Bridge] Call: glDisableClientState
[Bridge] Call: glDisableClientState
[Bridge] Call: glEnableClientState
[Bridge] Call: glEnableClientState
[Bridge] Call: glEnableClientState
[Math] sinf(3.70656) -> -0.535387
[Math] cosf(3.70656) -> -0.844607
[Math] sinf(3.27926) -> -0.137228
[Math] cosf(3.27926) -> -0.990539
[Math] sinf(5.08945) -> -0.929749
[Math] cosf(5.08945) -> 0.368193
[Math] sinf(1.59797) -> 0.999631
[Math] cosf(1.59797) -> -0.0271708
[Math] sinf(5.78415) -> -0.478579
[Math] cosf(5.78415) -> 0.878044
[Math] sinf(2.36653) -> 0.699764
[Math] cosf(2.36653) -> -0.714374
[Math] sinf(5.47705) -> -0.721621
[Math] cosf(5.47705) -> 0.692289
[Math] sinf(4.53685) -> -0.984632
[Math] cosf(4.53685) -> -0.174639
[Math] sinf(2.43286) -> 0.650871
[Math] cosf(2.43286) -> -0.759188
[Math] sinf(1.59818) -> 0.999625
[Math] cosf(1.59818) -> -0.0273753
[Math] sinf(4.39947) -> -0.95144
[Math] cosf(4.39947) -> -0.307835
[Math] sinf(4.56269) -> -0.988816
[Math] cosf(4.56269) -> -0.14914
[Math] sinf(3.92428) -> -0.705189
[Math] cosf(3.92428) -> -0.709019
[Math] sinf(3.89881) -> -0.686899
[Math] cosf(3.89881) -> -0.726752
[Math] sinf(5.02499) -> -0.951538
[Math] cosf(5.02499) -> 0.307531
[Math] sinf(2.8143) -> 0.321484
[Math] cosf(2.8143) -> -0.946915
[Math] sinf(2.9214) -> 0.218419
[Math] cosf(2.9214) -> -0.975855
[Math] sinf(2.65197) -> 0.470296
[Math] cosf(2.65197) -> -0.882509
[Math] sinf(5.13188) -> -0.913295
[Math] cosf(5.13188) -> 0.407299
[Math] sinf(2.32579) -> 0.728278
[Math] cosf(2.32579) -> -0.685281
[Math] sinf(5.9357) -> -0.340533
[Math] cosf(5.9357) -> 0.940233
[Math] sinf(1.30424) -> 0.964683
[Math] cosf(1.30424) -> 0.263414
[Math] sinf(4.95332) -> -0.971117
[Math] cosf(4.95332) -> 0.238603
[Math] sinf(1.98153) -> 0.91683
[Math] cosf(1.98153) -> -0.399278
[Math] sinf(3.66535) -> -0.500136
[Math] cosf(3.66535) -> -0.865947
[Math] sinf(1.52548) -> 0.998973
[Math] cosf(1.52548) -> 0.0453054
[Math] sinf(5.90522) -> -0.369032
[Math] cosf(5.90522) -> 0.929417
[Math] sinf(5.45447) -> -0.737062
[Math] cosf(5.45447) -> 0.675825
[Math] sinf(3.51012) -> -0.360242
[Math] cosf(3.51012) -> -0.932859
[Math] sinf(1.78475) -> 0.977199
[Math] cosf(1.78475) -> -0.212327
[Math] sinf(3.69037) -> -0.521645
[Math] cosf(3.69037) -> -0.853163
[Math] sinf(3.13982) -> 0.00177255
[Math] cosf(3.13982) -> -0.999998
[Math] sinf(1.29892) -> 0.96327
[Math] cosf(1.29892) -> 0.268535
[Math] sinf(3.36339) -> -0.219985
[Math] cosf(3.36339) -> -0.975503
[Math] sinf(0.722966) -> 0.661612
[Math] cosf(0.722966) -> 0.749847
[Math] sinf(3.66638) -> -0.501026
[Math] cosf(3.66638) -> -0.865432
[Math] sinf(2.49739) -> 0.600558
[Math] cosf(2.49739) -> -0.799581
[Math] sinf(4.32903) -> -0.927415
[Math] cosf(4.32903) -> -0.374033
[Math] sinf(0.610179) -> 0.573014
[Math] cosf(0.610179) -> 0.819546
[Math] sinf(3.39185) -> -0.24765
[Math] cosf(3.39185) -> -0.96885
[Math] sinf(0.683883) -> 0.631807
[Math] cosf(0.683883) -> 0.775126
[Math] sinf(5.53783) -> -0.678231
[Math] cosf(5.53783) -> 0.734849
[Math] sinf(5.89572) -> -0.377839
[Math] cosf(5.89572) -> 0.925871
[Math] sinf(2.24953) -> 0.778368
[Math] cosf(2.24953) -> -0.627808
[Math] sinf(2.73296) -> 0.397353
[Math] cosf(2.73296) -> -0.917666
[Math] sinf(4.6902) -> -0.999754
[Math] cosf(4.6902) -> -0.0221911
[Math] sinf(2.56655) -> 0.543873
[Math] cosf(2.56655) -> -0.839167
[Math] sinf(0.995881) -> 0.839238
[Math] cosf(0.995881) -> 0.543764
[Bridge] Call: glLoadMatrixf
[Bridge] Call: glBindTexture
[Bridge] Call: glVertexPointer
[Bridge] Call: glTexCoordPointer
[Bridge] Call: glColorPointer
[Bridge] Call: glDisableClientState
[Bridge] Call: glDisableClientState
[Bridge] Call: glDisableClientState
[Bridge] Call: glEnableClientState
[Bridge] Call: glEnableClientState
[Bridge] Call: glEnableClientState
[Bridge] Call: glColor4ub
[Bridge] Call: glDrawElements
[Math] sinf(3.35398) -> -0.210794
[Math] cosf(3.35398) -> -0.977531
[Math] sinf(1.35827) -> 0.977502
[Math] cosf(1.35827) -> 0.210928
[Bridge] Call: glLoadMatrixf
[Bridge] Call: glVertexPointer
[Bridge] Call: glTexCoordPointer
[Bridge] Call: glColorPointer
[Bridge] Call: glDisableClientState
[Bridge] Call: glDisableClientState
[Bridge] Call: glDisableClientState
[Bridge] Call: glEnableClientState
[Bridge] Call: glEnableClientState
[Bridge] Call: glEnableClientState
[Bridge] Call: glColor4ub
[Bridge] Call: glDrawElements
[Bridge] Call: glDisableClientState
[Bridge] Call: glDisableClientState
[Bridge] Call: glDisableClientState
[Bridge] Call: glEnableClientState
[Bridge] Call: glEnableClientState
[Bridge] Call: glDepthMask
[Bridge] Call: glDisable
[Bridge] Call: glMatrixMode
[Bridge] Call: glLoadMatrixf
[Bridge] Call: glMatrixMode
[Bridge] Call: glMatrixMode
[Bridge] Call: glLoadMatrixf
[Bridge] Call: glMatrixMode
[Bridge] Call: glLoadIdentity
[Bridge] Call: glBindTexture
[Bridge] Call: glVertexPointer
[Bridge] Call: glTexCoordPointer
[Bridge] Call: glColor4ub
[Bridge] Call: glDrawArrays
[Bridge] Call: glMatrixMode
[Bridge] Call: glLoadMatrixf
[Bridge] Call: glMatrixMode
[Bridge] Call: glLoadMatrixf
[Bridge] Call: glDisableClientState
[Bridge] Call: glDisableClientState
[Bridge] Call: glEnableClientState
[Bridge] Call: glEnableClientState
[Bridge] Call: glEnableClientState
[Bridge] Call: glBindTexture
[Bridge] Call: glVertexPointer
[Bridge] Call: glColorPointer
[Bridge] Call: glTexCoordPointer
[Bridge] Call: glDrawElements
[Math] roundf(103) -> 103
[Math] roundf(34) -> 34
[Bridge] Call: glLoadMatrixf
[Bridge] Call: glMatrixMode
[Bridge] Call: glLoadMatrixf
[Bridge] Call: glMatrixMode
[Bridge] Call: glLoadMatrixf
[Bridge] Call: glBlendFunc
[Bridge] Call: glBindTexture
[Bridge] Call: glVertexPointer
[Bridge] Call: glColorPointer
[Bridge] Call: glTexCoordPointer
[Bridge] Call: glDrawArrays
[Bridge] Call: glMatrixMode
[Bridge] Call: glLoadMatrixf
[Bridge] Call: glMatrixMode
[Bridge] Call: glLoadMatrixf
[Bridge] Call: glBlendFunc
[Bridge] Call: glBindTexture
[Bridge] Call: glVertexPointer
[Bridge] Call: glColorPointer
[Bridge] Call: glTexCoordPointer
[Bridge] Call: glDrawElements
[Math] roundf(118) -> 118
[Math] roundf(34) -> 34
[Bridge] Call: glLoadMatrixf
[Bridge] Call: glMatrixMode
[Bridge] Call: glLoadMatrixf
[Bridge] Call: glMatrixMode
[Bridge] Call: glLoadMatrixf
[Bridge] Call: glBlendFunc
[Bridge] Call: glBindTexture
[Bridge] Call: glVertexPointer
[Bridge] Call: glColorPointer
[Bridge] Call: glTexCoordPointer
[Bridge] Call: glDrawArrays
[Bridge] Call: glMatrixMode
[Bridge] Call: glLoadMatrixf
[Bridge] Call: glMatrixMode
[Bridge] Call: glLoadMatrixf
[Bridge] Call: glBlendFunc
[Bridge] Call: glBindTexture
[Bridge] Call: glVertexPointer
[Bridge] Call: glColorPointer
[Bridge] Call: glTexCoordPointer
[Bridge] Call: glDrawElements
[Math] roundf(105.5) -> 106
[Math] roundf(34) -> 34
[Bridge] Call: glLoadMatrixf
[Bridge] Call: glMatrixMode
[Bridge] Call: glLoadMatrixf
[Bridge] Call: glMatrixMode
[Bridge] Call: glLoadMatrixf
[Bridge] Call: glBlendFunc
[Bridge] Call: glBindTexture
[Bridge] Call: glVertexPointer
[Bridge] Call: glColorPointer
[Bridge] Call: glTexCoordPointer
[Bridge] Call: glDrawArrays
[Bridge] Call: glMatrixMode
[Bridge] Call: glLoadMatrixf
[Bridge] Call: glMatrixMode
[Bridge] Call: glLoadMatrixf
[Bridge] Call: glBlendFunc
[Bridge] Call: glBindTexture
[Bridge] Call: glVertexPointer
[Bridge] Call: glColorPointer
[Bridge] Call: glTexCoordPointer
[Bridge] Call: glDrawElements
[Math] roundf(110.5) -> 111
[Math] roundf(34) -> 34
[Bridge] Call: glLoadMatrixf
[Bridge] Call: glMatrixMode
[Bridge] Call: glLoadMatrixf
[Bridge] Call: glMatrixMode
[Bridge] Call: glLoadMatrixf
[Bridge] Call: glBlendFunc
[Bridge] Call: glBindTexture
[Bridge] Call: glVertexPointer
[Bridge] Call: glColorPointer
[Bridge] Call: glTexCoordPointer
[Bridge] Call: glDrawArrays
[Bridge] Call: glMatrixMode
[Bridge] Call: glLoadMatrixf
[Bridge] Call: glMatrixMode
[Bridge] Call: glLoadMatrixf
[Math] roundf(16) -> 16
[Math] roundf(16) -> 16
[Bridge] Call: glLoadMatrixf
[Bridge] Call: glBlendFunc
[Bridge] Call: glDisableClientState
[Bridge] Call: glDisableClientState
[Bridge] Call: glDisableClientState
[Bridge] Call: glEnableClientState
[Bridge] Call: glEnableClientState
[Bridge] Call: glBindTexture
[Bridge] Call: glVertexPointer
[Bridge] Call: glTexCoordPointer
[Bridge] Call: glColor4ub
[Bridge] Call: glDrawArrays
[Bridge] Call: glMatrixMode
[Bridge] Call: glLoadMatrixf
[Bridge] Call: glMatrixMode
[Bridge] Call: glLoadMatrixf
[Bridge] Call: glMatrixMode
[Bridge] Call: glLoadMatrixf
[Bridge] Call: glMatrixMode
[Bridge] Call: glLoadMatrixf
[Math] roundf(16) -> 16
[Math] roundf(16) -> 16
[Bridge] Call: glLoadMatrixf
[Bridge] Call: glVertexPointer
[Bridge] Call: glTexCoordPointer
[Bridge] Call: glDrawArrays
[Bridge] Call: glMatrixMode
[Bridge] Call: glLoadMatrixf
[Bridge] Call: glMatrixMode
[Bridge] Call: glLoadMatrixf
[Bridge] Call: glMatrixMode
[Bridge] Call: glLoadMatrixf
[Bridge] Call: glMatrixMode
[Bridge] Call: glLoadMatrixf
[Bridge] Call: glDisableClientState
[Bridge] Call: glDisableClientState
[Bridge] Call: glEnableClientState
[Bridge] Call: glEnableClientState
[Bridge] Call: glEnableClientState
[Bridge] Call: glBindTexture
[Bridge] Call: glVertexPointer
[Bridge] Call: glColorPointer
[Bridge] Call: glTexCoordPointer
[Bridge] Call: glDrawElements
[Math] roundf(25) -> 25
[Math] roundf(25) -> 25
[Bridge] Call: glLoadMatrixf
[Bridge] Call: glMatrixMode
[Bridge] Call: glLoadMatrixf
[Bridge] Call: glMatrixMode
[Bridge] Call: glLoadMatrixf
[Bridge] Call: glMatrixMode
[Bridge] Call: glLoadMatrixf
[Bridge] Call: glMatrixMode
[Bridge] Call: glLoadMatrixf
[Bridge] Call: glVertexPointer
[Bridge] Call: glColorPointer
[Bridge] Call: glTexCoordPointer
[Bridge] Call: glDrawElements
[Math] roundf(25) -> 25
[Math] roundf(25) -> 25
[Bridge] Call: glLoadMatrixf
[Bridge] Call: glMatrixMode
[Bridge] Call: glLoadMatrixf
[Bridge] Call: glMatrixMode
[Bridge] Call: glLoadMatrixf
[Bridge] Call: glMatrixMode
[Bridge] Call: glLoadMatrixf
[Bridge] Call: glMatrixMode
[Bridge] Call: glLoadMatrixf
[Math] roundf(39.5) -> 40
[Math] roundf(4) -> 4
[Bridge] Call: glLoadMatrixf
[Bridge] Call: glMatrixMode
[Bridge] Call: glLoadMatrixf
[Bridge] Call: glMatrixMode
[Bridge] Call: glLoadMatrixf
[Bridge] Call: glBlendFunc
[Bridge] Call: glBindTexture
[Bridge] Call: glVertexPointer
[Bridge] Call: glColorPointer
[Bridge] Call: glTexCoordPointer
[Bridge] Call: glDrawArrays
[Bridge] Call: glMatrixMode
[Bridge] Call: glLoadMatrixf
[Bridge] Call: glMatrixMode
[Bridge] Call: glLoadIdentity
[Bridge] Call: glBlendFunc
[Bridge] Call: glDisable
[Bridge] Call: glDisableClientState
[Bridge] Call: glDisableClientState
[Bridge] Call: glDisableClientState
[Bridge] Call: glEnableClientState
[Bridge] Call: glVertexPointer
[Bridge] Call: glColor4ub
[Bridge] Call: glDrawArrays
[Bridge] Call: glMatrixMode
[Bridge] Call: glLoadMatrixf
[Bridge] Call: glMatrixMode
[Bridge] Call: glLoadIdentity
[Bridge] Call: glEnable
[Bridge] Call: glDisableClientState
[Bridge] Call: glEnableClientState
[Bridge] Call: glEnableClientState
[Bridge] Call: glEnableClientState
[Bridge] Call: glBindTexture
[Bridge] Call: glVertexPointer
[Bridge] Call: glColorPointer
[Bridge] Call: glTexCoordPointer
[Bridge] Call: glDrawElements
[Bridge] Call: glMatrixMode
[Bridge] Call: glLoadMatrixf
[Bridge] Call: glMatrixMode
[Bridge] Call: glLoadMatrixf
[Bridge] Call: glBlendFunc
[Bridge] Call: glBindTexture
[Bridge] Call: glVertexPointer
[Bridge] Call: glColorPointer
[Bridge] Call: glTexCoordPointer
[Bridge] Call: glDrawArrays
[Bridge] Call: glMatrixMode
[Bridge] Call: glLoadMatrixf
[Bridge] Call: glMatrixMode
[Bridge] Call: glLoadMatrixf
[Bridge] Call: glBlendFunc
[Bridge] Call: glBindTexture
[Bridge] Call: glVertexPointer
[Bridge] Call: glColorPointer
[Bridge] Call: glTexCoordPointer
[Bridge] Call: glDrawElements
[Math] roundf(50) -> 50
[Math] roundf(18) -> 18
[Bridge] Call: glLoadMatrixf
[Bridge] Call: glMatrixMode
[Bridge] Call: glLoadMatrixf
[Bridge] Call: glMatrixMode
[Bridge] Call: glLoadMatrixf
[Bridge] Call: glBlendFunc
[Bridge] Call: glBindTexture
[Bridge] Call: glVertexPointer
[Bridge] Call: glColorPointer
[Bridge] Call: glTexCoordPointer
[Bridge] Call: glDrawArrays
[Bridge] Call: glMatrixMode
[Bridge] Call: glLoadMatrixf
[Bridge] Call: glMatrixMode
[Bridge] Call: glLoadIdentity
[Bridge] Call: glBlendFunc
[Bridge] Call: glBindTexture
[Bridge] Call: glVertexPointer
[Bridge] Call: glColorPointer
[Bridge] Call: glTexCoordPointer
[Bridge] Call: glDrawElements
[Bridge] Call: glMatrixMode
[Bridge] Call: glLoadMatrixf
[Bridge] Call: glMatrixMode
[Bridge] Call: glLoadIdentity
[Bridge] Call: glVertexPointer
[Bridge] Call: glColorPointer
[Bridge] Call: glTexCoordPointer
[Bridge] Call: glDrawElements
[Bridge] Call: glMatrixMode
[Bridge] Call: glLoadMatrixf
[Bridge] Call: glMatrixMode
[Bridge] Call: glLoadMatrixf
[Bridge] Call: glBlendFunc
[Bridge] Call: glBindTexture
[Bridge] Call: glVertexPointer
[Bridge] Call: glColorPointer
[Bridge] Call: glTexCoordPointer
[Bridge] Call: glDrawArrays
[Bridge] Call: glMatrixMode
[Bridge] Call: glLoadMatrixf
[Bridge] Call: glMatrixMode
[Bridge] Call: glLoadIdentity
[Bridge] Call: glBlendFunc
[Bridge] Call: glBindTexture
[Bridge] Call: glVertexPointer
[Bridge] Call: glColorPointer
[Bridge] Call: glTexCoordPointer
[Bridge] Call: glDrawElements
[Bridge] Call: glMatrixMode
[Bridge] Call: glLoadMatrixf
[Bridge] Call: glMatrixMode
[Bridge] Call: glLoadIdentity
[Bridge] Call: glBindTexture
[Bridge] Call: glVertexPointer
[Bridge] Call: glColorPointer
[Bridge] Call: glTexCoordPointer
[Bridge] Call: glDrawElements
[Bridge] Call: glMatrixMode
[Bridge] Call: glLoadMatrixf
[Bridge] Call: glMatrixMode
[Bridge] Call: glLoadIdentity
[Bridge] Call: glVertexPointer
[Bridge] Call: glColorPointer
[Bridge] Call: glTexCoordPointer
[Bridge] Call: glDrawElements
[Math] roundf(0) -> 0
[Math] roundf(0) -> 0
[Math] roundf(800) -> 800
[Math] roundf(480) -> 480
[Bridge] Call: glViewport
[Bridge] Call: glMatrixMode
[Bridge] Call: glLoadMatrixf
[Bridge] Call: glMatrixMode
[Emulator] Function executed 197543 instructions
[Emulator] Function returned with R0=0x0
[Emulator] Calling guest function at 0x12f3d2d
[Bridge] Call: GetStaticMethodID
[JNI] GetMethodID: isAgeKnown -> 0x13170001
[Bridge] Call: CallStaticBooleanMethodV
[JNI] CallStaticBooleanMethodV(mid=0x13170001) -> 0
[STR] strlen(str=0x142dd29) -> "Privacy Policy"
[MEM] memcpy(dest=0x20eb506c, src=0x142dd29, n=14)
[Math] cosf(0) -> 1
[Math] sinf(0) -> 0
[Bridge] Call: tanf
[Math] tanf(0.349066) -> 0.36397
[Bridge] Call: tanf
[Math] tanf(0.349066) -> 0.36397
[Math] floorf(11.6714) -> 11
[Math] floorf(16.1297) -> 16
[Math] floorf(0.235495) -> 0
[Math] floorf(3.52581) -> 3
[Math] floorf(2.09227) -> 2
[Math] floorf(4.85797) -> 4
[Math] floorf(-0.866895) -> -1
[Math] floorf(0.932087) -> 0
[Bridge] Call: sin
[Bridge] Call: cos
[Bridge] Call: sin
[Bridge] Call: cos
[Math] cosf(0) -> 1
[Math] sinf(0) -> 0
[Math] cosf(0.785398) -> 0.707107
[Math] sinf(0.785398) -> 0.707107
[Math] atan2f(-0.102987, 1.21736) -> -0.0843977
[Math] atan2f(-0.102987, 1.21736) -> -0.0843977
[Emulator] Function executed 26751 instructions
[Emulator] Function returned with R0=0x0
[Emulator] Calling guest function at 0x12f3d45
[Math] roundf(0) -> 0
[Math] roundf(0) -> 0
[Math] roundf(800) -> 800
[Math] roundf(480) -> 480
[Bridge] Call: glViewport
[Bridge] Call: glClearColor
[Bridge] Call: glClear
[Math] cosf(0) -> 1
[Math] sinf(0) -> 0
[Bridge] Call: glMatrixMode
[Bridge] Call: glLoadMatrixf
[Bridge] Call: glMatrixMode
[Bridge] Call: glLoadIdentity
[Bridge] Call: glMatrixMode
[Bridge] Call: glLoadMatrixf
[Bridge] Call: glMatrixMode
[Bridge] Call: glEnable
[Bridge] Call: glEnable
[Bridge] Call: glLoadMatrixf
[Bridge] Call: glEnable
[Bridge] Call: glLightfv
[Bridge] Call: glLightfv
[Bridge] Call: glLightfv
[Bridge] Call: glLightModelfv
[Bridge] Call: glDisable
[Bridge] Call: glEnable
[Bridge] Call: glDisableClientState
[Bridge] Call: glDisableClientState
[Bridge] Call: glDisableClientState
[Bridge] Call: glEnableClientState
[Bridge] Call: glEnableClientState
[Math] cosf(0) -> 1
[Math] sinf(0) -> 0
[Bridge] Call: glLoadMatrixf
[Bridge] Call: glMaterialfv
[Bridge] Call: glMaterialfv
[Bridge] Call: glLoadMatrixf
[Math] cosf(0) -> 1
[Math] sinf(0) -> 0
[Bridge] Call: glLoadMatrixf
[Bridge] Call: glMaterialfv
[Bridge] Call: glMaterialfv
[Bridge] Call: glBindTexture
[Bridge] Call: glVertexPointer
[Bridge] Call: glNormalPointer
[Bridge] Call: glTexCoordPointer
[Bridge] Call: glDisableClientState
[Bridge] Call: glDisableClientState
[Bridge] Call: glEnableClientState
[Bridge] Call: glEnableClientState
[Bridge] Call: glEnableClientState
[Bridge] Call: glColor4ub
[Bridge] Call: glDrawElements
[Bridge] Call: glVertexPointer
[Bridge] Call: glNormalPointer
[Bridge] Call: glTexCoordPointer
[Bridge] Call: glDisableClientState
[Bridge] Call: glDisableClientState
[Bridge] Call: glDisableClientState
[Bridge] Call: glEnableClientState
[Bridge] Call: glEnableClientState
[Bridge] Call: glEnableClientState
[Bridge] Call: glDrawElements
[Bridge] Call: glVertexPointer
[Bridge] Call: glNormalPointer
[Bridge] Call: glTexCoordPointer
[Bridge] Call: glDisableClientState
[Bridge] Call: glDisableClientState
[Bridge] Call: glDisableClientState
[Bridge] Call: glEnableClientState
[Bridge] Call: glEnableClientState
[Bridge] Call: glEnableClientState
[Bridge] Call: glDrawElements
[Bridge] Call: glVertexPointer
[Bridge] Call: glNormalPointer
[Bridge] Call: glTexCoordPointer
[Bridge] Call: glDisableClientState
[Bridge] Call: glDisableClientState
[Bridge] Call: glDisableClientState
[Bridge] Call: glEnableClientState
[Bridge] Call: glEnableClientState
[Bridge] Call: glEnableClientState
[Bridge] Call: glDrawElements
[Bridge] Call: glVertexPointer
[Bridge] Call: glNormalPointer
[Bridge] Call: glTexCoordPointer
[Bridge] Call: glDisableClientState
[Bridge] Call: glDisableClientState
[Bridge] Call: glDisableClientState
[Bridge] Call: glEnableClientState
[Bridge] Call: glEnableClientState
[Bridge] Call: glEnableClientState
[Bridge] Call: glDrawElements
[Bridge] Call: glVertexPointer
[Bridge] Call: glNormalPointer
[Bridge] Call: glTexCoordPointer
[Bridge] Call: glDisableClientState
[Bridge] Call: glDisableClientState
[Bridge] Call: glDisableClientState
[Bridge] Call: glEnableClientState
[Bridge] Call: glEnableClientState
[Bridge] Call: glEnableClientState
[Bridge] Call: glDrawElements
[Bridge] Call: glVertexPointer
[Bridge] Call: glNormalPointer
[Bridge] Call: glTexCoordPointer
[Bridge] Call: glDisableClientState
[Bridge] Call: glDisableClientState
[Bridge] Call: glDisableClientState
[Bridge] Call: glEnableClientState
[Bridge] Call: glEnableClientState
[Bridge] Call: glEnableClientState
[Bridge] Call: glDrawElements
[Bridge] Call: glVertexPointer
[Bridge] Call: glNormalPointer
[Bridge] Call: glTexCoordPointer
[Bridge] Call: glDisableClientState
[Bridge] Call: glDisableClientState
[Bridge] Call: glDisableClientState
[Bridge] Call: glEnableClientState
[Bridge] Call: glEnableClientState
[Bridge] Call: glEnableClientState
[Bridge] Call: glDrawElements
[Bridge] Call: glVertexPointer
[Bridge] Call: glNormalPointer
[Bridge] Call: glTexCoordPointer
[Bridge] Call: glDisableClientState
[Bridge] Call: glDisableClientState
[Bridge] Call: glDisableClientState
[Bridge] Call: glEnableClientState
[Bridge] Call: glEnableClientState
[Bridge] Call: glEnableClientState
[Bridge] Call: glDrawElements
[Bridge] Call: glVertexPointer
[Bridge] Call: glNormalPointer
[Bridge] Call: glTexCoordPointer
[Bridge] Call: glDisableClientState
[Bridge] Call: glDisableClientState
[Bridge] Call: glDisableClientState
[Bridge] Call: glEnableClientState
[Bridge] Call: glEnableClientState
[Bridge] Call: glEnableClientState
[Bridge] Call: glDrawElements
[Bridge] Call: glVertexPointer
[Bridge] Call: glNormalPointer
[Bridge] Call: glTexCoordPointer
[Bridge] Call: glDisableClientState
[Bridge] Call: glDisableClientState
[Bridge] Call: glDisableClientState
[Bridge] Call: glEnableClientState
[Bridge] Call: glEnableClientState
[Bridge] Call: glEnableClientState
[Bridge] Call: glDrawElements
[Bridge] Call: glVertexPointer
[Bridge] Call: glNormalPointer
[Bridge] Call: glTexCoordPointer
[Bridge] Call: glDisableClientState
[Bridge] Call: glDisableClientState
[Bridge] Call: glDisableClientState
[Bridge] Call: glEnableClientState
[Bridge] Call: glEnableClientState
[Bridge] Call: glEnableClientState
[Bridge] Call: glDrawElements
[Bridge] Call: glVertexPointer
[Bridge] Call: glNormalPointer
[Bridge] Call: glTexCoordPointer
[Bridge] Call: glDisableClientState
[Bridge] Call: glDisableClientState
[Bridge] Call: glDisableClientState
[Bridge] Call: glEnableClientState
[Bridge] Call: glEnableClientState
[Bridge] Call: glEnableClientState
[Bridge] Call: glDrawElements
[Bridge] Call: glVertexPointer
[Bridge] Call: glNormalPointer
[Bridge] Call: glTexCoordPointer
[Bridge] Call: glDisableClientState
[Bridge] Call: glDisableClientState
[Bridge] Call: glDisableClientState
[Bridge] Call: glEnableClientState
[Bridge] Call: glEnableClientState
[Bridge] Call: glEnableClientState
[Bridge] Call: glDrawElements
[Bridge] Call: glLoadMatrixf
[Bridge] Call: glVertexPointer
[Bridge] Call: glNormalPointer
[Bridge] Call: glTexCoordPointer
[Bridge] Call: glDisableClientState
[Bridge] Call: glDisableClientState
[Bridge] Call: glDisableClientState
[Bridge] Call: glEnableClientState
[Bridge] Call: glEnableClientState
[Bridge] Call: glEnableClientState
[Bridge] Call: glDrawArrays
[Bridge] Call: glVertexPointer
[Bridge] Call: glNormalPointer
[Bridge] Call: glTexCoordPointer
[Bridge] Call: glDisableClientState
[Bridge] Call: glDisableClientState
[Bridge] Call: glDisableClientState
[Bridge] Call: glEnableClientState
[Bridge] Call: glEnableClientState
[Bridge] Call: glEnableClientState
[Bridge] Call: glDrawArrays
[Bridge] Call: glVertexPointer
[Bridge] Call: glNormalPointer
[Bridge] Call: glTexCoordPointer
[Bridge] Call: glDisableClientState
[Bridge] Call: glDisableClientState
[Bridge] Call: glDisableClientState
[Bridge] Call: glEnableClientState
[Bridge] Call: glEnableClientState
[Bridge] Call: glEnableClientState
[Bridge] Call: glDrawArrays
[Math] cosf(0) -> 1
[Math] sinf(0) -> 0
[Bridge] Call: glLoadMatrixf
[Bridge] Call: glMaterialfv
[Bridge] Call: glMaterialfv
[Bridge] Call: glBindTexture
[Bridge] Call: glVertexPointer
[Bridge] Call: glNormalPointer
[Bridge] Call: glTexCoordPointer
[Bridge] Call: glDisableClientState
[Bridge] Call: glDisableClientState
[Bridge] Call: glDisableClientState
[Bridge] Call: glEnableClientState
[Bridge] Call: glEnableClientState
[Bridge] Call: glEnableClientState
[Bridge] Call: glDrawElements
[Bridge] Call: glLoadMatrixf
[Bridge] Call: glVertexPointer
[Bridge] Call: glNormalPointer
[Bridge] Call: glTexCoordPointer
[Bridge] Call: glDisableClientState
[Bridge] Call: glDisableClientState
[Bridge] Call: glDisableClientState
[Bridge] Call: glEnableClientState
[Bridge] Call: glEnableClientState
[Bridge] Call: glEnableClientState
[Bridge] Call: glDrawArrays
[Math] cosf(0) -> 1
[Math] sinf(0) -> 0
[Bridge] Call: glLoadMatrixf
[Bridge] Call: glMaterialfv
[Bridge] Call: glMaterialfv
[Bridge] Call: glBindTexture
[Bridge] Call: glVertexPointer
[Bridge] Call: glNormalPointer
[Bridge] Call: glTexCoordPointer
[Bridge] Call: glDisableClientState
[Bridge] Call: glDisableClientState
[Bridge] Call: glDisableClientState
[Bridge] Call: glEnableClientState
[Bridge] Call: glEnableClientState
[Bridge] Call: glEnableClientState
[Bridge] Call: glDrawElements
[Bridge] Call: glLoadMatrixf
[Bridge] Call: glVertexPointer
[Bridge] Call: glNormalPointer
[Bridge] Call: glTexCoordPointer
[Bridge] Call: glDisableClientState
[Bridge] Call: glDisableClientState
[Bridge] Call: glDisableClientState
[Bridge] Call: glEnableClientState
[Bridge] Call: glEnableClientState
[Bridge] Call: glEnableClientState
[Bridge] Call: glDrawArrays
[Math] cosf(0) -> 1
[Math] sinf(0) -> 0
[Bridge] Call: glLoadMatrixf
[Bridge] Call: glMaterialfv
[Bridge] Call: glMaterialfv
[Bridge] Call: glBindTexture
[Bridge] Call: glVertexPointer
[Bridge] Call: glNormalPointer
[Bridge] Call: glTexCoordPointer
[Bridge] Call: glDisableClientState
[Bridge] Call: glDisableClientState
[Bridge] Call: glDisableClientState
[Bridge] Call: glEnableClientState
[Bridge] Call: glEnableClientState
[Bridge] Call: glEnableClientState
[Bridge] Call: glDrawElements
[Bridge] Call: glVertexPointer
[Bridge] Call: glNormalPointer
[Bridge] Call: glTexCoordPointer
[Bridge] Call: glDisableClientState
[Bridge] Call: glDisableClientState
[Bridge] Call: glDisableClientState
[Bridge] Call: glEnableClientState
[Bridge] Call: glEnableClientState
[Bridge] Call: glEnableClientState
[Bridge] Call: glDrawElements
[Bridge] Call: glVertexPointer
[Bridge] Call: glNormalPointer
[Bridge] Call: glTexCoordPointer
[Bridge] Call: glDisableClientState
[Bridge] Call: glDisableClientState
[Bridge] Call: glDisableClientState
[Bridge] Call: glEnableClientState
[Bridge] Call: glEnableClientState
[Bridge] Call: glEnableClientState
[Bridge] Call: glDrawElements
[Bridge] Call: glBindTexture
[Bridge] Call: glVertexPointer
[Bridge] Call: glNormalPointer
[Bridge] Call: glTexCoordPointer
[Bridge] Call: glDisableClientState
[Bridge] Call: glDisableClientState
[Bridge] Call: glDisableClientState
[Bridge] Call: glEnableClientState
[Bridge] Call: glEnableClientState
[Bridge] Call: glEnableClientState
[Bridge] Call: glDrawElements
[Bridge] Call: glVertexPointer
[Bridge] Call: glNormalPointer
[Bridge] Call: glTexCoordPointer
[Bridge] Call: glDisableClientState
[Bridge] Call: glDisableClientState
[Bridge] Call: glDisableClientState
[Bridge] Call: glEnableClientState
[Bridge] Call: glEnableClientState
[Bridge] Call: glEnableClientState
[Bridge] Call: glDrawElements
[Bridge] Call: glVertexPointer
[Bridge] Call: glNormalPointer
[Bridge] Call: glTexCoordPointer
[Bridge] Call: glDisableClientState
[Bridge] Call: glDisableClientState
[Bridge] Call: glDisableClientState
[Bridge] Call: glEnableClientState
[Bridge] Call: glEnableClientState
[Bridge] Call: glEnableClientState
[Bridge] Call: glDrawElements
[Bridge] Call: glLoadMatrixf
[Bridge] Call: glVertexPointer
[Bridge] Call: glNormalPointer
[Bridge] Call: glTexCoordPointer
[Bridge] Call: glDisableClientState
[Bridge] Call: glDisableClientState
[Bridge] Call: glDisableClientState
[Bridge] Call: glEnableClientState
[Bridge] Call: glEnableClientState
[Bridge] Call: glEnableClientState
[Bridge] Call: glDrawArrays
[Bridge] Call: glVertexPointer
[Bridge] Call: glNormalPointer
[Bridge] Call: glTexCoordPointer
[Bridge] Call: glDisableClientState
[Bridge] Call: glDisableClientState
[Bridge] Call: glDisableClientState
[Bridge] Call: glEnableClientState
[Bridge] Call: glEnableClientState
[Bridge] Call: glEnableClientState
[Bridge] Call: glDrawArrays
[Math] cosf(0) -> 1
[Math] sinf(0) -> 0
[Bridge] Call: glLoadMatrixf
[Bridge] Call: glMaterialfv
[Bridge] Call: glMaterialfv
[Bridge] Call: glVertexPointer
[Bridge] Call: glNormalPointer
[Bridge] Call: glTexCoordPointer
[Bridge] Call: glDisableClientState
[Bridge] Call: glDisableClientState
[Bridge] Call: glDisableClientState
[Bridge] Call: glEnableClientState
[Bridge] Call: glEnableClientState
[Bridge] Call: glEnableClientState
[Bridge] Call: glDrawElements
[Bridge] Call: glVertexPointer
[Bridge] Call: glNormalPointer
[Bridge] Call: glTexCoordPointer
[Bridge] Call: glDisableClientState
[Bridge] Call: glDisableClientState
[Bridge] Call: glDisableClientState
[Bridge] Call: glEnableClientState
[Bridge] Call: glEnableClientState
[Bridge] Call: glEnableClientState
[Bridge] Call: glDrawElements
[Bridge] Call: glVertexPointer
[Bridge] Call: glNormalPointer
[Bridge] Call: glTexCoordPointer
[Bridge] Call: glDisableClientState
[Bridge] Call: glDisableClientState
[Bridge] Call: glDisableClientState
[Bridge] Call: glEnableClientState
[Bridge] Call: glEnableClientState
[Bridge] Call: glEnableClientState
[Bridge] Call: glDrawElements
[Bridge] Call: glLoadMatrixf
[Bridge] Call: glVertexPointer
[Bridge] Call: glNormalPointer
[Bridge] Call: glTexCoordPointer
[Bridge] Call: glDisableClientState
[Bridge] Call: glDisableClientState
[Bridge] Call: glDisableClientState
[Bridge] Call: glEnableClientState
[Bridge] Call: glEnableClientState
[Bridge] Call: glEnableClientState
[Bridge] Call: glDrawArrays
[Math] cosf(0) -> 1
[Math] sinf(0) -> 0
[Bridge] Call: glLoadMatrixf
[Bridge] Call: glMaterialfv
[Bridge] Call: glMaterialfv
[Bridge] Call: glVertexPointer
[Bridge] Call: glNormalPointer
[Bridge] Call: glTexCoordPointer
[Bridge] Call: glDisableClientState
[Bridge] Call: glDisableClientState
[Bridge] Call: glDisableClientState
[Bridge] Call: glEnableClientState
[Bridge] Call: glEnableClientState
[Bridge] Call: glEnableClientState
[Bridge] Call: glDrawElements
[Bridge] Call: glVertexPointer
[Bridge] Call: glNormalPointer
[Bridge] Call: glTexCoordPointer
[Bridge] Call: glDisableClientState
[Bridge] Call: glDisableClientState
[Bridge] Call: glDisableClientState
[Bridge] Call: glEnableClientState
[Bridge] Call: glEnableClientState
[Bridge] Call: glEnableClientState
[Bridge] Call: glDrawElements
[Bridge] Call: glVertexPointer
[Bridge] Call: glNormalPointer
[Bridge] Call: glTexCoordPointer
[Bridge] Call: glDisableClientState
[Bridge] Call: glDisableClientState
[Bridge] Call: glDisableClientState
[Bridge] Call: glEnableClientState
[Bridge] Call: glEnableClientState
[Bridge] Call: glEnableClientState
[Bridge] Call: glDrawElements
[Bridge] Call: glVertexPointer
[Bridge] Call: glNormalPointer
[Bridge] Call: glTexCoordPointer
[Bridge] Call: glDisableClientState
[Bridge] Call: glDisableClientState
[Bridge] Call: glDisableClientState
[Bridge] Call: glEnableClientState
[Bridge] Call: glEnableClientState
[Bridge] Call: glEnableClientState
[Bridge] Call: glDrawElements
[Bridge] Call: glVertexPointer
[Bridge] Call: glNormalPointer
[Bridge] Call: glTexCoordPointer
[Bridge] Call: glDisableClientState
[Bridge] Call: glDisableClientState
[Bridge] Call: glDisableClientState
[Bridge] Call: glEnableClientState
[Bridge] Call: glEnableClientState
[Bridge] Call: glEnableClientState
[Bridge] Call: glDrawElements
[Bridge] Call: glVertexPointer
[Bridge] Call: glNormalPointer
[Bridge] Call: glTexCoordPointer
[Bridge] Call: glDisableClientState
[Bridge] Call: glDisableClientState
[Bridge] Call: glDisableClientState
[Bridge] Call: glEnableClientState
[Bridge] Call: glEnableClientState
[Bridge] Call: glEnableClientState
[Bridge] Call: glDrawElements
[Bridge] Call: glVertexPointer
[Bridge] Call: glNormalPointer
[Bridge] Call: glTexCoordPointer
[Bridge] Call: glDisableClientState
[Bridge] Call: glDisableClientState
[Bridge] Call: glDisableClientState
[Bridge] Call: glEnableClientState
[Bridge] Call: glEnableClientState
[Bridge] Call: glEnableClientState
[Bridge] Call: glDrawElements
[Bridge] Call: glVertexPointer
[Bridge] Call: glNormalPointer
[Bridge] Call: glTexCoordPointer
[Bridge] Call: glDisableClientState
[Bridge] Call: glDisableClientState
[Bridge] Call: glDisableClientState
[Bridge] Call: glEnableClientState
[Bridge] Call: glEnableClientState
[Bridge] Call: glEnableClientState
[Bridge] Call: glDrawElements
[Bridge] Call: glLoadMatrixf
[Bridge] Call: glVertexPointer
[Bridge] Call: glNormalPointer
[Bridge] Call: glTexCoordPointer
[Bridge] Call: glDisableClientState
[Bridge] Call: glDisableClientState
[Bridge] Call: glDisableClientState
[Bridge] Call: glEnableClientState
[Bridge] Call: glEnableClientState
[Bridge] Call: glEnableClientState
[Bridge] Call: glDrawArrays
[Bridge] Call: glVertexPointer
[Bridge] Call: glNormalPointer
[Bridge] Call: glTexCoordPointer
[Bridge] Call: glDisableClientState
[Bridge] Call: glDisableClientState
[Bridge] Call: glDisableClientState
[Bridge] Call: glEnableClientState
[Bridge] Call: glEnableClientState
[Bridge] Call: glEnableClientState
[Bridge] Call: glDrawArrays
[Bridge] Call: glLoadMatrixf
[Bridge] Call: glMaterialfv
[Bridge] Call: glMaterialfv
[Bridge] Call: glBindTexture
[Bridge] Call: glVertexPointer
[Bridge] Call: glNormalPointer
[Bridge] Call: glTexCoordPointer
[Bridge] Call: glDisableClientState
[Bridge] Call: glDisableClientState
[Bridge] Call: glDisableClientState
[Bridge] Call: glEnableClientState
[Bridge] Call: glEnableClientState
[Bridge] Call: glEnableClientState
[Bridge] Call: glDrawElements
[Bridge] Call: glMaterialfv
[Bridge] Call: glMaterialfv
[Bridge] Call: glBindTexture
[Bridge] Call: glVertexPointer
[Bridge] Call: glNormalPointer
[Bridge] Call: glTexCoordPointer
[Bridge] Call: glDisableClientState
[Bridge] Call: glDisableClientState
[Bridge] Call: glDisableClientState
[Bridge] Call: glEnableClientState
[Bridge] Call: glEnableClientState
[Bridge] Call: glEnableClientState
[Bridge] Call: glDrawElements
[Math] cosf(0) -> 1
[Math] sinf(0) -> 0
[Bridge] Call: glLoadMatrixf
[Bridge] Call: glMaterialfv
[Bridge] Call: glMaterialfv
[Bridge] Call: glBindTexture
[Bridge] Call: glVertexPointer
[Bridge] Call: glNormalPointer
[Bridge] Call: glTexCoordPointer
[Bridge] Call: glDisableClientState
[Bridge] Call: glDisableClientState
[Bridge] Call: glDisableClientState
[Bridge] Call: glEnableClientState
[Bridge] Call: glEnableClientState
[Bridge] Call: glEnableClientState
[Bridge] Call: glDrawElements
[Math] cosf(0) -> 1
[Math] sinf(0) -> 0
[Bridge] Call: glLoadMatrixf
[Bridge] Call: glMaterialfv
[Bridge] Call: glMaterialfv
[Bridge] Call: glBindTexture
[Bridge] Call: glVertexPointer
[Bridge] Call: glNormalPointer
[Bridge] Call: glTexCoordPointer
[Bridge] Call: glDisableClientState
[Bridge] Call: glDisableClientState
[Bridge] Call: glDisableClientState
[Bridge] Call: glEnableClientState
[Bridge] Call: glEnableClientState
[Bridge] Call: glEnableClientState
[Bridge] Call: glDrawElements
[Math] cosf(0) -> 1
[Math] sinf(0) -> 0
[Bridge] Call: glLoadMatrixf
[Bridge] Call: glEnable
[Bridge] Call: glMaterialfv
[Bridge] Call: glMaterialfv
[Bridge] Call: glBindTexture
[Bridge] Call: glVertexPointer
[Bridge] Call: glNormalPointer
[Bridge] Call: glTexCoordPointer
[Bridge] Call: glDisableClientState
[Bridge] Call: glDisableClientState
[Bridge] Call: glDisableClientState
[Bridge] Call: glEnableClientState
[Bridge] Call: glEnableClientState
[Bridge] Call: glEnableClientState
[Bridge] Call: glDrawElements
[Bridge] Call: glMaterialfv
[Bridge] Call: glMaterialfv
[Bridge] Call: glBindTexture
[Bridge] Call: glVertexPointer
[Bridge] Call: glNormalPointer
[Bridge] Call: glTexCoordPointer
[Bridge] Call: glDisableClientState
[Bridge] Call: glDisableClientState
[Bridge] Call: glDisableClientState
[Bridge] Call: glEnableClientState
[Bridge] Call: glEnableClientState
[Bridge] Call: glEnableClientState
[Bridge] Call: glDrawElements
[Bridge] Call: glMaterialfv
[Bridge] Call: glMaterialfv
[Bridge] Call: glVertexPointer
[Bridge] Call: glNormalPointer
[Bridge] Call: glTexCoordPointer
[Bridge] Call: glDisableClientState
[Bridge] Call: glDisableClientState
[Bridge] Call: glDisableClientState
[Bridge] Call: glEnableClientState
[Bridge] Call: glEnableClientState
[Bridge] Call: glEnableClientState
[Bridge] Call: glDrawElements
[Bridge] Call: glDisable
[Math] cosf(0) -> 1
[Math] sinf(0) -> 0
[Math] cosf(0.872665) -> 0.642788
[Math] sinf(0.872665) -> 0.766044
[Bridge] Call: glLoadMatrixf
[Bridge] Call: glEnable
[Bridge] Call: glMaterialfv
[Bridge] Call: glMaterialfv
[Bridge] Call: glBindTexture
[Bridge] Call: glVertexPointer
[Bridge] Call: glNormalPointer
[Bridge] Call: glTexCoordPointer
[Bridge] Call: glDisableClientState
[Bridge] Call: glDisableClientState
[Bridge] Call: glDisableClientState
[Bridge] Call: glEnableClientState
[Bridge] Call: glEnableClientState
[Bridge] Call: glEnableClientState
[Bridge] Call: glDrawElements
[Bridge] Call: glDisable
[Math] cosf(0) -> 1
[Math] sinf(0) -> 0
[Math] cosf(4.71239) -> 1.19249e-08
[Math] sinf(4.71239) -> -1
[Bridge] Call: glLoadMatrixf
[Bridge] Call: glEnable
[Bridge] Call: glMaterialfv
[Bridge] Call: glMaterialfv
[Bridge] Call: glVertexPointer
[Bridge] Call: glNormalPointer
[Bridge] Call: glTexCoordPointer
[Bridge] Call: glDisableClientState
[Bridge] Call: glDisableClientState
[Bridge] Call: glDisableClientState
[Bridge] Call: glEnableClientState
[Bridge] Call: glEnableClientState
[Bridge] Call: glEnableClientState
[Bridge] Call: glDrawElements
[Bridge] Call: glDisable
[Math] cosf(0) -> 1
[Math] sinf(0) -> 0
[Math] cosf(3.14159) -> -1
[Math] sinf(3.14159) -> -8.74228e-08
[Bridge] Call: glLoadMatrixf
[Bridge] Call: glEnable
[Bridge] Call: glMaterialfv
[Bridge] Call: glMaterialfv
[Bridge] Call: glVertexPointer
[Bridge] Call: glNormalPointer
[Bridge] Call: glTexCoordPointer
[Bridge] Call: glDisableClientState
[Bridge] Call: glDisableClientState
[Bridge] Call: glDisableClientState
[Bridge] Call: glEnableClientState
[Bridge] Call: glEnableClientState
[Bridge] Call: glEnableClientState
[Bridge] Call: glDrawElements
[Bridge] Call: glDisable
[Math] cosf(0) -> 1
[Math] sinf(0) -> 0
[Bridge] Call: glLoadMatrixf
[Bridge] Call: glEnable
[Bridge] Call: glMaterialfv
[Bridge] Call: glMaterialfv
[Bridge] Call: glVertexPointer
[Bridge] Call: glNormalPointer
[Bridge] Call: glTexCoordPointer
[Bridge] Call: glDisableClientState
[Bridge] Call: glDisableClientState
[Bridge] Call: glDisableClientState
[Bridge] Call: glEnableClientState
[Bridge] Call: glEnableClientState
[Bridge] Call: glEnableClientState
[Bridge] Call: glDrawElements
[Bridge] Call: glDisable
[Math] cosf(0) -> 1
[Math] sinf(0) -> 0
[Math] cosf(3.14159) -> -1
[Math] sinf(3.14159) -> -8.74228e-08
[Bridge] Call: glLoadMatrixf
[Bridge] Call: glEnable
[Bridge] Call: glMaterialfv
[Bridge] Call: glMaterialfv
[Bridge] Call: glVertexPointer
[Bridge] Call: glNormalPointer
[Bridge] Call: glTexCoordPointer
[Bridge] Call: glDisableClientState
[Bridge] Call: glDisableClientState
[Bridge] Call: glDisableClientState
[Bridge] Call: glEnableClientState
[Bridge] Call: glEnableClientState
[Bridge] Call: glEnableClientState
[Bridge] Call: glDrawElements
[Bridge] Call: glDisable
[Math] cosf(6.40524) -> 0.992561
[Math] sinf(6.40524) -> 0.121749
[Bridge] Call: glLoadMatrixf
[Bridge] Call: glEnable
[Bridge] Call: glMaterialfv
[Bridge] Call: glMaterialfv
[Bridge] Call: glBindTexture
[Bridge] Call: glVertexPointer
[Bridge] Call: glNormalPointer
[Bridge] Call: glTexCoordPointer
[Bridge] Call: glDisableClientState
[Bridge] Call: glDisableClientState
[Bridge] Call: glDisableClientState
[Bridge] Call: glEnableClientState
[Bridge] Call: glEnableClientState
[Bridge] Call: glEnableClientState
[Bridge] Call: glDrawElements
[Bridge] Call: glDisable
[Math] cosf(4.87273) -> 0.159658
[Math] sinf(4.87273) -> -0.987172
[Bridge] Call: glLoadMatrixf
[Bridge] Call: glEnable
[Bridge] Call: glMaterialfv
[Bridge] Call: glMaterialfv
[Bridge] Call: glBindTexture
[Bridge] Call: glVertexPointer
[Bridge] Call: glNormalPointer
[Bridge] Call: glTexCoordPointer
[Bridge] Call: glDisableClientState
[Bridge] Call: glDisableClientState
[Bridge] Call: glDisableClientState
[Bridge] Call: glEnableClientState
[Bridge] Call: glEnableClientState
[Bridge] Call: glEnableClientState
[Bridge] Call: glDrawElements
[Bridge] Call: glMaterialfv
[Bridge] Call: glMaterialfv
[Bridge] Call: glBindTexture
[Bridge] Call: glVertexPointer
[Bridge] Call: glNormalPointer
[Bridge] Call: glTexCoordPointer
[Bridge] Call: glDisableClientState
[Bridge] Call: glDisableClientState
[Bridge] Call: glDisableClientState
[Bridge] Call: glEnableClientState
[Bridge] Call: glEnableClientState
[Bridge] Call: glEnableClientState
[Bridge] Call: glDrawElements
[Bridge] Call: glMaterialfv
[Bridge] Call: glMaterialfv
[Bridge] Call: glVertexPointer
[Bridge] Call: glNormalPointer
[Bridge] Call: glTexCoordPointer
[Bridge] Call: glDisableClientState
[Bridge] Call: glDisableClientState
[Bridge] Call: glDisableClientState
[Bridge] Call: glEnableClientState
[Bridge] Call: glEnableClientState
[Bridge] Call: glEnableClientState
[Bridge] Call: glDrawElements
[Bridge] Call: glDisable
[Math] cosf(0) -> 1
[Math] sinf(0) -> 0
[Math] cosf(0.785398) -> 0.707107
[Math] sinf(0.785398) -> 0.707107
[Bridge] Call: glLoadMatrixf
[Bridge] Call: glEnable
[Bridge] Call: glMaterialfv
[Bridge] Call: glMaterialfv
[Bridge] Call: glBindTexture
[Bridge] Call: glVertexPointer
[Bridge] Call: glNormalPointer
[Bridge] Call: glTexCoordPointer
[Bridge] Call: glDisableClientState
[Bridge] Call: glDisableClientState
[Bridge] Call: glDisableClientState
[Bridge] Call: glEnableClientState
[Bridge] Call: glEnableClientState
[Bridge] Call: glEnableClientState
[Bridge] Call: glDrawElements
[Bridge] Call: glMaterialfv
[Bridge] Call: glMaterialfv
[Bridge] Call: glVertexPointer
[Bridge] Call: glNormalPointer
[Bridge] Call: glTexCoordPointer
[Bridge] Call: glDisableClientState
[Bridge] Call: glDisableClientState
[Bridge] Call: glDisableClientState
[Bridge] Call: glEnableClientState
[Bridge] Call: glEnableClientState
[Bridge] Call: glEnableClientState
[Bridge] Call: glDrawElements
[Bridge] Call: glMaterialfv
[Bridge] Call: glMaterialfv
[Bridge] Call: glVertexPointer
[Bridge] Call: glNormalPointer
[Bridge] Call: glTexCoordPointer
[Bridge] Call: glDisableClientState
[Bridge] Call: glDisableClientState
[Bridge] Call: glDisableClientState
[Bridge] Call: glEnableClientState
[Bridge] Call: glEnableClientState
[Bridge] Call: glEnableClientState
[Bridge] Call: glDrawElements
[Bridge] Call: glMaterialfv
[Bridge] Call: glMaterialfv
[Bridge] Call: glVertexPointer
[Bridge] Call: glNormalPointer
[Bridge] Call: glTexCoordPointer
[Bridge] Call: glDisableClientState
[Bridge] Call: glDisableClientState
[Bridge] Call: glDisableClientState
[Bridge] Call: glEnableClientState
[Bridge] Call: glEnableClientState
[Bridge] Call: glEnableClientState
[Bridge] Call: glDrawElements
[Bridge] Call: glMaterialfv
[Bridge] Call: glMaterialfv
[Bridge] Call: glVertexPointer
[Bridge] Call: glNormalPointer
[Bridge] Call: glTexCoordPointer
[Bridge] Call: glDisableClientState
[Bridge] Call: glDisableClientState
[Bridge] Call: glDisableClientState
[Bridge] Call: glEnableClientState
[Bridge] Call: glEnableClientState
[Bridge] Call: glEnableClientState
[Bridge] Call: glDrawElements
[Bridge] Call: glMaterialfv
[Bridge] Call: glMaterialfv
[Bridge] Call: glVertexPointer
[Bridge] Call: glNormalPointer
[Bridge] Call: glTexCoordPointer
[Bridge] Call: glDisableClientState
[Bridge] Call: glDisableClientState
[Bridge] Call: glDisableClientState
[Bridge] Call: glEnableClientState
[Bridge] Call: glEnableClientState
[Bridge] Call: glEnableClientState
[Bridge] Call: glDrawElements
[Bridge] Call: glDisable
[Bridge] Call: glEnable
[Bridge] Call: glDepthMask
[Bridge] Call: glDepthMask
[Bridge] Call: glDisable
[Bridge] Call: glMatrixMode
[Bridge] Call: glLoadMatrixf
[Bridge] Call: glMatrixMode
[Bridge] Call: glLoadIdentity
[Bridge] Call: glDisable
[Bridge] Call: glDisable
[Bridge] Call: glDisableClientState
[Bridge] Call: glDisableClientState
[Bridge] Call: glDisableClientState
[Bridge] Call: glEnableClientState
[Bridge] Call: glEnableClientState
[Bridge] Call: glVertexPointer
[Bridge] Call: glColorPointer
[Bridge] Call: glDisableClientState
[Bridge] Call: glDisableClientState
[Bridge] Call: glEnableClientState
[Bridge] Call: glEnableClientState
[Bridge] Call: glColor4ub
[Bridge] Call: glDrawElements
[Bridge] Call: glLightModelfv
[Bridge] Call: glDisable
[Bridge] Call: glMatrixMode
[Bridge] Call: glLoadMatrixf
[Bridge] Call: glMatrixMode
[Bridge] Call: glLoadMatrixf
[Bridge] Call: glEnable
[Bridge] Call: glDisableClientState
[Bridge] Call: glDisableClientState
[Bridge] Call: glEnableClientState
[Bridge] Call: glEnableClientState
[Bridge] Call: glEnable
[Bridge] Call: glDepthFunc
[Bridge] Call: glLoadMatrixf
[Bridge] Call: glBindTexture
[Bridge] Call: glVertexPointer
[Bridge] Call: glNormalPointer
[Bridge] Call: glTexCoordPointer
[Bridge] Call: glDisableClientState
[Bridge] Call: glDisableClientState
[Bridge] Call: glEnableClientState
[Bridge] Call: glEnableClientState
[Bridge] Call: glEnableClientState
[Bridge] Call: glColor4ub
[Bridge] Call: glDrawElements
[Bridge] Call: glBindTexture
[Bridge] Call: glVertexPointer
[Bridge] Call: glNormalPointer
[Bridge] Call: glTexCoordPointer
[Bridge] Call: glDisableClientState
[Bridge] Call: glDisableClientState
[Bridge] Call: glDisableClientState
[Bridge] Call: glEnableClientState
[Bridge] Call: glEnableClientState
[Bridge] Call: glEnableClientState
[Bridge] Call: glDrawElements
[Math] cosf(0) -> 1
[Math] sinf(0) -> 0
[Bridge] Call: glLoadMatrixf
[Bridge] Call: glBindTexture
[Bridge] Call: glVertexPointer
[Bridge] Call: glNormalPointer
[Bridge] Call: glTexCoordPointer
[Bridge] Call: glDisableClientState
[Bridge] Call: glDisableClientState
[Bridge] Call: glDisableClientState
[Bridge] Call: glEnableClientState
[Bridge] Call: glEnableClientState
[Bridge] Call: glEnableClientState
[Bridge] Call: glColor4ub
[Bridge] Call: glDrawElements
[Bridge] Call: glBlendFunc
[Bridge] Call: glDepthFunc
[Bridge] Call: glMatrixMode
[Bridge] Call: glLoadMatrixf
[Bridge] Call: glMatrixMode
[Bridge] Call: glLoadIdentity
[Bridge] Call: glDisable
[DEBUG] Prepare @ 0x11d4a8a: s0=-0.987891 (0xbf7ce665)
[DEBUG] Prepare @ 0x11d4ada: s18=-11868.5 s4=-1
[Bridge] Call: tanf
[Math] tanf(0.174533) -> 0.176327
[Bridge] Call: glLoadMatrixf
[Bridge] Call: glVertexPointer
[Bridge] Call: glTexCoordPointer
[Bridge] Call: glColor4ub
[Bridge] Call: glDrawElements
[Bridge] Call: glMatrixMode
[Bridge] Call: glLoadMatrixf
[Bridge] Call: glMatrixMode
[Bridge] Call: glDisable
[Bridge] Call: glDepthMask
[Bridge] Call: glEnable
[Bridge] Call: glDisableClientState
[Bridge] Call: glDisableClientState
[Bridge] Call: glDisableClientState
[Bridge] Call: glEnableClientState
[Bridge] Call: glEnableClientState
[Bridge] Call: glEnableClientState
[Math] cosf(0) -> 1
[Math] sinf(0) -> 0
[Math] floorf(21.4862) -> 21
[Math] floorf(22.0383) -> 22
[Math] floorf(0.495074) -> 0
[Math] floorf(1.90224) -> 1
[Bridge] Call: glLoadMatrixf
[Bridge] Call: glBindTexture
[Bridge] Call: glVertexPointer
[Bridge] Call: glTexCoordPointer
[Bridge] Call: glColorPointer
[Bridge] Call: glDrawArrays
[Bridge] Call: glDisable
[Bridge] Call: glDisableClientState
[Bridge] Call: glDisableClientState
[Bridge] Call: glDisableClientState
[Bridge] Call: glEnableClientState
[Bridge] Call: glEnableClientState
[Bridge] Call: glLoadMatrixf
[Bridge] Call: glVertexPointer
[Bridge] Call: glColorPointer
[Bridge] Call: glColor4ub
[Bridge] Call: glDrawElements
[Bridge] Call: glEnable
[Bridge] Call: glDisableClientState
[Bridge] Call: glDisableClientState
[Bridge] Call: glEnableClientState
[Bridge] Call: glEnableClientState
[Bridge] Call: glEnableClientState
[Math] sinf(3.70656) -> -0.535387
[Math] cosf(3.70656) -> -0.844607
[Math] sinf(3.27926) -> -0.137228
[Math] cosf(3.27926) -> -0.990539
[Math] sinf(5.08945) -> -0.929749
[Math] cosf(5.08945) -> 0.368193
[Math] sinf(1.59797) -> 0.999631
[Math] cosf(1.59797) -> -0.0271708
[Math] sinf(5.78415) -> -0.478579
[Math] cosf(5.78415) -> 0.878044
[Math] sinf(2.36653) -> 0.699764
[Math] cosf(2.36653) -> -0.714374
[Math] sinf(5.47705) -> -0.721621
[Math] cosf(5.47705) -> 0.692289
[Math] sinf(4.53685) -> -0.984632
[Math] cosf(4.53685) -> -0.174639
[Math] sinf(2.43286) -> 0.650871
[Math] cosf(2.43286) -> -0.759188
[Math] sinf(1.59818) -> 0.999625
[Math] cosf(1.59818) -> -0.0273753
[Math] sinf(4.39947) -> -0.95144
[Math] cosf(4.39947) -> -0.307835
[Math] sinf(4.56269) -> -0.988816
[Math] cosf(4.56269) -> -0.14914
[Math] sinf(3.92428) -> -0.705189
[Math] cosf(3.92428) -> -0.709019
[Math] sinf(3.89881) -> -0.686899
[Math] cosf(3.89881) -> -0.726752
[Math] sinf(5.02499) -> -0.951538
[Math] cosf(5.02499) -> 0.307531
[Math] sinf(2.8143) -> 0.321484
[Math] cosf(2.8143) -> -0.946915
[Math] sinf(2.9214) -> 0.218419
[Math] cosf(2.9214) -> -0.975855
[Math] sinf(2.65197) -> 0.470296
[Math] cosf(2.65197) -> -0.882509
[Math] sinf(5.13188) -> -0.913295
[Math] cosf(5.13188) -> 0.407299
[Math] sinf(2.32579) -> 0.728278
[Math] cosf(2.32579) -> -0.685281
[Math] sinf(5.9357) -> -0.340533
[Math] cosf(5.9357) -> 0.940233
[Math] sinf(1.30424) -> 0.964683
[Math] cosf(1.30424) -> 0.263414
[Math] sinf(4.95332) -> -0.971117
[Math] cosf(4.95332) -> 0.238603
[Math] sinf(1.98153) -> 0.91683
[Math] cosf(1.98153) -> -0.399278
[Math] sinf(3.66535) -> -0.500136
[Math] cosf(3.66535) -> -0.865947
[Math] sinf(1.52548) -> 0.998973
[Math] cosf(1.52548) -> 0.0453054
[Math] sinf(5.90522) -> -0.369032
[Math] cosf(5.90522) -> 0.929417
[Math] sinf(5.45447) -> -0.737062
[Math] cosf(5.45447) -> 0.675825
[Math] sinf(3.51012) -> -0.360242
[Math] cosf(3.51012) -> -0.932859
[Math] sinf(1.78475) -> 0.977199
[Math] cosf(1.78475) -> -0.212327
[Math] sinf(3.69037) -> -0.521645
[Math] cosf(3.69037) -> -0.853163
[Math] sinf(3.13982) -> 0.00177255
[Math] cosf(3.13982) -> -0.999998
[Math] sinf(1.29892) -> 0.96327
[Math] cosf(1.29892) -> 0.268535
[Math] sinf(3.36339) -> -0.219985
[Math] cosf(3.36339) -> -0.975503
[Math] sinf(0.722966) -> 0.661612
[Math] cosf(0.722966) -> 0.749847
[Math] sinf(3.66638) -> -0.501026
[Math] cosf(3.66638) -> -0.865432
[Math] sinf(2.49739) -> 0.600558
[Math] cosf(2.49739) -> -0.799581
[Math] sinf(4.32903) -> -0.927415
[Math] cosf(4.32903) -> -0.374033
[Math] sinf(0.610179) -> 0.573014
[Math] cosf(0.610179) -> 0.819546
[Math] sinf(3.39185) -> -0.24765
[Math] cosf(3.39185) -> -0.96885
[Math] sinf(0.683883) -> 0.631807
[Math] cosf(0.683883) -> 0.775126
[Math] sinf(5.53783) -> -0.678231
[Math] cosf(5.53783) -> 0.734849
[Math] sinf(5.89572) -> -0.377839
[Math] cosf(5.89572) -> 0.925871
[Math] sinf(2.24953) -> 0.778368
[Math] cosf(2.24953) -> -0.627808
[Math] sinf(2.73296) -> 0.397353
[Math] cosf(2.73296) -> -0.917666
[Math] sinf(4.6902) -> -0.999754
[Math] cosf(4.6902) -> -0.0221911
[Math] sinf(2.56655) -> 0.543873
[Math] cosf(2.56655) -> -0.839167
[Math] sinf(0.995881) -> 0.839238
[Math] cosf(0.995881) -> 0.543764
[Bridge] Call: glLoadMatrixf
[Bridge] Call: glBindTexture
[Bridge] Call: glVertexPointer
[Bridge] Call: glTexCoordPointer
[Bridge] Call: glColorPointer
[Bridge] Call: glDisableClientState
[Bridge] Call: glDisableClientState
[Bridge] Call: glDisableClientState
[Bridge] Call: glEnableClientState
[Bridge] Call: glEnableClientState
[Bridge] Call: glEnableClientState
[Bridge] Call: glColor4ub
[Bridge] Call: glDrawElements
[Math] sinf(3.35398) -> -0.210794
[Math] cosf(3.35398) -> -0.977531
[Math] sinf(1.35827) -> 0.977502
[Math] cosf(1.35827) -> 0.210928
[Bridge] Call: glLoadMatrixf
[Bridge] Call: glVertexPointer
[Bridge] Call: glTexCoordPointer
[Bridge] Call: glColorPointer
[Bridge] Call: glDisableClientState
[Bridge] Call: glDisableClientState
[Bridge] Call: glDisableClientState
[Bridge] Call: glEnableClientState
[Bridge] Call: glEnableClientState
[Bridge] Call: glEnableClientState
[Bridge] Call: glColor4ub
[Bridge] Call: glDrawElements
[Bridge] Call: glDisableClientState
[Bridge] Call: glDisableClientState
[Bridge] Call: glDisableClientState
[Bridge] Call: glEnableClientState
[Bridge] Call: glEnableClientState
[Bridge] Call: glDepthMask
[Bridge] Call: glDisable
[Bridge] Call: glMatrixMode
[Bridge] Call: glLoadMatrixf
[Bridge] Call: glMatrixMode
[Bridge] Call: glMatrixMode
[Bridge] Call: glLoadMatrixf
[Bridge] Call: glMatrixMode
[Bridge] Call: glLoadIdentity
[Bridge] Call: glBindTexture
[Bridge] Call: glVertexPointer
[Bridge] Call: glTexCoordPointer
[Bridge] Call: glColor4ub
[Bridge] Call: glDrawArrays
[Bridge] Call: glMatrixMode
[Bridge] Call: glLoadMatrixf
[Bridge] Call: glMatrixMode
[Bridge] Call: glLoadMatrixf
[Bridge] Call: glDisableClientState
[Bridge] Call: glDisableClientState
[Bridge] Call: glEnableClientState
[Bridge] Call: glEnableClientState
[Bridge] Call: glEnableClientState
[Bridge] Call: glBindTexture
[Bridge] Call: glVertexPointer
[Bridge] Call: glColorPointer
[Bridge] Call: glTexCoordPointer
[Bridge] Call: glDrawElements
[Math] roundf(103) -> 103
[Math] roundf(34) -> 34
[Bridge] Call: glLoadMatrixf
[Bridge] Call: glMatrixMode
[Bridge] Call: glLoadMatrixf
[Bridge] Call: glMatrixMode
[Bridge] Call: glLoadMatrixf
[Bridge] Call: glBlendFunc
[Bridge] Call: glBindTexture
[Bridge] Call: glVertexPointer
[Bridge] Call: glColorPointer
[Bridge] Call: glTexCoordPointer
[Bridge] Call: glDrawArrays
[Bridge] Call: glMatrixMode
[Bridge] Call: glLoadMatrixf
[Bridge] Call: glMatrixMode
[Bridge] Call: glLoadMatrixf
[Bridge] Call: glBlendFunc
[Bridge] Call: glBindTexture
[Bridge] Call: glVertexPointer
[Bridge] Call: glColorPointer
[Bridge] Call: glTexCoordPointer
[Bridge] Call: glDrawElements
[Math] roundf(118) -> 118
[Math] roundf(34) -> 34
[Bridge] Call: glLoadMatrixf
[Bridge] Call: glMatrixMode
[Bridge] Call: glLoadMatrixf
[Bridge] Call: glMatrixMode
[Bridge] Call: glLoadMatrixf
[Bridge] Call: glBlendFunc
[Bridge] Call: glBindTexture
[Bridge] Call: glVertexPointer
[Bridge] Call: glColorPointer
[Bridge] Call: glTexCoordPointer
[Bridge] Call: glDrawArrays
[Bridge] Call: glMatrixMode
[Bridge] Call: glLoadMatrixf
[Bridge] Call: glMatrixMode
[Bridge] Call: glLoadMatrixf
[Bridge] Call: glBlendFunc
[Bridge] Call: glBindTexture
[Bridge] Call: glVertexPointer
[Bridge] Call: glColorPointer
[Bridge] Call: glTexCoordPointer
[Bridge] Call: glDrawElements
[Math] roundf(105.5) -> 106
[Math] roundf(34) -> 34
[Bridge] Call: glLoadMatrixf
[Bridge] Call: glMatrixMode
[Bridge] Call: glLoadMatrixf
[Bridge] Call: glMatrixMode
[Bridge] Call: glLoadMatrixf
[Bridge] Call: glBlendFunc
[Bridge] Call: glBindTexture
[Bridge] Call: glVertexPointer
[Bridge] Call: glColorPointer
[Bridge] Call: glTexCoordPointer
[Bridge] Call: glDrawArrays
[Bridge] Call: glMatrixMode
[Bridge] Call: glLoadMatrixf
[Bridge] Call: glMatrixMode
[Bridge] Call: glLoadMatrixf
[Bridge] Call: glBlendFunc
[Bridge] Call: glBindTexture
[Bridge] Call: glVertexPointer
[Bridge] Call: glColorPointer
[Bridge] Call: glTexCoordPointer
[Bridge] Call: glDrawElements
[Math] roundf(110.5) -> 111
[Math] roundf(34) -> 34
[Bridge] Call: glLoadMatrixf
[Bridge] Call: glMatrixMode
[Bridge] Call: glLoadMatrixf
[Bridge] Call: glMatrixMode
[Bridge] Call: glLoadMatrixf
[Bridge] Call: glBlendFunc
[Bridge] Call: glBindTexture
[Bridge] Call: glVertexPointer
[Bridge] Call: glColorPointer
[Bridge] Call: glTexCoordPointer
[Bridge] Call: glDrawArrays
[Bridge] Call: glMatrixMode
[Bridge] Call: glLoadMatrixf
[Bridge] Call: glMatrixMode
[Bridge] Call: glLoadMatrixf
[Math] roundf(16) -> 16
[Math] roundf(16) -> 16
[Bridge] Call: glLoadMatrixf
[Bridge] Call: glBlendFunc
[Bridge] Call: glDisableClientState
[Bridge] Call: glDisableClientState
[Bridge] Call: glDisableClientState
[Bridge] Call: glEnableClientState
[Bridge] Call: glEnableClientState
[Bridge] Call: glBindTexture
[Bridge] Call: glVertexPointer
[Bridge] Call: glTexCoordPointer
[Bridge] Call: glColor4ub
[Bridge] Call: glDrawArrays
[Bridge] Call: glMatrixMode
[Bridge] Call: glLoadMatrixf
[Bridge] Call: glMatrixMode
[Bridge] Call: glLoadMatrixf
[Bridge] Call: glMatrixMode
[Bridge] Call: glLoadMatrixf
[Bridge] Call: glMatrixMode
[Bridge] Call: glLoadMatrixf
[Math] roundf(16) -> 16
[Math] roundf(16) -> 16
[Bridge] Call: glLoadMatrixf
[Bridge] Call: glVertexPointer
[Bridge] Call: glTexCoordPointer
[Bridge] Call: glDrawArrays
[Bridge] Call: glMatrixMode
[Bridge] Call: glLoadMatrixf
[Bridge] Call: glMatrixMode
[Bridge] Call: glLoadMatrixf
[Bridge] Call: glMatrixMode
[Bridge] Call: glLoadMatrixf
[Bridge] Call: glMatrixMode
[Bridge] Call: glLoadMatrixf
[Bridge] Call: glDisableClientState
[Bridge] Call: glDisableClientState
[Bridge] Call: glEnableClientState
[Bridge] Call: glEnableClientState
[Bridge] Call: glEnableClientState
[Bridge] Call: glBindTexture
[Bridge] Call: glVertexPointer
[Bridge] Call: glColorPointer
[Bridge] Call: glTexCoordPointer
[Bridge] Call: glDrawElements
[Math] roundf(25) -> 25
[Math] roundf(25) -> 25
[Bridge] Call: glLoadMatrixf
[Bridge] Call: glMatrixMode
[Bridge] Call: glLoadMatrixf
[Bridge] Call: glMatrixMode
[Bridge] Call: glLoadMatrixf
[Bridge] Call: glMatrixMode
[Bridge] Call: glLoadMatrixf
[Bridge] Call: glMatrixMode
[Bridge] Call: glLoadMatrixf
[Bridge] Call: glVertexPointer
[Bridge] Call: glColorPointer
[Bridge] Call: glTexCoordPointer
[Bridge] Call: glDrawElements
[Math] roundf(25) -> 25
[Math] roundf(25) -> 25
[Bridge] Call: glLoadMatrixf
[Bridge] Call: glMatrixMode
[Bridge] Call: glLoadMatrixf
[Bridge] Call: glMatrixMode
[Bridge] Call: glLoadMatrixf
[Bridge] Call: glMatrixMode
[Bridge] Call: glLoadMatrixf
[Bridge] Call: glMatrixMode
[Bridge] Call: glLoadMatrixf
[Math] roundf(39.5) -> 40
[Math] roundf(4) -> 4
[Bridge] Call: glLoadMatrixf
[Bridge] Call: glMatrixMode
[Bridge] Call: glLoadMatrixf
[Bridge] Call: glMatrixMode
[Bridge] Call: glLoadMatrixf
[Bridge] Call: glBlendFunc
[Bridge] Call: glBindTexture
[Bridge] Call: glVertexPointer
[Bridge] Call: glColorPointer
[Bridge] Call: glTexCoordPointer
[Bridge] Call: glDrawArrays
[Bridge] Call: glMatrixMode
[Bridge] Call: glLoadMatrixf
[Bridge] Call: glMatrixMode
[Bridge] Call: glLoadIdentity
[Bridge] Call: glBlendFunc
[Bridge] Call: glDisable
[Bridge] Call: glDisableClientState
[Bridge] Call: glDisableClientState
[Bridge] Call: glDisableClientState
[Bridge] Call: glEnableClientState
[Bridge] Call: glVertexPointer
[Bridge] Call: glColor4ub
[Bridge] Call: glDrawArrays
[Bridge] Call: glMatrixMode
[Bridge] Call: glLoadMatrixf
[Bridge] Call: glMatrixMode
[Bridge] Call: glLoadIdentity
[Bridge] Call: glEnable
[Bridge] Call: glDisableClientState
[Bridge] Call: glEnableClientState
[Bridge] Call: glEnableClientState
[Bridge] Call: glEnableClientState
[Bridge] Call: glBindTexture
[Bridge] Call: glVertexPointer
[Bridge] Call: glColorPointer
[Bridge] Call: glTexCoordPointer
[Bridge] Call: glDrawElements
[Bridge] Call: glMatrixMode
[Bridge] Call: glLoadMatrixf
[Bridge] Call: glMatrixMode
[Bridge] Call: glLoadMatrixf
[Bridge] Call: glBlendFunc
[Bridge] Call: glBindTexture
[Bridge] Call: glVertexPointer
[Bridge] Call: glColorPointer
[Bridge] Call: glTexCoordPointer
[Bridge] Call: glDrawArrays
[Bridge] Call: glMatrixMode
[Bridge] Call: glLoadMatrixf
[Bridge] Call: glMatrixMode
[Bridge] Call: glLoadMatrixf
[Bridge] Call: glBlendFunc
[Bridge] Call: glBindTexture
[Bridge] Call: glVertexPointer
[Bridge] Call: glColorPointer
[Bridge] Call: glTexCoordPointer
[Bridge] Call: glDrawElements
[Math] roundf(50) -> 50
[Math] roundf(18) -> 18
[Bridge] Call: glLoadMatrixf
[Bridge] Call: glMatrixMode
[Bridge] Call: glLoadMatrixf
[Bridge] Call: glMatrixMode
[Bridge] Call: glLoadMatrixf
[Bridge] Call: glBlendFunc
[Bridge] Call: glBindTexture
[Bridge] Call: glVertexPointer
[Bridge] Call: glColorPointer
[Bridge] Call: glTexCoordPointer
[Bridge] Call: glDrawArrays
[Bridge] Call: glMatrixMode
[Bridge] Call: glLoadMatrixf
[Bridge] Call: glMatrixMode
[Bridge] Call: glLoadIdentity
[Bridge] Call: glBlendFunc
[Bridge] Call: glBindTexture
[Bridge] Call: glVertexPointer
[Bridge] Call: glColorPointer
[Bridge] Call: glTexCoordPointer
[Bridge] Call: glDrawElements
[Bridge] Call: glMatrixMode
[Bridge] Call: glLoadMatrixf
[Bridge] Call: glMatrixMode
[Bridge] Call: glLoadIdentity
[Bridge] Call: glVertexPointer
[Bridge] Call: glColorPointer
[Bridge] Call: glTexCoordPointer
[Bridge] Call: glDrawElements
[Bridge] Call: glMatrixMode
[Bridge] Call: glLoadMatrixf
[Bridge] Call: glMatrixMode
[Bridge] Call: glLoadMatrixf
[Bridge] Call: glBlendFunc
[Bridge] Call: glBindTexture
[Bridge] Call: glVertexPointer
[Bridge] Call: glColorPointer
[Bridge] Call: glTexCoordPointer
[Bridge] Call: glDrawArrays
[Bridge] Call: glMatrixMode
[Bridge] Call: glLoadMatrixf
[Bridge] Call: glMatrixMode
[Bridge] Call: glLoadIdentity
[Bridge] Call: glBlendFunc
[Bridge] Call: glBindTexture
[Bridge] Call: glVertexPointer
[Bridge] Call: glColorPointer
[Bridge] Call: glTexCoordPointer
[Bridge] Call: glDrawElements
[Bridge] Call: glMatrixMode
[Bridge] Call: glLoadMatrixf
[Bridge] Call: glMatrixMode
[Bridge] Call: glLoadIdentity
[Bridge] Call: glBindTexture
[Bridge] Call: glVertexPointer
[Bridge] Call: glColorPointer
[Bridge] Call: glTexCoordPointer
[Bridge] Call: glDrawElements
[Bridge] Call: glMatrixMode
[Bridge] Call: glLoadMatrixf
[Bridge] Call: glMatrixMode
[Bridge] Call: glLoadIdentity
[Bridge] Call: glVertexPointer
[Bridge] Call: glColorPointer
[Bridge] Call: glTexCoordPointer
[Bridge] Call: glDrawElements
[Math] roundf(0) -> 0
[Math] roundf(0) -> 0
[Math] roundf(800) -> 800
[Math] roundf(480) -> 480
[Bridge] Call: glViewport
[Bridge] Call: glMatrixMode
[Bridge] Call: glLoadMatrixf
[Bridge] Call: glMatrixMode
[Emulator] Function executed 197543 instructions
[Emulator] Function returned with R0=0x0
[Emulator] Calling guest function at 0x12f3d2d
[Bridge] Call: GetStaticMethodID
[JNI] GetMethodID: isAgeKnown -> 0x13170001
[Bridge] Call: CallStaticBooleanMethodV
[JNI] CallStaticBooleanMethodV(mid=0x13170001) -> 0
[STR] strlen(str=0x142dd29) -> "Privacy Policy"
[MEM] memcpy(dest=0x20eb509c, src=0x142dd29, n=14)
[Math] cosf(0) -> 1
[Math] sinf(0) -> 0
[Bridge] Call: tanf
[Math] tanf(0.349066) -> 0.36397
[Bridge] Call: tanf
[Math] tanf(0.349066) -> 0.36397
[Math] floorf(11.6714) -> 11
[Math] floorf(16.1297) -> 16
[Math] floorf(0.235495) -> 0
[Math] floorf(3.52581) -> 3
[Math] floorf(2.09227) -> 2
[Math] floorf(4.85797) -> 4
[Math] floorf(-0.866895) -> -1
[Math] floorf(0.932087) -> 0
[Bridge] Call: sin
[Bridge] Call: cos
[Bridge] Call: sin
[Bridge] Call: cos
[Math] cosf(0) -> 1
[Math] sinf(0) -> 0
[Math] cosf(0.785398) -> 0.707107
[Math] sinf(0.785398) -> 0.707107
[Math] atan2f(-0.102987, 1.21736) -> -0.0843977
[Math] atan2f(-0.102987, 1.21736) -> -0.0843977
[Emulator] Function executed 26751 instructions
[Emulator] Function returned with R0=0x0
[Emulator] Calling guest function at 0x12f3d45
[Math] roundf(0) -> 0
[Math] roundf(0) -> 0
[Math] roundf(800) -> 800
[Math] roundf(480) -> 480
[Bridge] Call: glViewport
[Bridge] Call: glClearColor
[Bridge] Call: glClear
[Math] cosf(0) -> 1
[Math] sinf(0) -> 0
[Bridge] Call: glMatrixMode
[Bridge] Call: glLoadMatrixf
[Bridge] Call: glMatrixMode
[Bridge] Call: glLoadIdentity
[Bridge] Call: glMatrixMode
[Bridge] Call: glLoadMatrixf
[Bridge] Call: glMatrixMode
[Bridge] Call: glEnable
[Bridge] Call: glEnable
[Bridge] Call: glLoadMatrixf
[Bridge] Call: glEnable
[Bridge] Call: glLightfv
[Bridge] Call: glLightfv
[Bridge] Call: glLightfv
[Bridge] Call: glLightModelfv
[Bridge] Call: glDisable
[Bridge] Call: glEnable
[Bridge] Call: glDisableClientState
[Bridge] Call: glDisableClientState
[Bridge] Call: glDisableClientState
[Bridge] Call: glEnableClientState
[Bridge] Call: glEnableClientState
[Math] cosf(0) -> 1
[Math] sinf(0) -> 0
[Bridge] Call: glLoadMatrixf
[Bridge] Call: glMaterialfv
[Bridge] Call: glMaterialfv
[Bridge] Call: glLoadMatrixf
[Math] cosf(0) -> 1
[Math] sinf(0) -> 0
[Bridge] Call: glLoadMatrixf
[Bridge] Call: glMaterialfv
[Bridge] Call: glMaterialfv
[Bridge] Call: glBindTexture
[Bridge] Call: glVertexPointer
[Bridge] Call: glNormalPointer
[Bridge] Call: glTexCoordPointer
[Bridge] Call: glDisableClientState
[Bridge] Call: glDisableClientState
[Bridge] Call: glEnableClientState
[Bridge] Call: glEnableClientState
[Bridge] Call: glEnableClientState
[Bridge] Call: glColor4ub
[Bridge] Call: glDrawElements
[Bridge] Call: glVertexPointer
[Bridge] Call: glNormalPointer
[Bridge] Call: glTexCoordPointer
[Bridge] Call: glDisableClientState
[Bridge] Call: glDisableClientState
[Bridge] Call: glDisableClientState
[Bridge] Call: glEnableClientState
[Bridge] Call: glEnableClientState
[Bridge] Call: glEnableClientState
[Bridge] Call: glDrawElements
[Bridge] Call: glVertexPointer
[Bridge] Call: glNormalPointer
[Bridge] Call: glTexCoordPointer
[Bridge] Call: glDisableClientState
[Bridge] Call: glDisableClientState
[Bridge] Call: glDisableClientState
[Bridge] Call: glEnableClientState
[Bridge] Call: glEnableClientState
[Bridge] Call: glEnableClientState
[Bridge] Call: glDrawElements
[Bridge] Call: glVertexPointer
[Bridge] Call: glNormalPointer
[Bridge] Call: glTexCoordPointer
[Bridge] Call: glDisableClientState
[Bridge] Call: glDisableClientState
[Bridge] Call: glDisableClientState
[Bridge] Call: glEnableClientState
[Bridge] Call: glEnableClientState
[Bridge] Call: glEnableClientState
[Bridge] Call: glDrawElements
[Bridge] Call: glVertexPointer
[Bridge] Call: glNormalPointer
[Bridge] Call: glTexCoordPointer
[Bridge] Call: glDisableClientState
[Bridge] Call: glDisableClientState
[Bridge] Call: glDisableClientState
[Bridge] Call: glEnableClientState
[Bridge] Call: glEnableClientState
[Bridge] Call: glEnableClientState
[Bridge] Call: glDrawElements
[Bridge] Call: glVertexPointer
[Bridge] Call: glNormalPointer
[Bridge] Call: glTexCoordPointer
[Bridge] Call: glDisableClientState
[Bridge] Call: glDisableClientState
[Bridge] Call: glDisableClientState
[Bridge] Call: glEnableClientState
[Bridge] Call: glEnableClientState
[Bridge] Call: glEnableClientState
[Bridge] Call: glDrawElements
[Bridge] Call: glVertexPointer
[Bridge] Call: glNormalPointer
[Bridge] Call: glTexCoordPointer
[Bridge] Call: glDisableClientState
[Bridge] Call: glDisableClientState
[Bridge] Call: glDisableClientState
[Bridge] Call: glEnableClientState
[Bridge] Call: glEnableClientState
[Bridge] Call: glEnableClientState
[Bridge] Call: glDrawElements
[Bridge] Call: glVertexPointer
[Bridge] Call: glNormalPointer
[Bridge] Call: glTexCoordPointer
[Bridge] Call: glDisableClientState
[Bridge] Call: glDisableClientState
[Bridge] Call: glDisableClientState
[Bridge] Call: glEnableClientState
[Bridge] Call: glEnableClientState
[Bridge] Call: glEnableClientState
[Bridge] Call: glDrawElements
[Bridge] Call: glVertexPointer
[Bridge] Call: glNormalPointer
[Bridge] Call: glTexCoordPointer
[Bridge] Call: glDisableClientState
[Bridge] Call: glDisableClientState
[Bridge] Call: glDisableClientState
[Bridge] Call: glEnableClientState
[Bridge] Call: glEnableClientState
[Bridge] Call: glEnableClientState
[Bridge] Call: glDrawElements
[Bridge] Call: glVertexPointer
[Bridge] Call: glNormalPointer
[Bridge] Call: glTexCoordPointer
[Bridge] Call: glDisableClientState
[Bridge] Call: glDisableClientState
[Bridge] Call: glDisableClientState
[Bridge] Call: glEnableClientState
[Bridge] Call: glEnableClientState
[Bridge] Call: glEnableClientState
[Bridge] Call: glDrawElements
[Bridge] Call: glVertexPointer
[Bridge] Call: glNormalPointer
[Bridge] Call: glTexCoordPointer
[Bridge] Call: glDisableClientState
[Bridge] Call: glDisableClientState
[Bridge] Call: glDisableClientState
[Bridge] Call: glEnableClientState
[Bridge] Call: glEnableClientState
[Bridge] Call: glEnableClientState
[Bridge] Call: glDrawElements
[Bridge] Call: glVertexPointer
[Bridge] Call: glNormalPointer
[Bridge] Call: glTexCoordPointer
[Bridge] Call: glDisableClientState
[Bridge] Call: glDisableClientState
[Bridge] Call: glDisableClientState
[Bridge] Call: glEnableClientState
[Bridge] Call: glEnableClientState
[Bridge] Call: glEnableClientState
[Bridge] Call: glDrawElements
[Bridge] Call: glVertexPointer
[Bridge] Call: glNormalPointer
[Bridge] Call: glTexCoordPointer
[Bridge] Call: glDisableClientState
[Bridge] Call: glDisableClientState
[Bridge] Call: glDisableClientState
[Bridge] Call: glEnableClientState
[Bridge] Call: glEnableClientState
[Bridge] Call: glEnableClientState
[Bridge] Call: glDrawElements
[Bridge] Call: glVertexPointer
[Bridge] Call: glNormalPointer
[Bridge] Call: glTexCoordPointer
[Bridge] Call: glDisableClientState
[Bridge] Call: glDisableClientState
[Bridge] Call: glDisableClientState
[Bridge] Call: glEnableClientState
[Bridge] Call: glEnableClientState
[Bridge] Call: glEnableClientState
[Bridge] Call: glDrawElements
[Bridge] Call: glLoadMatrixf
[Bridge] Call: glVertexPointer
[Bridge] Call: glNormalPointer
[Bridge] Call: glTexCoordPointer
[Bridge] Call: glDisableClientState
[Bridge] Call: glDisableClientState
[Bridge] Call: glDisableClientState
[Bridge] Call: glEnableClientState
[Bridge] Call: glEnableClientState
[Bridge] Call: glEnableClientState
[Bridge] Call: glDrawArrays
[Bridge] Call: glVertexPointer
[Bridge] Call: glNormalPointer
[Bridge] Call: glTexCoordPointer
[Bridge] Call: glDisableClientState
[Bridge] Call: glDisableClientState
[Bridge] Call: glDisableClientState
[Bridge] Call: glEnableClientState
[Bridge] Call: glEnableClientState
[Bridge] Call: glEnableClientState
[Bridge] Call: glDrawArrays
[Bridge] Call: glVertexPointer
[Bridge] Call: glNormalPointer
[Bridge] Call: glTexCoordPointer
[Bridge] Call: glDisableClientState
[Bridge] Call: glDisableClientState
[Bridge] Call: glDisableClientState
[Bridge] Call: glEnableClientState
[Bridge] Call: glEnableClientState
[Bridge] Call: glEnableClientState
[Bridge] Call: glDrawArrays
[Math] cosf(0) -> 1
[Math] sinf(0) -> 0
[Bridge] Call: glLoadMatrixf
[Bridge] Call: glMaterialfv
[Bridge] Call: glMaterialfv
[Bridge] Call: glBindTexture
[Bridge] Call: glVertexPointer
[Bridge] Call: glNormalPointer
[Bridge] Call: glTexCoordPointer
[Bridge] Call: glDisableClientState
[Bridge] Call: glDisableClientState
[Bridge] Call: glDisableClientState
[Bridge] Call: glEnableClientState
[Bridge] Call: glEnableClientState
[Bridge] Call: glEnableClientState
[Bridge] Call: glDrawElements
[Bridge] Call: glLoadMatrixf
[Bridge] Call: glVertexPointer
[Bridge] Call: glNormalPointer
[Bridge] Call: glTexCoordPointer
[Bridge] Call: glDisableClientState
[Bridge] Call: glDisableClientState
[Bridge] Call: glDisableClientState
[Bridge] Call: glEnableClientState
[Bridge] Call: glEnableClientState
[Bridge] Call: glEnableClientState
[Bridge] Call: glDrawArrays
[Math] cosf(0) -> 1
[Math] sinf(0) -> 0
[Bridge] Call: glLoadMatrixf
[Bridge] Call: glMaterialfv
[Bridge] Call: glMaterialfv
[Bridge] Call: glBindTexture
[Bridge] Call: glVertexPointer
[Bridge] Call: glNormalPointer
[Bridge] Call: glTexCoordPointer
[Bridge] Call: glDisableClientState
[Bridge] Call: glDisableClientState
[Bridge] Call: glDisableClientState
[Bridge] Call: glEnableClientState
[Bridge] Call: glEnableClientState
[Bridge] Call: glEnableClientState
[Bridge] Call: glDrawElements
[Bridge] Call: glLoadMatrixf
[Bridge] Call: glVertexPointer
[Bridge] Call: glNormalPointer
[Bridge] Call: glTexCoordPointer
[Bridge] Call: glDisableClientState
[Bridge] Call: glDisableClientState
[Bridge] Call: glDisableClientState
[Bridge] Call: glEnableClientState
[Bridge] Call: glEnableClientState
[Bridge] Call: glEnableClientState
[Bridge] Call: glDrawArrays
[Math] cosf(0) -> 1
[Math] sinf(0) -> 0
[Bridge] Call: glLoadMatrixf
[Bridge] Call: glMaterialfv
[Bridge] Call: glMaterialfv
[Bridge] Call: glBindTexture
[Bridge] Call: glVertexPointer
[Bridge] Call: glNormalPointer
[Bridge] Call: glTexCoordPointer
[Bridge] Call: glDisableClientState
[Bridge] Call: glDisableClientState
[Bridge] Call: glDisableClientState
[Bridge] Call: glEnableClientState
[Bridge] Call: glEnableClientState
[Bridge] Call: glEnableClientState
[Bridge] Call: glDrawElements
[Bridge] Call: glVertexPointer
[Bridge] Call: glNormalPointer
[Bridge] Call: glTexCoordPointer
[Bridge] Call: glDisableClientState
[Bridge] Call: glDisableClientState
[Bridge] Call: glDisableClientState
[Bridge] Call: glEnableClientState
[Bridge] Call: glEnableClientState
[Bridge] Call: glEnableClientState
[Bridge] Call: glDrawElements
[Bridge] Call: glVertexPointer
[Bridge] Call: glNormalPointer
[Bridge] Call: glTexCoordPointer
[Bridge] Call: glDisableClientState
[Bridge] Call: glDisableClientState
[Bridge] Call: glDisableClientState
[Bridge] Call: glEnableClientState
[Bridge] Call: glEnableClientState
[Bridge] Call: glEnableClientState
[Bridge] Call: glDrawElements
[Bridge] Call: glBindTexture
[Bridge] Call: glVertexPointer
[Bridge] Call: glNormalPointer
[Bridge] Call: glTexCoordPointer
[Bridge] Call: glDisableClientState
[Bridge] Call: glDisableClientState
[Bridge] Call: glDisableClientState
[Bridge] Call: glEnableClientState
[Bridge] Call: glEnableClientState
[Bridge] Call: glEnableClientState
[Bridge] Call: glDrawElements
[Bridge] Call: glVertexPointer
[Bridge] Call: glNormalPointer
[Bridge] Call: glTexCoordPointer
[Bridge] Call: glDisableClientState
[Bridge] Call: glDisableClientState
[Bridge] Call: glDisableClientState
[Bridge] Call: glEnableClientState
[Bridge] Call: glEnableClientState
[Bridge] Call: glEnableClientState
[Bridge] Call: glDrawElements
[Bridge] Call: glVertexPointer
[Bridge] Call: glNormalPointer
[Bridge] Call: glTexCoordPointer
[Bridge] Call: glDisableClientState
[Bridge] Call: glDisableClientState
[Bridge] Call: glDisableClientState
[Bridge] Call: glEnableClientState
[Bridge] Call: glEnableClientState
[Bridge] Call: glEnableClientState
[Bridge] Call: glDrawElements
[Bridge] Call: glLoadMatrixf
[Bridge] Call: glVertexPointer
[Bridge] Call: glNormalPointer
[Bridge] Call: glTexCoordPointer
[Bridge] Call: glDisableClientState
[Bridge] Call: glDisableClientState
[Bridge] Call: glDisableClientState
[Bridge] Call: glEnableClientState
[Bridge] Call: glEnableClientState
[Bridge] Call: glEnableClientState
[Bridge] Call: glDrawArrays
[Bridge] Call: glVertexPointer
[Bridge] Call: glNormalPointer
[Bridge] Call: glTexCoordPointer
[Bridge] Call: glDisableClientState
[Bridge] Call: glDisableClientState
[Bridge] Call: glDisableClientState
[Bridge] Call: glEnableClientState
[Bridge] Call: glEnableClientState
[Bridge] Call: glEnableClientState
[Bridge] Call: glDrawArrays
[Math] cosf(0) -> 1
[Math] sinf(0) -> 0
[Bridge] Call: glLoadMatrixf
[Bridge] Call: glMaterialfv
[Bridge] Call: glMaterialfv
[Bridge] Call: glVertexPointer
[Bridge] Call: glNormalPointer
[Bridge] Call: glTexCoordPointer
[Bridge] Call: glDisableClientState
[Bridge] Call: glDisableClientState
[Bridge] Call: glDisableClientState
[Bridge] Call: glEnableClientState
[Bridge] Call: glEnableClientState
[Bridge] Call: glEnableClientState
[Bridge] Call: glDrawElements
[Bridge] Call: glVertexPointer
[Bridge] Call: glNormalPointer
[Bridge] Call: glTexCoordPointer
[Bridge] Call: glDisableClientState
[Bridge] Call: glDisableClientState
[Bridge] Call: glDisableClientState
[Bridge] Call: glEnableClientState
[Bridge] Call: glEnableClientState
[Bridge] Call: glEnableClientState
[Bridge] Call: glDrawElements
[Bridge] Call: glVertexPointer
[Bridge] Call: glNormalPointer
[Bridge] Call: glTexCoordPointer
[Bridge] Call: glDisableClientState
[Bridge] Call: glDisableClientState
[Bridge] Call: glDisableClientState
[Bridge] Call: glEnableClientState
[Bridge] Call: glEnableClientState
[Bridge] Call: glEnableClientState
[Bridge] Call: glDrawElements
[Bridge] Call: glLoadMatrixf
[Bridge] Call: glVertexPointer
[Bridge] Call: glNormalPointer
[Bridge] Call: glTexCoordPointer
[Bridge] Call: glDisableClientState
[Bridge] Call: glDisableClientState
[Bridge] Call: glDisableClientState
[Bridge] Call: glEnableClientState
[Bridge] Call: glEnableClientState
[Bridge] Call: glEnableClientState
[Bridge] Call: glDrawArrays
[Math] cosf(0) -> 1
[Math] sinf(0) -> 0
[Bridge] Call: glLoadMatrixf
[Bridge] Call: glMaterialfv
[Bridge] Call: glMaterialfv
[Bridge] Call: glVertexPointer
[Bridge] Call: glNormalPointer
[Bridge] Call: glTexCoordPointer
[Bridge] Call: glDisableClientState
[Bridge] Call: glDisableClientState
[Bridge] Call: glDisableClientState
[Bridge] Call: glEnableClientState
[Bridge] Call: glEnableClientState
[Bridge] Call: glEnableClientState
[Bridge] Call: glDrawElements
[Bridge] Call: glVertexPointer
[Bridge] Call: glNormalPointer
[Bridge] Call: glTexCoordPointer
[Bridge] Call: glDisableClientState
[Bridge] Call: glDisableClientState
[Bridge] Call: glDisableClientState
[Bridge] Call: glEnableClientState
[Bridge] Call: glEnableClientState
[Bridge] Call: glEnableClientState
[Bridge] Call: glDrawElements
[Bridge] Call: glVertexPointer
[Bridge] Call: glNormalPointer
[Bridge] Call: glTexCoordPointer
[Bridge] Call: glDisableClientState
[Bridge] Call: glDisableClientState
[Bridge] Call: glDisableClientState
[Bridge] Call: glEnableClientState
[Bridge] Call: glEnableClientState
[Bridge] Call: glEnableClientState
[Bridge] Call: glDrawElements
[Bridge] Call: glVertexPointer
[Bridge] Call: glNormalPointer
[Bridge] Call: glTexCoordPointer
[Bridge] Call: glDisableClientState
[Bridge] Call: glDisableClientState
[Bridge] Call: glDisableClientState
[Bridge] Call: glEnableClientState
[Bridge] Call: glEnableClientState
[Bridge] Call: glEnableClientState
[Bridge] Call: glDrawElements
[Bridge] Call: glVertexPointer
[Bridge] Call: glNormalPointer
[Bridge] Call: glTexCoordPointer
[Bridge] Call: glDisableClientState
[Bridge] Call: glDisableClientState
[Bridge] Call: glDisableClientState
[Bridge] Call: glEnableClientState
[Bridge] Call: glEnableClientState
[Bridge] Call: glEnableClientState
[Bridge] Call: glDrawElements
[Bridge] Call: glVertexPointer
[Bridge] Call: glNormalPointer
[Bridge] Call: glTexCoordPointer
[Bridge] Call: glDisableClientState
[Bridge] Call: glDisableClientState
[Bridge] Call: glDisableClientState
[Bridge] Call: glEnableClientState
[Bridge] Call: glEnableClientState
[Bridge] Call: glEnableClientState
[Bridge] Call: glDrawElements
[Bridge] Call: glVertexPointer
[Bridge] Call: glNormalPointer
[Bridge] Call: glTexCoordPointer
[Bridge] Call: glDisableClientState
[Bridge] Call: glDisableClientState
[Bridge] Call: glDisableClientState
[Bridge] Call: glEnableClientState
[Bridge] Call: glEnableClientState
[Bridge] Call: glEnableClientState
[Bridge] Call: glDrawElements
[Bridge] Call: glVertexPointer
[Bridge] Call: glNormalPointer
[Bridge] Call: glTexCoordPointer
[Bridge] Call: glDisableClientState
[Bridge] Call: glDisableClientState
[Bridge] Call: glDisableClientState
[Bridge] Call: glEnableClientState
[Bridge] Call: glEnableClientState
[Bridge] Call: glEnableClientState
[Bridge] Call: glDrawElements
[Bridge] Call: glLoadMatrixf
[Bridge] Call: glVertexPointer
[Bridge] Call: glNormalPointer
[Bridge] Call: glTexCoordPointer
[Bridge] Call: glDisableClientState
[Bridge] Call: glDisableClientState
[Bridge] Call: glDisableClientState
[Bridge] Call: glEnableClientState
[Bridge] Call: glEnableClientState
[Bridge] Call: glEnableClientState
[Bridge] Call: glDrawArrays
[Bridge] Call: glVertexPointer
[Bridge] Call: glNormalPointer
[Bridge] Call: glTexCoordPointer
[Bridge] Call: glDisableClientState
[Bridge] Call: glDisableClientState
[Bridge] Call: glDisableClientState
[Bridge] Call: glEnableClientState
[Bridge] Call: glEnableClientState
[Bridge] Call: glEnableClientState
[Bridge] Call: glDrawArrays
[Bridge] Call: glLoadMatrixf
[Bridge] Call: glMaterialfv
[Bridge] Call: glMaterialfv
[Bridge] Call: glBindTexture
[Bridge] Call: glVertexPointer
[Bridge] Call: glNormalPointer
[Bridge] Call: glTexCoordPointer
[Bridge] Call: glDisableClientState
[Bridge] Call: glDisableClientState
[Bridge] Call: glDisableClientState
[Bridge] Call: glEnableClientState
[Bridge] Call: glEnableClientState
[Bridge] Call: glEnableClientState
[Bridge] Call: glDrawElements
[Bridge] Call: glMaterialfv
[Bridge] Call: glMaterialfv
[Bridge] Call: glBindTexture
[Bridge] Call: glVertexPointer
[Bridge] Call: glNormalPointer
[Bridge] Call: glTexCoordPointer
[Bridge] Call: glDisableClientState
[Bridge] Call: glDisableClientState
[Bridge] Call: glDisableClientState
[Bridge] Call: glEnableClientState
[Bridge] Call: glEnableClientState
[Bridge] Call: glEnableClientState
[Bridge] Call: glDrawElements
[Math] cosf(0) -> 1
[Math] sinf(0) -> 0
[Bridge] Call: glLoadMatrixf
[Bridge] Call: glMaterialfv
[Bridge] Call: glMaterialfv
[Bridge] Call: glBindTexture
[Bridge] Call: glVertexPointer
[Bridge] Call: glNormalPointer
[Bridge] Call: glTexCoordPointer
[Bridge] Call: glDisableClientState
[Bridge] Call: glDisableClientState
[Bridge] Call: glDisableClientState
[Bridge] Call: glEnableClientState
[Bridge] Call: glEnableClientState
[Bridge] Call: glEnableClientState
[Bridge] Call: glDrawElements
[Math] cosf(0) -> 1
[Math] sinf(0) -> 0
[Bridge] Call: glLoadMatrixf
[Bridge] Call: glMaterialfv
[Bridge] Call: glMaterialfv
[Bridge] Call: glBindTexture
[Bridge] Call: glVertexPointer
[Bridge] Call: glNormalPointer
[Bridge] Call: glTexCoordPointer
[Bridge] Call: glDisableClientState
[Bridge] Call: glDisableClientState
[Bridge] Call: glDisableClientState
[Bridge] Call: glEnableClientState
[Bridge] Call: glEnableClientState
[Bridge] Call: glEnableClientState
[Bridge] Call: glDrawElements
[Math] cosf(0) -> 1
[Math] sinf(0) -> 0
[Bridge] Call: glLoadMatrixf
[Bridge] Call: glEnable
[Bridge] Call: glMaterialfv
[Bridge] Call: glMaterialfv
[Bridge] Call: glBindTexture
[Bridge] Call: glVertexPointer
[Bridge] Call: glNormalPointer
[Bridge] Call: glTexCoordPointer
[Bridge] Call: glDisableClientState
[Bridge] Call: glDisableClientState
[Bridge] Call: glDisableClientState
[Bridge] Call: glEnableClientState
[Bridge] Call: glEnableClientState
[Bridge] Call: glEnableClientState
[Bridge] Call: glDrawElements
[Bridge] Call: glMaterialfv
[Bridge] Call: glMaterialfv
[Bridge] Call: glBindTexture
[Bridge] Call: glVertexPointer
[Bridge] Call: glNormalPointer
[Bridge] Call: glTexCoordPointer
[Bridge] Call: glDisableClientState
[Bridge] Call: glDisableClientState
[Bridge] Call: glDisableClientState
[Bridge] Call: glEnableClientState
[Bridge] Call: glEnableClientState
[Bridge] Call: glEnableClientState
[Bridge] Call: glDrawElements
[Bridge] Call: glMaterialfv
[Bridge] Call: glMaterialfv
[Bridge] Call: glVertexPointer
[Bridge] Call: glNormalPointer
[Bridge] Call: glTexCoordPointer
[Bridge] Call: glDisableClientState
[Bridge] Call: glDisableClientState
[Bridge] Call: glDisableClientState
[Bridge] Call: glEnableClientState
[Bridge] Call: glEnableClientState
[Bridge] Call: glEnableClientState
[Bridge] Call: glDrawElements
[Bridge] Call: glDisable
[Math] cosf(0) -> 1
[Math] sinf(0) -> 0
[Math] cosf(0.872665) -> 0.642788
[Math] sinf(0.872665) -> 0.766044
[Bridge] Call: glLoadMatrixf
[Bridge] Call: glEnable
[Bridge] Call: glMaterialfv
[Bridge] Call: glMaterialfv
[Bridge] Call: glBindTexture
[Bridge] Call: glVertexPointer
[Bridge] Call: glNormalPointer
[Bridge] Call: glTexCoordPointer
[Bridge] Call: glDisableClientState
[Bridge] Call: glDisableClientState
[Bridge] Call: glDisableClientState
[Bridge] Call: glEnableClientState
[Bridge] Call: glEnableClientState
[Bridge] Call: glEnableClientState
[Bridge] Call: glDrawElements
[Bridge] Call: glDisable
[Math] cosf(0) -> 1
[Math] sinf(0) -> 0
[Math] cosf(4.71239) -> 1.19249e-08
[Math] sinf(4.71239) -> -1
[Bridge] Call: glLoadMatrixf
[Bridge] Call: glEnable
[Bridge] Call: glMaterialfv
[Bridge] Call: glMaterialfv
[Bridge] Call: glVertexPointer
[Bridge] Call: glNormalPointer
[Bridge] Call: glTexCoordPointer
[Bridge] Call: glDisableClientState
[Bridge] Call: glDisableClientState
[Bridge] Call: glDisableClientState
[Bridge] Call: glEnableClientState
[Bridge] Call: glEnableClientState
[Bridge] Call: glEnableClientState
[Bridge] Call: glDrawElements
[Bridge] Call: glDisable
[Math] cosf(0) -> 1
[Math] sinf(0) -> 0
[Math] cosf(3.14159) -> -1
[Math] sinf(3.14159) -> -8.74228e-08
[Bridge] Call: glLoadMatrixf
[Bridge] Call: glEnable
[Bridge] Call: glMaterialfv
[Bridge] Call: glMaterialfv
[Bridge] Call: glVertexPointer
[Bridge] Call: glNormalPointer
[Bridge] Call: glTexCoordPointer
[Bridge] Call: glDisableClientState
[Bridge] Call: glDisableClientState
[Bridge] Call: glDisableClientState
[Bridge] Call: glEnableClientState
[Bridge] Call: glEnableClientState
[Bridge] Call: glEnableClientState
[Bridge] Call: glDrawElements
[Bridge] Call: glDisable
[Math] cosf(0) -> 1
[Math] sinf(0) -> 0
[Bridge] Call: glLoadMatrixf
[Bridge] Call: glEnable
[Bridge] Call: glMaterialfv
[Bridge] Call: glMaterialfv
[Bridge] Call: glVertexPointer
[Bridge] Call: glNormalPointer
[Bridge] Call: glTexCoordPointer
[Bridge] Call: glDisableClientState
[Bridge] Call: glDisableClientState
[Bridge] Call: glDisableClientState
[Bridge] Call: glEnableClientState
[Bridge] Call: glEnableClientState
[Bridge] Call: glEnableClientState
[Bridge] Call: glDrawElements
[Bridge] Call: glDisable
[Math] cosf(0) -> 1
[Math] sinf(0) -> 0
[Math] cosf(3.14159) -> -1
[Math] sinf(3.14159) -> -8.74228e-08
[Bridge] Call: glLoadMatrixf
[Bridge] Call: glEnable
[Bridge] Call: glMaterialfv
[Bridge] Call: glMaterialfv
[Bridge] Call: glVertexPointer
[Bridge] Call: glNormalPointer
[Bridge] Call: glTexCoordPointer
[Bridge] Call: glDisableClientState
[Bridge] Call: glDisableClientState
[Bridge] Call: glDisableClientState
[Bridge] Call: glEnableClientState
[Bridge] Call: glEnableClientState
[Bridge] Call: glEnableClientState
[Bridge] Call: glDrawElements
[Bridge] Call: glDisable
[Math] cosf(6.40524) -> 0.992561
[Math] sinf(6.40524) -> 0.121749
[Bridge] Call: glLoadMatrixf
[Bridge] Call: glEnable
[Bridge] Call: glMaterialfv
[Bridge] Call: glMaterialfv
[Bridge] Call: glBindTexture
[Bridge] Call: glVertexPointer
[Bridge] Call: glNormalPointer
[Bridge] Call: glTexCoordPointer
[Bridge] Call: glDisableClientState
[Bridge] Call: glDisableClientState
[Bridge] Call: glDisableClientState
[Bridge] Call: glEnableClientState
[Bridge] Call: glEnableClientState
[Bridge] Call: glEnableClientState
[Bridge] Call: glDrawElements
[Bridge] Call: glDisable
[Math] cosf(4.87273) -> 0.159658
[Math] sinf(4.87273) -> -0.987172
[Bridge] Call: glLoadMatrixf
[Bridge] Call: glEnable
[Bridge] Call: glMaterialfv
[Bridge] Call: glMaterialfv
[Bridge] Call: glBindTexture
[Bridge] Call: glVertexPointer
[Bridge] Call: glNormalPointer
[Bridge] Call: glTexCoordPointer
[Bridge] Call: glDisableClientState
[Bridge] Call: glDisableClientState
[Bridge] Call: glDisableClientState
[Bridge] Call: glEnableClientState
[Bridge] Call: glEnableClientState
[Bridge] Call: glEnableClientState
[Bridge] Call: glDrawElements
[Bridge] Call: glMaterialfv
[Bridge] Call: glMaterialfv
[Bridge] Call: glBindTexture
[Bridge] Call: glVertexPointer
[Bridge] Call: glNormalPointer
[Bridge] Call: glTexCoordPointer
[Bridge] Call: glDisableClientState
[Bridge] Call: glDisableClientState
[Bridge] Call: glDisableClientState
[Bridge] Call: glEnableClientState
[Bridge] Call: glEnableClientState
[Bridge] Call: glEnableClientState
[Bridge] Call: glDrawElements
[Bridge] Call: glMaterialfv
[Bridge] Call: glMaterialfv
[Bridge] Call: glVertexPointer
[Bridge] Call: glNormalPointer
[Bridge] Call: glTexCoordPointer
[Bridge] Call: glDisableClientState
[Bridge] Call: glDisableClientState
[Bridge] Call: glDisableClientState
[Bridge] Call: glEnableClientState
[Bridge] Call: glEnableClientState
[Bridge] Call: glEnableClientState
[Bridge] Call: glDrawElements
[Bridge] Call: glDisable
[Math] cosf(0) -> 1
[Math] sinf(0) -> 0
[Math] cosf(0.785398) -> 0.707107
[Math] sinf(0.785398) -> 0.707107
[Bridge] Call: glLoadMatrixf
[Bridge] Call: glEnable
[Bridge] Call: glMaterialfv
[Bridge] Call: glMaterialfv
[Bridge] Call: glBindTexture
[Bridge] Call: glVertexPointer
[Bridge] Call: glNormalPointer
[Bridge] Call: glTexCoordPointer
[Bridge] Call: glDisableClientState
[Bridge] Call: glDisableClientState
[Bridge] Call: glDisableClientState
[Bridge] Call: glEnableClientState
[Bridge] Call: glEnableClientState
[Bridge] Call: glEnableClientState
[Bridge] Call: glDrawElements
[Bridge] Call: glMaterialfv
[Bridge] Call: glMaterialfv
[Bridge] Call: glVertexPointer
[Bridge] Call: glNormalPointer
[Bridge] Call: glTexCoordPointer
[Bridge] Call: glDisableClientState
[Bridge] Call: glDisableClientState
[Bridge] Call: glDisableClientState
[Bridge] Call: glEnableClientState
[Bridge] Call: glEnableClientState
[Bridge] Call: glEnableClientState
[Bridge] Call: glDrawElements
[Bridge] Call: glMaterialfv
[Bridge] Call: glMaterialfv
[Bridge] Call: glVertexPointer
[Bridge] Call: glNormalPointer
[Bridge] Call: glTexCoordPointer
[Bridge] Call: glDisableClientState
[Bridge] Call: glDisableClientState
[Bridge] Call: glDisableClientState
[Bridge] Call: glEnableClientState
[Bridge] Call: glEnableClientState
[Bridge] Call: glEnableClientState
[Bridge] Call: glDrawElements
[Bridge] Call: glMaterialfv
[Bridge] Call: glMaterialfv
[Bridge] Call: glVertexPointer
[Bridge] Call: glNormalPointer
[Bridge] Call: glTexCoordPointer
[Bridge] Call: glDisableClientState
[Bridge] Call: glDisableClientState
[Bridge] Call: glDisableClientState
[Bridge] Call: glEnableClientState
[Bridge] Call: glEnableClientState
[Bridge] Call: glEnableClientState
[Bridge] Call: glDrawElements
[Bridge] Call: glMaterialfv
[Bridge] Call: glMaterialfv
[Bridge] Call: glVertexPointer
[Bridge] Call: glNormalPointer
[Bridge] Call: glTexCoordPointer
[Bridge] Call: glDisableClientState
[Bridge] Call: glDisableClientState
[Bridge] Call: glDisableClientState
[Bridge] Call: glEnableClientState
[Bridge] Call: glEnableClientState
[Bridge] Call: glEnableClientState
[Bridge] Call: glDrawElements
[Bridge] Call: glMaterialfv
[Bridge] Call: glMaterialfv
[Bridge] Call: glVertexPointer
[Bridge] Call: glNormalPointer
[Bridge] Call: glTexCoordPointer
[Bridge] Call: glDisableClientState
[Bridge] Call: glDisableClientState
[Bridge] Call: glDisableClientState
[Bridge] Call: glEnableClientState
[Bridge] Call: glEnableClientState
[Bridge] Call: glEnableClientState
[Bridge] Call: glDrawElements
[Bridge] Call: glDisable
[Bridge] Call: glEnable
[Bridge] Call: glDepthMask
[Bridge] Call: glDepthMask
[Bridge] Call: glDisable
[Bridge] Call: glMatrixMode
[Bridge] Call: glLoadMatrixf
[Bridge] Call: glMatrixMode
[Bridge] Call: glLoadIdentity
[Bridge] Call: glDisable
[Bridge] Call: glDisable
[Bridge] Call: glDisableClientState
[Bridge] Call: glDisableClientState
[Bridge] Call: glDisableClientState
[Bridge] Call: glEnableClientState
[Bridge] Call: glEnableClientState
[Bridge] Call: glVertexPointer
[Bridge] Call: glColorPointer
[Bridge] Call: glDisableClientState
[Bridge] Call: glDisableClientState
[Bridge] Call: glEnableClientState
[Bridge] Call: glEnableClientState
[Bridge] Call: glColor4ub
[Bridge] Call: glDrawElements
[Bridge] Call: glLightModelfv
[Bridge] Call: glDisable
[Bridge] Call: glMatrixMode
[Bridge] Call: glLoadMatrixf
[Bridge] Call: glMatrixMode
[Bridge] Call: glLoadMatrixf
[Bridge] Call: glEnable
[Bridge] Call: glDisableClientState
[Bridge] Call: glDisableClientState
[Bridge] Call: glEnableClientState
[Bridge] Call: glEnableClientState
[Bridge] Call: glEnable
[Bridge] Call: glDepthFunc
[Bridge] Call: glLoadMatrixf
[Bridge] Call: glBindTexture
[Bridge] Call: glVertexPointer
[Bridge] Call: glNormalPointer
[Bridge] Call: glTexCoordPointer
[Bridge] Call: glDisableClientState
[Bridge] Call: glDisableClientState
[Bridge] Call: glEnableClientState
[Bridge] Call: glEnableClientState
[Bridge] Call: glEnableClientState
[Bridge] Call: glColor4ub
[Bridge] Call: glDrawElements
[Bridge] Call: glBindTexture
[Bridge] Call: glVertexPointer
[Bridge] Call: glNormalPointer
[Bridge] Call: glTexCoordPointer
[Bridge] Call: glDisableClientState
[Bridge] Call: glDisableClientState
[Bridge] Call: glDisableClientState
[Bridge] Call: glEnableClientState
[Bridge] Call: glEnableClientState
[Bridge] Call: glEnableClientState
[Bridge] Call: glDrawElements
[Math] cosf(0) -> 1
[Math] sinf(0) -> 0
[Bridge] Call: glLoadMatrixf
[Bridge] Call: glBindTexture
[Bridge] Call: glVertexPointer
[Bridge] Call: glNormalPointer
[Bridge] Call: glTexCoordPointer
[Bridge] Call: glDisableClientState
[Bridge] Call: glDisableClientState
[Bridge] Call: glDisableClientState
[Bridge] Call: glEnableClientState
[Bridge] Call: glEnableClientState
[Bridge] Call: glEnableClientState
[Bridge] Call: glColor4ub
[Bridge] Call: glDrawElements
[Bridge] Call: glBlendFunc
[Bridge] Call: glDepthFunc
[Bridge] Call: glMatrixMode
[Bridge] Call: glLoadMatrixf
[Bridge] Call: glMatrixMode
[Bridge] Call: glLoadIdentity
[Bridge] Call: glDisable
[DEBUG] Prepare @ 0x11d4a8a: s0=-0.987891 (0xbf7ce665)
[DEBUG] Prepare @ 0x11d4ada: s18=-11868.5 s4=-1
[Bridge] Call: tanf
[Math] tanf(0.174533) -> 0.176327
[Bridge] Call: glLoadMatrixf
[Bridge] Call: glVertexPointer
[Bridge] Call: glTexCoordPointer
[Bridge] Call: glColor4ub
[Bridge] Call: glDrawElements
[Bridge] Call: glMatrixMode
[Bridge] Call: glLoadMatrixf
[Bridge] Call: glMatrixMode
[Bridge] Call: glDisable
[Bridge] Call: glDepthMask
[Bridge] Call: glEnable
[Bridge] Call: glDisableClientState
[Bridge] Call: glDisableClientState
[Bridge] Call: glDisableClientState
[Bridge] Call: glEnableClientState
[Bridge] Call: glEnableClientState
[Bridge] Call: glEnableClientState
[Math] cosf(0) -> 1
[Math] sinf(0) -> 0
[Math] floorf(21.4862) -> 21
[Math] floorf(22.0383) -> 22
[Math] floorf(0.495074) -> 0
[Math] floorf(1.90224) -> 1
[Bridge] Call: glLoadMatrixf
[Bridge] Call: glBindTexture
[Bridge] Call: glVertexPointer
[Bridge] Call: glTexCoordPointer
[Bridge] Call: glColorPointer
[Bridge] Call: glDrawArrays
[Bridge] Call: glDisable
[Bridge] Call: glDisableClientState
[Bridge] Call: glDisableClientState
[Bridge] Call: glDisableClientState
[Bridge] Call: glEnableClientState
[Bridge] Call: glEnableClientState
[Bridge] Call: glLoadMatrixf
[Bridge] Call: glVertexPointer
[Bridge] Call: glColorPointer
[Bridge] Call: glColor4ub
[Bridge] Call: glDrawElements
[Bridge] Call: glEnable
[Bridge] Call: glDisableClientState
[Bridge] Call: glDisableClientState
[Bridge] Call: glEnableClientState
[Bridge] Call: glEnableClientState
[Bridge] Call: glEnableClientState
[Math] sinf(3.70656) -> -0.535387
[Math] cosf(3.70656) -> -0.844607
[Math] sinf(3.27926) -> -0.137228
[Math] cosf(3.27926) -> -0.990539
[Math] sinf(5.08945) -> -0.929749
[Math] cosf(5.08945) -> 0.368193
[Math] sinf(1.59797) -> 0.999631
[Math] cosf(1.59797) -> -0.0271708
[Math] sinf(5.78415) -> -0.478579
[Math] cosf(5.78415) -> 0.878044
[Math] sinf(2.36653) -> 0.699764
[Math] cosf(2.36653) -> -0.714374
[Math] sinf(5.47705) -> -0.721621
[Math] cosf(5.47705) -> 0.692289
[Math] sinf(4.53685) -> -0.984632
[Math] cosf(4.53685) -> -0.174639
[Math] sinf(2.43286) -> 0.650871
[Math] cosf(2.43286) -> -0.759188
[Math] sinf(1.59818) -> 0.999625
[Math] cosf(1.59818) -> -0.0273753
[Math] sinf(4.39947) -> -0.95144
[Math] cosf(4.39947) -> -0.307835
[Math] sinf(4.56269) -> -0.988816
[Math] cosf(4.56269) -> -0.14914
[Math] sinf(3.92428) -> -0.705189
[Math] cosf(3.92428) -> -0.709019
[Math] sinf(3.89881) -> -0.686899
[Math] cosf(3.89881) -> -0.726752
[Math] sinf(5.02499) -> -0.951538
[Math] cosf(5.02499) -> 0.307531
[Math] sinf(2.8143) -> 0.321484
[Math] cosf(2.8143) -> -0.946915
[Math] sinf(2.9214) -> 0.218419
[Math] cosf(2.9214) -> -0.975855
[Math] sinf(2.65197) -> 0.470296
[Math] cosf(2.65197) -> -0.882509
[Math] sinf(5.13188) -> -0.913295
[Math] cosf(5.13188) -> 0.407299
[Math] sinf(2.32579) -> 0.728278
[Math] cosf(2.32579) -> -0.685281
[Math] sinf(5.9357) -> -0.340533
[Math] cosf(5.9357) -> 0.940233
[Math] sinf(1.30424) -> 0.964683
[Math] cosf(1.30424) -> 0.263414
[Math] sinf(4.95332) -> -0.971117
[Math] cosf(4.95332) -> 0.238603
[Math] sinf(1.98153) -> 0.91683
[Math] cosf(1.98153) -> -0.399278
[Math] sinf(3.66535) -> -0.500136
[Math] cosf(3.66535) -> -0.865947
[Math] sinf(1.52548) -> 0.998973
[Math] cosf(1.52548) -> 0.0453054
[Math] sinf(5.90522) -> -0.369032
[Math] cosf(5.90522) -> 0.929417
[Math] sinf(5.45447) -> -0.737062
[Math] cosf(5.45447) -> 0.675825
[Math] sinf(3.51012) -> -0.360242
[Math] cosf(3.51012) -> -0.932859
[Math] sinf(1.78475) -> 0.977199
[Math] cosf(1.78475) -> -0.212327
[Math] sinf(3.69037) -> -0.521645
[Math] cosf(3.69037) -> -0.853163
[Math] sinf(3.13982) -> 0.00177255
[Math] cosf(3.13982) -> -0.999998
[Math] sinf(1.29892) -> 0.96327
[Math] cosf(1.29892) -> 0.268535
[Math] sinf(3.36339) -> -0.219985
[Math] cosf(3.36339) -> -0.975503
[Math] sinf(0.722966) -> 0.661612
[Math] cosf(0.722966) -> 0.749847
[Math] sinf(3.66638) -> -0.501026
[Math] cosf(3.66638) -> -0.865432
[Math] sinf(2.49739) -> 0.600558
[Math] cosf(2.49739) -> -0.799581
[Math] sinf(4.32903) -> -0.927415
[Math] cosf(4.32903) -> -0.374033
[Math] sinf(0.610179) -> 0.573014
[Math] cosf(0.610179) -> 0.819546
[Math] sinf(3.39185) -> -0.24765
[Math] cosf(3.39185) -> -0.96885
[Math] sinf(0.683883) -> 0.631807
[Math] cosf(0.683883) -> 0.775126
[Math] sinf(5.53783) -> -0.678231
[Math] cosf(5.53783) -> 0.734849
[Math] sinf(5.89572) -> -0.377839
[Math] cosf(5.89572) -> 0.925871
[Math] sinf(2.24953) -> 0.778368
[Math] cosf(2.24953) -> -0.627808
[Math] sinf(2.73296) -> 0.397353
[Math] cosf(2.73296) -> -0.917666
[Math] sinf(4.6902) -> -0.999754
[Math] cosf(4.6902) -> -0.0221911
[Math] sinf(2.56655) -> 0.543873
[Math] cosf(2.56655) -> -0.839167
[Math] sinf(0.995881) -> 0.839238
[Math] cosf(0.995881) -> 0.543764
[Bridge] Call: glLoadMatrixf
[Bridge] Call: glBindTexture
[Bridge] Call: glVertexPointer
[Bridge] Call: glTexCoordPointer
[Bridge] Call: glColorPointer
[Bridge] Call: glDisableClientState
[Bridge] Call: glDisableClientState
[Bridge] Call: glDisableClientState
[Bridge] Call: glEnableClientState
[Bridge] Call: glEnableClientState
[Bridge] Call: glEnableClientState
[Bridge] Call: glColor4ub
[Bridge] Call: glDrawElements
[Math] sinf(3.35398) -> -0.210794
[Math] cosf(3.35398) -> -0.977531
[Math] sinf(1.35827) -> 0.977502
[Math] cosf(1.35827) -> 0.210928
[Bridge] Call: glLoadMatrixf
[Bridge] Call: glVertexPointer
[Bridge] Call: glTexCoordPointer
[Bridge] Call: glColorPointer
[Bridge] Call: glDisableClientState
[Bridge] Call: glDisableClientState
[Bridge] Call: glDisableClientState
[Bridge] Call: glEnableClientState
[Bridge] Call: glEnableClientState
[Bridge] Call: glEnableClientState
[Bridge] Call: glColor4ub
[Bridge] Call: glDrawElements
[Bridge] Call: glDisableClientState
[Bridge] Call: glDisableClientState
[Bridge] Call: glDisableClientState
[Bridge] Call: glEnableClientState
[Bridge] Call: glEnableClientState
[Bridge] Call: glDepthMask
[Bridge] Call: glDisable
[Bridge] Call: glMatrixMode
[Bridge] Call: glLoadMatrixf
[Bridge] Call: glMatrixMode
[Bridge] Call: glMatrixMode
[Bridge] Call: glLoadMatrixf
[Bridge] Call: glMatrixMode
[Bridge] Call: glLoadIdentity
[Bridge] Call: glBindTexture
[Bridge] Call: glVertexPointer
[Bridge] Call: glTexCoordPointer
[Bridge] Call: glColor4ub
[Bridge] Call: glDrawArrays
[Bridge] Call: glMatrixMode
[Bridge] Call: glLoadMatrixf
[Bridge] Call: glMatrixMode
[Bridge] Call: glLoadMatrixf
[Bridge] Call: glDisableClientState
[Bridge] Call: glDisableClientState
[Bridge] Call: glEnableClientState
[Bridge] Call: glEnableClientState
[Bridge] Call: glEnableClientState
[Bridge] Call: glBindTexture
[Bridge] Call: glVertexPointer
[Bridge] Call: glColorPointer
[Bridge] Call: glTexCoordPointer
[Bridge] Call: glDrawElements
[Math] roundf(103) -> 103
[Math] roundf(34) -> 34
[Bridge] Call: glLoadMatrixf
[Bridge] Call: glMatrixMode
[Bridge] Call: glLoadMatrixf
[Bridge] Call: glMatrixMode
[Bridge] Call: glLoadMatrixf
[Bridge] Call: glBlendFunc
[Bridge] Call: glBindTexture
[Bridge] Call: glVertexPointer
[Bridge] Call: glColorPointer
[Bridge] Call: glTexCoordPointer
[Bridge] Call: glDrawArrays
[Bridge] Call: glMatrixMode
[Bridge] Call: glLoadMatrixf
[Bridge] Call: glMatrixMode
[Bridge] Call: glLoadMatrixf
[Bridge] Call: glBlendFunc
[Bridge] Call: glBindTexture
[Bridge] Call: glVertexPointer
[Bridge] Call: glColorPointer
[Bridge] Call: glTexCoordPointer
[Bridge] Call: glDrawElements
[Math] roundf(118) -> 118
[Math] roundf(34) -> 34
[Bridge] Call: glLoadMatrixf
[Bridge] Call: glMatrixMode
[Bridge] Call: glLoadMatrixf
[Bridge] Call: glMatrixMode
[Bridge] Call: glLoadMatrixf
[Bridge] Call: glBlendFunc
[Bridge] Call: glBindTexture
[Bridge] Call: glVertexPointer
[Bridge] Call: glColorPointer
[Bridge] Call: glTexCoordPointer
[Bridge] Call: glDrawArrays
[Bridge] Call: glMatrixMode
[Bridge] Call: glLoadMatrixf
[Bridge] Call: glMatrixMode
[Bridge] Call: glLoadMatrixf
[Bridge] Call: glBlendFunc
[Bridge] Call: glBindTexture
[Bridge] Call: glVertexPointer
[Bridge] Call: glColorPointer
[Bridge] Call: glTexCoordPointer
[Bridge] Call: glDrawElements
[Math] roundf(105.5) -> 106
[Math] roundf(34) -> 34
[Bridge] Call: glLoadMatrixf
[Bridge] Call: glMatrixMode
[Bridge] Call: glLoadMatrixf
[Bridge] Call: glMatrixMode
[Bridge] Call: glLoadMatrixf
[Bridge] Call: glBlendFunc
[Bridge] Call: glBindTexture
[Bridge] Call: glVertexPointer
[Bridge] Call: glColorPointer
[Bridge] Call: glTexCoordPointer
[Bridge] Call: glDrawArrays
[Bridge] Call: glMatrixMode
[Bridge] Call: glLoadMatrixf
[Bridge] Call: glMatrixMode
[Bridge] Call: glLoadMatrixf
[Bridge] Call: glBlendFunc
[Bridge] Call: glBindTexture
[Bridge] Call: glVertexPointer
[Bridge] Call: glColorPointer
[Bridge] Call: glTexCoordPointer
[Bridge] Call: glDrawElements
[Math] roundf(110.5) -> 111
[Math] roundf(34) -> 34
[Bridge] Call: glLoadMatrixf
[Bridge] Call: glMatrixMode
[Bridge] Call: glLoadMatrixf
[Bridge] Call: glMatrixMode
[Bridge] Call: glLoadMatrixf
[Bridge] Call: glBlendFunc
[Bridge] Call: glBindTexture
[Bridge] Call: glVertexPointer
[Bridge] Call: glColorPointer
[Bridge] Call: glTexCoordPointer
[Bridge] Call: glDrawArrays
[Bridge] Call: glMatrixMode
[Bridge] Call: glLoadMatrixf
[Bridge] Call: glMatrixMode
[Bridge] Call: glLoadMatrixf
[Math] roundf(16) -> 16
[Math] roundf(16) -> 16
[Bridge] Call: glLoadMatrixf
[Bridge] Call: glBlendFunc
[Bridge] Call: glDisableClientState
[Bridge] Call: glDisableClientState
[Bridge] Call: glDisableClientState
[Bridge] Call: glEnableClientState
[Bridge] Call: glEnableClientState
[Bridge] Call: glBindTexture
[Bridge] Call: glVertexPointer
[Bridge] Call: glTexCoordPointer
[Bridge] Call: glColor4ub
[Bridge] Call: glDrawArrays
[Bridge] Call: glMatrixMode
[Bridge] Call: glLoadMatrixf
[Bridge] Call: glMatrixMode
[Bridge] Call: glLoadMatrixf
[Bridge] Call: glMatrixMode
[Bridge] Call: glLoadMatrixf
[Bridge] Call: glMatrixMode
[Bridge] Call: glLoadMatrixf
[Math] roundf(16) -> 16
[Math] roundf(16) -> 16
[Bridge] Call: glLoadMatrixf
[Bridge] Call: glVertexPointer
[Bridge] Call: glTexCoordPointer
[Bridge] Call: glDrawArrays
[Bridge] Call: glMatrixMode
[Bridge] Call: glLoadMatrixf
[Bridge] Call: glMatrixMode
[Bridge] Call: glLoadMatrixf
[Bridge] Call: glMatrixMode
[Bridge] Call: glLoadMatrixf
[Bridge] Call: glMatrixMode
[Bridge] Call: glLoadMatrixf
[Bridge] Call: glDisableClientState
[Bridge] Call: glDisableClientState
[Bridge] Call: glEnableClientState
[Bridge] Call: glEnableClientState
[Bridge] Call: glEnableClientState
[Bridge] Call: glBindTexture
[Bridge] Call: glVertexPointer
[Bridge] Call: glColorPointer
[Bridge] Call: glTexCoordPointer
[Bridge] Call: glDrawElements
[Math] roundf(25) -> 25
[Math] roundf(25) -> 25
[Bridge] Call: glLoadMatrixf
[Bridge] Call: glMatrixMode
[Bridge] Call: glLoadMatrixf
[Bridge] Call: glMatrixMode
[Bridge] Call: glLoadMatrixf
[Bridge] Call: glMatrixMode
[Bridge] Call: glLoadMatrixf
[Bridge] Call: glMatrixMode
[Bridge] Call: glLoadMatrixf
[Bridge] Call: glVertexPointer
[Bridge] Call: glColorPointer
[Bridge] Call: glTexCoordPointer
[Bridge] Call: glDrawElements
[Math] roundf(25) -> 25
[Math] roundf(25) -> 25
[Bridge] Call: glLoadMatrixf
[Bridge] Call: glMatrixMode
[Bridge] Call: glLoadMatrixf
[Bridge] Call: glMatrixMode
[Bridge] Call: glLoadMatrixf
[Bridge] Call: glMatrixMode
[Bridge] Call: glLoadMatrixf
[Bridge] Call: glMatrixMode
[Bridge] Call: glLoadMatrixf
[Math] roundf(39.5) -> 40
[Math] roundf(4) -> 4
[Bridge] Call: glLoadMatrixf
[Bridge] Call: glMatrixMode
[Bridge] Call: glLoadMatrixf
[Bridge] Call: glMatrixMode
[Bridge] Call: glLoadMatrixf
[Bridge] Call: glBlendFunc
[Bridge] Call: glBindTexture
[Bridge] Call: glVertexPointer
[Bridge] Call: glColorPointer
[Bridge] Call: glTexCoordPointer
[Bridge] Call: glDrawArrays
[Bridge] Call: glMatrixMode
[Bridge] Call: glLoadMatrixf
[Bridge] Call: glMatrixMode
[Bridge] Call: glLoadIdentity
[Bridge] Call: glBlendFunc
[Bridge] Call: glDisable
[Bridge] Call: glDisableClientState
[Bridge] Call: glDisableClientState
[Bridge] Call: glDisableClientState
[Bridge] Call: glEnableClientState
[Bridge] Call: glVertexPointer
[Bridge] Call: glColor4ub
[Bridge] Call: glDrawArrays
[Bridge] Call: glMatrixMode
[Bridge] Call: glLoadMatrixf
[Bridge] Call: glMatrixMode
[Bridge] Call: glLoadIdentity
[Bridge] Call: glEnable
[Bridge] Call: glDisableClientState
[Bridge] Call: glEnableClientState
[Bridge] Call: glEnableClientState
[Bridge] Call: glEnableClientState
[Bridge] Call: glBindTexture
[Bridge] Call: glVertexPointer
[Bridge] Call: glColorPointer
[Bridge] Call: glTexCoordPointer
[Bridge] Call: glDrawElements
[Bridge] Call: glMatrixMode
[Bridge] Call: glLoadMatrixf
[Bridge] Call: glMatrixMode
[Bridge] Call: glLoadMatrixf
[Bridge] Call: glBlendFunc
[Bridge] Call: glBindTexture
[Bridge] Call: glVertexPointer
[Bridge] Call: glColorPointer
[Bridge] Call: glTexCoordPointer
[Bridge] Call: glDrawArrays
[Bridge] Call: glMatrixMode
[Bridge] Call: glLoadMatrixf
[Bridge] Call: glMatrixMode
[Bridge] Call: glLoadMatrixf
[Bridge] Call: glBlendFunc
[Bridge] Call: glBindTexture
[Bridge] Call: glVertexPointer
[Bridge] Call: glColorPointer
[Bridge] Call: glTexCoordPointer
[Bridge] Call: glDrawElements
[Math] roundf(50) -> 50
[Math] roundf(18) -> 18
[Bridge] Call: glLoadMatrixf
[Bridge] Call: glMatrixMode
[Bridge] Call: glLoadMatrixf
[Bridge] Call: glMatrixMode
[Bridge] Call: glLoadMatrixf
[Bridge] Call: glBlendFunc
[Bridge] Call: glBindTexture
[Bridge] Call: glVertexPointer
[Bridge] Call: glColorPointer
[Bridge] Call: glTexCoordPointer
[Bridge] Call: glDrawArrays
[Bridge] Call: glMatrixMode
[Bridge] Call: glLoadMatrixf
[Bridge] Call: glMatrixMode
[Bridge] Call: glLoadIdentity
[Bridge] Call: glBlendFunc
[Bridge] Call: glBindTexture
[Bridge] Call: glVertexPointer
[Bridge] Call: glColorPointer
[Bridge] Call: glTexCoordPointer
[Bridge] Call: glDrawElements
[Bridge] Call: glMatrixMode
[Bridge] Call: glLoadMatrixf
[Bridge] Call: glMatrixMode
[Bridge] Call: glLoadIdentity
[Bridge] Call: glVertexPointer
[Bridge] Call: glColorPointer
[Bridge] Call: glTexCoordPointer
[Bridge] Call: glDrawElements
[Bridge] Call: glMatrixMode
[Bridge] Call: glLoadMatrixf
[Bridge] Call: glMatrixMode
[Bridge] Call: glLoadMatrixf
[Bridge] Call: glBlendFunc
[Bridge] Call: glBindTexture
[Bridge] Call: glVertexPointer
[Bridge] Call: glColorPointer
[Bridge] Call: glTexCoordPointer
[Bridge] Call: glDrawArrays
[Bridge] Call: glMatrixMode
[Bridge] Call: glLoadMatrixf
[Bridge] Call: glMatrixMode
[Bridge] Call: glLoadIdentity
[Bridge] Call: glBlendFunc
[Bridge] Call: glBindTexture
[Bridge] Call: glVertexPointer
[Bridge] Call: glColorPointer
[Bridge] Call: glTexCoordPointer
[Bridge] Call: glDrawElements
[Bridge] Call: glMatrixMode
[Bridge] Call: glLoadMatrixf
[Bridge] Call: glMatrixMode
[Bridge] Call: glLoadIdentity
[Bridge] Call: glBindTexture
[Bridge] Call: glVertexPointer
[Bridge] Call: glColorPointer
[Bridge] Call: glTexCoordPointer
[Bridge] Call: glDrawElements
[Bridge] Call: glMatrixMode
[Bridge] Call: glLoadMatrixf
[Bridge] Call: glMatrixMode
[Bridge] Call: glLoadIdentity
[Bridge] Call: glVertexPointer
[Bridge] Call: glColorPointer
[Bridge] Call: glTexCoordPointer
[Bridge] Call: glDrawElements
[Math] roundf(0) -> 0
[Math] roundf(0) -> 0
[Math] roundf(800) -> 800
[Math] roundf(480) -> 480
[Bridge] Call: glViewport
[Bridge] Call: glMatrixMode
[Bridge] Call: glLoadMatrixf
[Bridge] Call: glMatrixMode
[Emulator] Function executed 197543 instructions
[Emulator] Function returned with R0=0x0
[Emulator] Calling guest function at 0x12f3d2d
[Bridge] Call: GetStaticMethodID
[JNI] GetMethodID: isAgeKnown -> 0x13170001
[Bridge] Call: CallStaticBooleanMethodV
[JNI] CallStaticBooleanMethodV(mid=0x13170001) -> 0
[STR] strlen(str=0x142dd29) -> "Privacy Policy"
[MEM] memcpy(dest=0x20eb50cc, src=0x142dd29, n=14)
[Math] cosf(0) -> 1
[Math] sinf(0) -> 0
[Bridge] Call: tanf
[Math] tanf(0.349066) -> 0.36397
[Bridge] Call: tanf
[Math] tanf(0.349066) -> 0.36397
[Math] floorf(11.6714) -> 11
[Math] floorf(16.1297) -> 16
[Math] floorf(0.235495) -> 0
[Math] floorf(3.52581) -> 3
[Math] floorf(2.09227) -> 2
[Math] floorf(4.85797) -> 4
[Math] floorf(-0.866895) -> -1
[Math] floorf(0.932087) -> 0
[Bridge] Call: sin
[Bridge] Call: cos
[Bridge] Call: sin
[Bridge] Call: cos
[Math] cosf(0) -> 1
[Math] sinf(0) -> 0
[Math] cosf(0.785398) -> 0.707107
[Math] sinf(0.785398) -> 0.707107
[Math] atan2f(-0.102987, 1.21736) -> -0.0843977
[Math] atan2f(-0.102987, 1.21736) -> -0.0843977
[Emulator] Function executed 26751 instructions
[Emulator] Function returned with R0=0x0
[Emulator] Calling guest function at 0x12f3d45
[Math] roundf(0) -> 0
[Math] roundf(0) -> 0
[Math] roundf(800) -> 800
[Math] roundf(480) -> 480
[Bridge] Call: glViewport
[Bridge] Call: glClearColor
[Bridge] Call: glClear
[Math] cosf(0) -> 1
[Math] sinf(0) -> 0
[Bridge] Call: glMatrixMode
[Bridge] Call: glLoadMatrixf
[Bridge] Call: glMatrixMode
[Bridge] Call: glLoadIdentity
[Bridge] Call: glMatrixMode
[Bridge] Call: glLoadMatrixf
[Bridge] Call: glMatrixMode
[Bridge] Call: glEnable
[Bridge] Call: glEnable
[Bridge] Call: glLoadMatrixf
[Bridge] Call: glEnable
[Bridge] Call: glLightfv
[Bridge] Call: glLightfv
[Bridge] Call: glLightfv
[Bridge] Call: glLightModelfv
[Bridge] Call: glDisable
[Bridge] Call: glEnable
[Bridge] Call: glDisableClientState
[Bridge] Call: glDisableClientState
[Bridge] Call: glDisableClientState
[Bridge] Call: glEnableClientState
[Bridge] Call: glEnableClientState
[Math] cosf(0) -> 1
[Math] sinf(0) -> 0
[Bridge] Call: glLoadMatrixf
[Bridge] Call: glMaterialfv
[Bridge] Call: glMaterialfv
[Bridge] Call: glLoadMatrixf
[Math] cosf(0) -> 1
[Math] sinf(0) -> 0
[Bridge] Call: glLoadMatrixf
[Bridge] Call: glMaterialfv
[Bridge] Call: glMaterialfv
[Bridge] Call: glBindTexture
[Bridge] Call: glVertexPointer
[Bridge] Call: glNormalPointer
[Bridge] Call: glTexCoordPointer
[Bridge] Call: glDisableClientState
[Bridge] Call: glDisableClientState
[Bridge] Call: glEnableClientState
[Bridge] Call: glEnableClientState
[Bridge] Call: glEnableClientState
[Bridge] Call: glColor4ub
[Bridge] Call: glDrawElements
[Bridge] Call: glVertexPointer
[Bridge] Call: glNormalPointer
[Bridge] Call: glTexCoordPointer
[Bridge] Call: glDisableClientState
[Bridge] Call: glDisableClientState
[Bridge] Call: glDisableClientState
[Bridge] Call: glEnableClientState
[Bridge] Call: glEnableClientState
[Bridge] Call: glEnableClientState
[Bridge] Call: glDrawElements
[Bridge] Call: glVertexPointer
[Bridge] Call: glNormalPointer
[Bridge] Call: glTexCoordPointer
[Bridge] Call: glDisableClientState
[Bridge] Call: glDisableClientState
[Bridge] Call: glDisableClientState
[Bridge] Call: glEnableClientState
[Bridge] Call: glEnableClientState
[Bridge] Call: glEnableClientState
[Bridge] Call: glDrawElements
[Bridge] Call: glVertexPointer
[Bridge] Call: glNormalPointer
[Bridge] Call: glTexCoordPointer
[Bridge] Call: glDisableClientState
[Bridge] Call: glDisableClientState
[Bridge] Call: glDisableClientState
[Bridge] Call: glEnableClientState
[Bridge] Call: glEnableClientState
[Bridge] Call: glEnableClientState
[Bridge] Call: glDrawElements
[Bridge] Call: glVertexPointer
[Bridge] Call: glNormalPointer
[Bridge] Call: glTexCoordPointer
[Bridge] Call: glDisableClientState
[Bridge] Call: glDisableClientState
[Bridge] Call: glDisableClientState
[Bridge] Call: glEnableClientState
[Bridge] Call: glEnableClientState
[Bridge] Call: glEnableClientState
[Bridge] Call: glDrawElements
[Bridge] Call: glVertexPointer
[Bridge] Call: glNormalPointer
[Bridge] Call: glTexCoordPointer
[Bridge] Call: glDisableClientState
[Bridge] Call: glDisableClientState
[Bridge] Call: glDisableClientState
[Bridge] Call: glEnableClientState
[Bridge] Call: glEnableClientState
[Bridge] Call: glEnableClientState
[Bridge] Call: glDrawElements
[Bridge] Call: glVertexPointer
[Bridge] Call: glNormalPointer
[Bridge] Call: glTexCoordPointer
[Bridge] Call: glDisableClientState
[Bridge] Call: glDisableClientState
[Bridge] Call: glDisableClientState
[Bridge] Call: glEnableClientState
[Bridge] Call: glEnableClientState
[Bridge] Call: glEnableClientState
[Bridge] Call: glDrawElements
[Bridge] Call: glVertexPointer
[Bridge] Call: glNormalPointer
[Bridge] Call: glTexCoordPointer
[Bridge] Call: glDisableClientState
[Bridge] Call: glDisableClientState
[Bridge] Call: glDisableClientState
[Bridge] Call: glEnableClientState
[Bridge] Call: glEnableClientState
[Bridge] Call: glEnableClientState
[Bridge] Call: glDrawElements
[Bridge] Call: glVertexPointer
[Bridge] Call: glNormalPointer
[Bridge] Call: glTexCoordPointer
[Bridge] Call: glDisableClientState
[Bridge] Call: glDisableClientState
[Bridge] Call: glDisableClientState
[Bridge] Call: glEnableClientState
[Bridge] Call: glEnableClientState
[Bridge] Call: glEnableClientState
[Bridge] Call: glDrawElements
[Bridge] Call: glVertexPointer
[Bridge] Call: glNormalPointer
[Bridge] Call: glTexCoordPointer
[Bridge] Call: glDisableClientState
[Bridge] Call: glDisableClientState
[Bridge] Call: glDisableClientState
[Bridge] Call: glEnableClientState
[Bridge] Call: glEnableClientState
[Bridge] Call: glEnableClientState
[Bridge] Call: glDrawElements
[Bridge] Call: glVertexPointer
[Bridge] Call: glNormalPointer
[Bridge] Call: glTexCoordPointer
[Bridge] Call: glDisableClientState
[Bridge] Call: glDisableClientState
[Bridge] Call: glDisableClientState
[Bridge] Call: glEnableClientState
[Bridge] Call: glEnableClientState
[Bridge] Call: glEnableClientState
[Bridge] Call: glDrawElements
[Bridge] Call: glVertexPointer
[Bridge] Call: glNormalPointer
[Bridge] Call: glTexCoordPointer
[Bridge] Call: glDisableClientState
[Bridge] Call: glDisableClientState
[Bridge] Call: glDisableClientState
[Bridge] Call: glEnableClientState
[Bridge] Call: glEnableClientState
[Bridge] Call: glEnableClientState
[Bridge] Call: glDrawElements
[Bridge] Call: glVertexPointer
[Bridge] Call: glNormalPointer
[Bridge] Call: glTexCoordPointer
[Bridge] Call: glDisableClientState
[Bridge] Call: glDisableClientState
[Bridge] Call: glDisableClientState
[Bridge] Call: glEnableClientState
[Bridge] Call: glEnableClientState
[Bridge] Call: glEnableClientState
[Bridge] Call: glDrawElements
[Bridge] Call: glVertexPointer
[Bridge] Call: glNormalPointer
[Bridge] Call: glTexCoordPointer
[Bridge] Call: glDisableClientState
[Bridge] Call: glDisableClientState
[Bridge] Call: glDisableClientState
[Bridge] Call: glEnableClientState
[Bridge] Call: glEnableClientState
[Bridge] Call: glEnableClientState
[Bridge] Call: glDrawElements
[Bridge] Call: glLoadMatrixf
[Bridge] Call: glVertexPointer
[Bridge] Call: glNormalPointer
[Bridge] Call: glTexCoordPointer
[Bridge] Call: glDisableClientState
[Bridge] Call: glDisableClientState
[Bridge] Call: glDisableClientState
[Bridge] Call: glEnableClientState
[Bridge] Call: glEnableClientState
[Bridge] Call: glEnableClientState
[Bridge] Call: glDrawArrays
[Bridge] Call: glVertexPointer
[Bridge] Call: glNormalPointer
[Bridge] Call: glTexCoordPointer
[Bridge] Call: glDisableClientState
[Bridge] Call: glDisableClientState
[Bridge] Call: glDisableClientState
[Bridge] Call: glEnableClientState
[Bridge] Call: glEnableClientState
[Bridge] Call: glEnableClientState
[Bridge] Call: glDrawArrays
[Bridge] Call: glVertexPointer
[Bridge] Call: glNormalPointer
[Bridge] Call: glTexCoordPointer
[Bridge] Call: glDisableClientState
[Bridge] Call: glDisableClientState
[Bridge] Call: glDisableClientState
[Bridge] Call: glEnableClientState
[Bridge] Call: glEnableClientState
[Bridge] Call: glEnableClientState
[Bridge] Call: glDrawArrays
[Math] cosf(0) -> 1
[Math] sinf(0) -> 0
[Bridge] Call: glLoadMatrixf
[Bridge] Call: glMaterialfv
[Bridge] Call: glMaterialfv
[Bridge] Call: glBindTexture
[Bridge] Call: glVertexPointer
[Bridge] Call: glNormalPointer
[Bridge] Call: glTexCoordPointer
[Bridge] Call: glDisableClientState
[Bridge] Call: glDisableClientState
[Bridge] Call: glDisableClientState
[Bridge] Call: glEnableClientState
[Bridge] Call: glEnableClientState
[Bridge] Call: glEnableClientState
[Bridge] Call: glDrawElements
[Bridge] Call: glLoadMatrixf
[Bridge] Call: glVertexPointer
[Bridge] Call: glNormalPointer
[Bridge] Call: glTexCoordPointer
[Bridge] Call: glDisableClientState
[Bridge] Call: glDisableClientState
[Bridge] Call: glDisableClientState
[Bridge] Call: glEnableClientState
[Bridge] Call: glEnableClientState
[Bridge] Call: glEnableClientState
[Bridge] Call: glDrawArrays
[Math] cosf(0) -> 1
[Math] sinf(0) -> 0
[Bridge] Call: glLoadMatrixf
[Bridge] Call: glMaterialfv
[Bridge] Call: glMaterialfv
[Bridge] Call: glBindTexture
[Bridge] Call: glVertexPointer
[Bridge] Call: glNormalPointer
[Bridge] Call: glTexCoordPointer
[Bridge] Call: glDisableClientState
[Bridge] Call: glDisableClientState
[Bridge] Call: glDisableClientState
[Bridge] Call: glEnableClientState
[Bridge] Call: glEnableClientState
[Bridge] Call: glEnableClientState
[Bridge] Call: glDrawElements
[Bridge] Call: glLoadMatrixf
[Bridge] Call: glVertexPointer
[Bridge] Call: glNormalPointer
[Bridge] Call: glTexCoordPointer
[Bridge] Call: glDisableClientState
[Bridge] Call: glDisableClientState
[Bridge] Call: glDisableClientState
[Bridge] Call: glEnableClientState
[Bridge] Call: glEnableClientState
[Bridge] Call: glEnableClientState
[Bridge] Call: glDrawArrays
[Math] cosf(0) -> 1
[Math] sinf(0) -> 0
[Bridge] Call: glLoadMatrixf
[Bridge] Call: glMaterialfv
[Bridge] Call: glMaterialfv
[Bridge] Call: glBindTexture
[Bridge] Call: glVertexPointer
[Bridge] Call: glNormalPointer
[Bridge] Call: glTexCoordPointer
[Bridge] Call: glDisableClientState
[Bridge] Call: glDisableClientState
[Bridge] Call: glDisableClientState
[Bridge] Call: glEnableClientState
[Bridge] Call: glEnableClientState
[Bridge] Call: glEnableClientState
[Bridge] Call: glDrawElements
[Bridge] Call: glVertexPointer
[Bridge] Call: glNormalPointer
[Bridge] Call: glTexCoordPointer
[Bridge] Call: glDisableClientState
[Bridge] Call: glDisableClientState
[Bridge] Call: glDisableClientState
[Bridge] Call: glEnableClientState
[Bridge] Call: glEnableClientState
[Bridge] Call: glEnableClientState
[Bridge] Call: glDrawElements
[Bridge] Call: glVertexPointer
[Bridge] Call: glNormalPointer
[Bridge] Call: glTexCoordPointer
[Bridge] Call: glDisableClientState
[Bridge] Call: glDisableClientState
[Bridge] Call: glDisableClientState
[Bridge] Call: glEnableClientState
[Bridge] Call: glEnableClientState
[Bridge] Call: glEnableClientState
[Bridge] Call: glDrawElements
[Bridge] Call: glBindTexture
[Bridge] Call: glVertexPointer
[Bridge] Call: glNormalPointer
[Bridge] Call: glTexCoordPointer
[Bridge] Call: glDisableClientState
[Bridge] Call: glDisableClientState
[Bridge] Call: glDisableClientState
[Bridge] Call: glEnableClientState
[Bridge] Call: glEnableClientState
[Bridge] Call: glEnableClientState
[Bridge] Call: glDrawElements
[Bridge] Call: glVertexPointer
[Bridge] Call: glNormalPointer
[Bridge] Call: glTexCoordPointer
[Bridge] Call: glDisableClientState
[Bridge] Call: glDisableClientState
[Bridge] Call: glDisableClientState
[Bridge] Call: glEnableClientState
[Bridge] Call: glEnableClientState
[Bridge] Call: glEnableClientState
[Bridge] Call: glDrawElements
[Bridge] Call: glVertexPointer
[Bridge] Call: glNormalPointer
[Bridge] Call: glTexCoordPointer
[Bridge] Call: glDisableClientState
[Bridge] Call: glDisableClientState
[Bridge] Call: glDisableClientState
[Bridge] Call: glEnableClientState
[Bridge] Call: glEnableClientState
[Bridge] Call: glEnableClientState
[Bridge] Call: glDrawElements
[Bridge] Call: glLoadMatrixf
[Bridge] Call: glVertexPointer
[Bridge] Call: glNormalPointer
[Bridge] Call: glTexCoordPointer
[Bridge] Call: glDisableClientState
[Bridge] Call: glDisableClientState
[Bridge] Call: glDisableClientState
[Bridge] Call: glEnableClientState
[Bridge] Call: glEnableClientState
[Bridge] Call: glEnableClientState
[Bridge] Call: glDrawArrays
[Bridge] Call: glVertexPointer
[Bridge] Call: glNormalPointer
[Bridge] Call: glTexCoordPointer
[Bridge] Call: glDisableClientState
[Bridge] Call: glDisableClientState
[Bridge] Call: glDisableClientState
[Bridge] Call: glEnableClientState
[Bridge] Call: glEnableClientState
[Bridge] Call: glEnableClientState
[Bridge] Call: glDrawArrays
[Math] cosf(0) -> 1
[Math] sinf(0) -> 0
[Bridge] Call: glLoadMatrixf
[Bridge] Call: glMaterialfv
[Bridge] Call: glMaterialfv
[Bridge] Call: glVertexPointer
[Bridge] Call: glNormalPointer
[Bridge] Call: glTexCoordPointer
[Bridge] Call: glDisableClientState
[Bridge] Call: glDisableClientState
[Bridge] Call: glDisableClientState
[Bridge] Call: glEnableClientState
[Bridge] Call: glEnableClientState
[Bridge] Call: glEnableClientState
[Bridge] Call: glDrawElements
[Bridge] Call: glVertexPointer
[Bridge] Call: glNormalPointer
[Bridge] Call: glTexCoordPointer
[Bridge] Call: glDisableClientState
[Bridge] Call: glDisableClientState
[Bridge] Call: glDisableClientState
[Bridge] Call: glEnableClientState
[Bridge] Call: glEnableClientState
[Bridge] Call: glEnableClientState
[Bridge] Call: glDrawElements
[Bridge] Call: glVertexPointer
[Bridge] Call: glNormalPointer
[Bridge] Call: glTexCoordPointer
[Bridge] Call: glDisableClientState
[Bridge] Call: glDisableClientState
[Bridge] Call: glDisableClientState
[Bridge] Call: glEnableClientState
[Bridge] Call: glEnableClientState
[Bridge] Call: glEnableClientState
[Bridge] Call: glDrawElements
[Bridge] Call: glLoadMatrixf
[Bridge] Call: glVertexPointer
[Bridge] Call: glNormalPointer
[Bridge] Call: glTexCoordPointer
[Bridge] Call: glDisableClientState
[Bridge] Call: glDisableClientState
[Bridge] Call: glDisableClientState
[Bridge] Call: glEnableClientState
[Bridge] Call: glEnableClientState
[Bridge] Call: glEnableClientState
[Bridge] Call: glDrawArrays
[Math] cosf(0) -> 1
[Math] sinf(0) -> 0
[Bridge] Call: glLoadMatrixf
[Bridge] Call: glMaterialfv
[Bridge] Call: glMaterialfv
[Bridge] Call: glVertexPointer
[Bridge] Call: glNormalPointer
[Bridge] Call: glTexCoordPointer
[Bridge] Call: glDisableClientState
[Bridge] Call: glDisableClientState
[Bridge] Call: glDisableClientState
[Bridge] Call: glEnableClientState
[Bridge] Call: glEnableClientState
[Bridge] Call: glEnableClientState
[Bridge] Call: glDrawElements
[Bridge] Call: glVertexPointer
[Bridge] Call: glNormalPointer
[Bridge] Call: glTexCoordPointer
[Bridge] Call: glDisableClientState
[Bridge] Call: glDisableClientState
[Bridge] Call: glDisableClientState
[Bridge] Call: glEnableClientState
[Bridge] Call: glEnableClientState
[Bridge] Call: glEnableClientState
[Bridge] Call: glDrawElements
[Bridge] Call: glVertexPointer
[Bridge] Call: glNormalPointer
[Bridge] Call: glTexCoordPointer
[Bridge] Call: glDisableClientState
[Bridge] Call: glDisableClientState
[Bridge] Call: glDisableClientState
[Bridge] Call: glEnableClientState
[Bridge] Call: glEnableClientState
[Bridge] Call: glEnableClientState
[Bridge] Call: glDrawElements
[Bridge] Call: glVertexPointer
[Bridge] Call: glNormalPointer
[Bridge] Call: glTexCoordPointer
[Bridge] Call: glDisableClientState
[Bridge] Call: glDisableClientState
[Bridge] Call: glDisableClientState
[Bridge] Call: glEnableClientState
[Bridge] Call: glEnableClientState
[Bridge] Call: glEnableClientState
[Bridge] Call: glDrawElements
[Bridge] Call: glVertexPointer
[Bridge] Call: glNormalPointer
[Bridge] Call: glTexCoordPointer
[Bridge] Call: glDisableClientState
[Bridge] Call: glDisableClientState
[Bridge] Call: glDisableClientState
[Bridge] Call: glEnableClientState
[Bridge] Call: glEnableClientState
[Bridge] Call: glEnableClientState
[Bridge] Call: glDrawElements
[Bridge] Call: glVertexPointer
[Bridge] Call: glNormalPointer
[Bridge] Call: glTexCoordPointer
[Bridge] Call: glDisableClientState
[Bridge] Call: glDisableClientState
[Bridge] Call: glDisableClientState
[Bridge] Call: glEnableClientState
[Bridge] Call: glEnableClientState
[Bridge] Call: glEnableClientState
[Bridge] Call: glDrawElements
[Bridge] Call: glVertexPointer
[Bridge] Call: glNormalPointer
[Bridge] Call: glTexCoordPointer
[Bridge] Call: glDisableClientState
[Bridge] Call: glDisableClientState
[Bridge] Call: glDisableClientState
[Bridge] Call: glEnableClientState
[Bridge] Call: glEnableClientState
[Bridge] Call: glEnableClientState
[Bridge] Call: glDrawElements
[Bridge] Call: glVertexPointer
[Bridge] Call: glNormalPointer
[Bridge] Call: glTexCoordPointer
[Bridge] Call: glDisableClientState
[Bridge] Call: glDisableClientState
[Bridge] Call: glDisableClientState
[Bridge] Call: glEnableClientState
[Bridge] Call: glEnableClientState
[Bridge] Call: glEnableClientState
[Bridge] Call: glDrawElements
[Bridge] Call: glLoadMatrixf
[Bridge] Call: glVertexPointer
[Bridge] Call: glNormalPointer
[Bridge] Call: glTexCoordPointer
[Bridge] Call: glDisableClientState
[Bridge] Call: glDisableClientState
[Bridge] Call: glDisableClientState
[Bridge] Call: glEnableClientState
[Bridge] Call: glEnableClientState
[Bridge] Call: glEnableClientState
[Bridge] Call: glDrawArrays
[Bridge] Call: glVertexPointer
[Bridge] Call: glNormalPointer
[Bridge] Call: glTexCoordPointer
[Bridge] Call: glDisableClientState
[Bridge] Call: glDisableClientState
[Bridge] Call: glDisableClientState
[Bridge] Call: glEnableClientState
[Bridge] Call: glEnableClientState
[Bridge] Call: glEnableClientState
[Bridge] Call: glDrawArrays
[Bridge] Call: glLoadMatrixf
[Bridge] Call: glMaterialfv
[Bridge] Call: glMaterialfv
[Bridge] Call: glBindTexture
[Bridge] Call: glVertexPointer
[Bridge] Call: glNormalPointer
[Bridge] Call: glTexCoordPointer
[Bridge] Call: glDisableClientState
[Bridge] Call: glDisableClientState
[Bridge] Call: glDisableClientState
[Bridge] Call: glEnableClientState
[Bridge] Call: glEnableClientState
[Bridge] Call: glEnableClientState
[Bridge] Call: glDrawElements
[Bridge] Call: glMaterialfv
[Bridge] Call: glMaterialfv
[Bridge] Call: glBindTexture
[Bridge] Call: glVertexPointer
[Bridge] Call: glNormalPointer
[Bridge] Call: glTexCoordPointer
[Bridge] Call: glDisableClientState
[Bridge] Call: glDisableClientState
[Bridge] Call: glDisableClientState
[Bridge] Call: glEnableClientState
[Bridge] Call: glEnableClientState
[Bridge] Call: glEnableClientState
[Bridge] Call: glDrawElements
[Math] cosf(0) -> 1
[Math] sinf(0) -> 0
[Bridge] Call: glLoadMatrixf
[Bridge] Call: glMaterialfv
[Bridge] Call: glMaterialfv
[Bridge] Call: glBindTexture
[Bridge] Call: glVertexPointer
[Bridge] Call: glNormalPointer
[Bridge] Call: glTexCoordPointer
[Bridge] Call: glDisableClientState
[Bridge] Call: glDisableClientState
[Bridge] Call: glDisableClientState
[Bridge] Call: glEnableClientState
[Bridge] Call: glEnableClientState
[Bridge] Call: glEnableClientState
[Bridge] Call: glDrawElements
[Math] cosf(0) -> 1
[Math] sinf(0) -> 0
[Bridge] Call: glLoadMatrixf
[Bridge] Call: glMaterialfv
[Bridge] Call: glMaterialfv
[Bridge] Call: glBindTexture
[Bridge] Call: glVertexPointer
[Bridge] Call: glNormalPointer
[Bridge] Call: glTexCoordPointer
[Bridge] Call: glDisableClientState
[Bridge] Call: glDisableClientState
[Bridge] Call: glDisableClientState
[Bridge] Call: glEnableClientState
[Bridge] Call: glEnableClientState
[Bridge] Call: glEnableClientState
[Bridge] Call: glDrawElements
[Math] cosf(0) -> 1
[Math] sinf(0) -> 0
[Bridge] Call: glLoadMatrixf
[Bridge] Call: glEnable
[Bridge] Call: glMaterialfv
[Bridge] Call: glMaterialfv
[Bridge] Call: glBindTexture
[Bridge] Call: glVertexPointer
[Bridge] Call: glNormalPointer
[Bridge] Call: glTexCoordPointer
[Bridge] Call: glDisableClientState
[Bridge] Call: glDisableClientState
[Bridge] Call: glDisableClientState
[Bridge] Call: glEnableClientState
[Bridge] Call: glEnableClientState
[Bridge] Call: glEnableClientState
[Bridge] Call: glDrawElements
[Bridge] Call: glMaterialfv
[Bridge] Call: glMaterialfv
[Bridge] Call: glBindTexture
[Bridge] Call: glVertexPointer
[Bridge] Call: glNormalPointer
[Bridge] Call: glTexCoordPointer
[Bridge] Call: glDisableClientState
[Bridge] Call: glDisableClientState
[Bridge] Call: glDisableClientState
[Bridge] Call: glEnableClientState
[Bridge] Call: glEnableClientState
[Bridge] Call: glEnableClientState
[Bridge] Call: glDrawElements
[Bridge] Call: glMaterialfv
[Bridge] Call: glMaterialfv
[Bridge] Call: glVertexPointer
[Bridge] Call: glNormalPointer
[Bridge] Call: glTexCoordPointer
[Bridge] Call: glDisableClientState
[Bridge] Call: glDisableClientState
[Bridge] Call: glDisableClientState
[Bridge] Call: glEnableClientState
[Bridge] Call: glEnableClientState
[Bridge] Call: glEnableClientState
[Bridge] Call: glDrawElements
[Bridge] Call: glDisable
[Math] cosf(0) -> 1
[Math] sinf(0) -> 0
[Math] cosf(0.872665) -> 0.642788
[Math] sinf(0.872665) -> 0.766044
[Bridge] Call: glLoadMatrixf
[Bridge] Call: glEnable
[Bridge] Call: glMaterialfv
[Bridge] Call: glMaterialfv
[Bridge] Call: glBindTexture
[Bridge] Call: glVertexPointer
[Bridge] Call: glNormalPointer
[Bridge] Call: glTexCoordPointer
[Bridge] Call: glDisableClientState
[Bridge] Call: glDisableClientState
[Bridge] Call: glDisableClientState
[Bridge] Call: glEnableClientState
[Bridge] Call: glEnableClientState
[Bridge] Call: glEnableClientState
[Bridge] Call: glDrawElements
[Bridge] Call: glDisable
[Math] cosf(0) -> 1
[Math] sinf(0) -> 0
[Math] cosf(4.71239) -> 1.19249e-08
[Math] sinf(4.71239) -> -1
[Bridge] Call: glLoadMatrixf
[Bridge] Call: glEnable
[Bridge] Call: glMaterialfv
[Bridge] Call: glMaterialfv
[Bridge] Call: glVertexPointer
[Bridge] Call: glNormalPointer
[Bridge] Call: glTexCoordPointer
[Bridge] Call: glDisableClientState
[Bridge] Call: glDisableClientState
[Bridge] Call: glDisableClientState
[Bridge] Call: glEnableClientState
[Bridge] Call: glEnableClientState
[Bridge] Call: glEnableClientState
[Bridge] Call: glDrawElements
[Bridge] Call: glDisable
[Math] cosf(0) -> 1
[Math] sinf(0) -> 0
[Math] cosf(3.14159) -> -1
[Math] sinf(3.14159) -> -8.74228e-08
[Bridge] Call: glLoadMatrixf
[Bridge] Call: glEnable
[Bridge] Call: glMaterialfv
[Bridge] Call: glMaterialfv
[Bridge] Call: glVertexPointer
[Bridge] Call: glNormalPointer
[Bridge] Call: glTexCoordPointer
[Bridge] Call: glDisableClientState
[Bridge] Call: glDisableClientState
[Bridge] Call: glDisableClientState
[Bridge] Call: glEnableClientState
[Bridge] Call: glEnableClientState
[Bridge] Call: glEnableClientState
[Bridge] Call: glDrawElements
[Bridge] Call: glDisable
[Math] cosf(0) -> 1
[Math] sinf(0) -> 0
[Bridge] Call: glLoadMatrixf
[Bridge] Call: glEnable
[Bridge] Call: glMaterialfv
[Bridge] Call: glMaterialfv
[Bridge] Call: glVertexPointer
[Bridge] Call: glNormalPointer
[Bridge] Call: glTexCoordPointer
[Bridge] Call: glDisableClientState
[Bridge] Call: glDisableClientState
[Bridge] Call: glDisableClientState
[Bridge] Call: glEnableClientState
[Bridge] Call: glEnableClientState
[Bridge] Call: glEnableClientState
[Bridge] Call: glDrawElements
[Bridge] Call: glDisable
[Math] cosf(0) -> 1
[Math] sinf(0) -> 0
[Math] cosf(3.14159) -> -1
[Math] sinf(3.14159) -> -8.74228e-08
[Bridge] Call: glLoadMatrixf
[Bridge] Call: glEnable
[Bridge] Call: glMaterialfv
[Bridge] Call: glMaterialfv
[Bridge] Call: glVertexPointer
[Bridge] Call: glNormalPointer
[Bridge] Call: glTexCoordPointer
[Bridge] Call: glDisableClientState
[Bridge] Call: glDisableClientState
[Bridge] Call: glDisableClientState
[Bridge] Call: glEnableClientState
[Bridge] Call: glEnableClientState
[Bridge] Call: glEnableClientState
[Bridge] Call: glDrawElements
[Bridge] Call: glDisable
[Math] cosf(6.40524) -> 0.992561
[Math] sinf(6.40524) -> 0.121749
[Bridge] Call: glLoadMatrixf
[Bridge] Call: glEnable
[Bridge] Call: glMaterialfv
[Bridge] Call: glMaterialfv
[Bridge] Call: glBindTexture
[Bridge] Call: glVertexPointer
[Bridge] Call: glNormalPointer
[Bridge] Call: glTexCoordPointer
[Bridge] Call: glDisableClientState
[Bridge] Call: glDisableClientState
[Bridge] Call: glDisableClientState
[Bridge] Call: glEnableClientState
[Bridge] Call: glEnableClientState
[Bridge] Call: glEnableClientState
[Bridge] Call: glDrawElements
[Bridge] Call: glDisable
[Math] cosf(4.87273) -> 0.159658
[Math] sinf(4.87273) -> -0.987172
[Bridge] Call: glLoadMatrixf
[Bridge] Call: glEnable
[Bridge] Call: glMaterialfv
[Bridge] Call: glMaterialfv
[Bridge] Call: glBindTexture
[Bridge] Call: glVertexPointer
[Bridge] Call: glNormalPointer
[Bridge] Call: glTexCoordPointer
[Bridge] Call: glDisableClientState
[Bridge] Call: glDisableClientState
[Bridge] Call: glDisableClientState
[Bridge] Call: glEnableClientState
[Bridge] Call: glEnableClientState
[Bridge] Call: glEnableClientState
[Bridge] Call: glDrawElements
[Bridge] Call: glMaterialfv
[Bridge] Call: glMaterialfv
[Bridge] Call: glBindTexture
[Bridge] Call: glVertexPointer
[Bridge] Call: glNormalPointer
[Bridge] Call: glTexCoordPointer
[Bridge] Call: glDisableClientState
[Bridge] Call: glDisableClientState
[Bridge] Call: glDisableClientState
[Bridge] Call: glEnableClientState
[Bridge] Call: glEnableClientState
[Bridge] Call: glEnableClientState
[Bridge] Call: glDrawElements
[Bridge] Call: glMaterialfv
[Bridge] Call: glMaterialfv
[Bridge] Call: glVertexPointer
[Bridge] Call: glNormalPointer
[Bridge] Call: glTexCoordPointer
[Bridge] Call: glDisableClientState
[Bridge] Call: glDisableClientState
[Bridge] Call: glDisableClientState
[Bridge] Call: glEnableClientState
[Bridge] Call: glEnableClientState
[Bridge] Call: glEnableClientState
[Bridge] Call: glDrawElements
[Bridge] Call: glDisable
[Math] cosf(0) -> 1
[Math] sinf(0) -> 0
[Math] cosf(0.785398) -> 0.707107
[Math] sinf(0.785398) -> 0.707107
[Bridge] Call: glLoadMatrixf
[Bridge] Call: glEnable
[Bridge] Call: glMaterialfv
[Bridge] Call: glMaterialfv
[Bridge] Call: glBindTexture
[Bridge] Call: glVertexPointer
[Bridge] Call: glNormalPointer
[Bridge] Call: glTexCoordPointer
[Bridge] Call: glDisableClientState
[Bridge] Call: glDisableClientState
[Bridge] Call: glDisableClientState
[Bridge] Call: glEnableClientState
[Bridge] Call: glEnableClientState
[Bridge] Call: glEnableClientState
[Bridge] Call: glDrawElements
[Bridge] Call: glMaterialfv
[Bridge] Call: glMaterialfv
[Bridge] Call: glVertexPointer
[Bridge] Call: glNormalPointer
[Bridge] Call: glTexCoordPointer
[Bridge] Call: glDisableClientState
[Bridge] Call: glDisableClientState
[Bridge] Call: glDisableClientState
[Bridge] Call: glEnableClientState
[Bridge] Call: glEnableClientState
[Bridge] Call: glEnableClientState
[Bridge] Call: glDrawElements
[Bridge] Call: glMaterialfv
[Bridge] Call: glMaterialfv
[Bridge] Call: glVertexPointer
[Bridge] Call: glNormalPointer
[Bridge] Call: glTexCoordPointer
[Bridge] Call: glDisableClientState
[Bridge] Call: glDisableClientState
[Bridge] Call: glDisableClientState
[Bridge] Call: glEnableClientState
[Bridge] Call: glEnableClientState
[Bridge] Call: glEnableClientState
[Bridge] Call: glDrawElements
[Bridge] Call: glMaterialfv
[Bridge] Call: glMaterialfv
[Bridge] Call: glVertexPointer
[Bridge] Call: glNormalPointer
[Bridge] Call: glTexCoordPointer
[Bridge] Call: glDisableClientState
[Bridge] Call: glDisableClientState
[Bridge] Call: glDisableClientState
[Bridge] Call: glEnableClientState
[Bridge] Call: glEnableClientState
[Bridge] Call: glEnableClientState
[Bridge] Call: glDrawElements
[Bridge] Call: glMaterialfv
[Bridge] Call: glMaterialfv
[Bridge] Call: glVertexPointer
[Bridge] Call: glNormalPointer
[Bridge] Call: glTexCoordPointer
[Bridge] Call: glDisableClientState
[Bridge] Call: glDisableClientState
[Bridge] Call: glDisableClientState
[Bridge] Call: glEnableClientState
[Bridge] Call: glEnableClientState
[Bridge] Call: glEnableClientState
[Bridge] Call: glDrawElements
[Bridge] Call: glMaterialfv
[Bridge] Call: glMaterialfv
[Bridge] Call: glVertexPointer
[Bridge] Call: glNormalPointer
[Bridge] Call: glTexCoordPointer
[Bridge] Call: glDisableClientState
[Bridge] Call: glDisableClientState
[Bridge] Call: glDisableClientState
[Bridge] Call: glEnableClientState
[Bridge] Call: glEnableClientState
[Bridge] Call: glEnableClientState
[Bridge] Call: glDrawElements
[Bridge] Call: glDisable
[Bridge] Call: glEnable
[Bridge] Call: glDepthMask
[Bridge] Call: glDepthMask
[Bridge] Call: glDisable
[Bridge] Call: glMatrixMode
[Bridge] Call: glLoadMatrixf
[Bridge] Call: glMatrixMode
[Bridge] Call: glLoadIdentity
[Bridge] Call: glDisable
[Bridge] Call: glDisable
[Bridge] Call: glDisableClientState
[Bridge] Call: glDisableClientState
[Bridge] Call: glDisableClientState
[Bridge] Call: glEnableClientState
[Bridge] Call: glEnableClientState
[Bridge] Call: glVertexPointer
[Bridge] Call: glColorPointer
[Bridge] Call: glDisableClientState
[Bridge] Call: glDisableClientState
[Bridge] Call: glEnableClientState
[Bridge] Call: glEnableClientState
[Bridge] Call: glColor4ub
[Bridge] Call: glDrawElements
[Bridge] Call: glLightModelfv
[Bridge] Call: glDisable
[Bridge] Call: glMatrixMode
[Bridge] Call: glLoadMatrixf
[Bridge] Call: glMatrixMode
[Bridge] Call: glLoadMatrixf
[Bridge] Call: glEnable
[Bridge] Call: glDisableClientState
[Bridge] Call: glDisableClientState
[Bridge] Call: glEnableClientState
[Bridge] Call: glEnableClientState
[Bridge] Call: glEnable
[Bridge] Call: glDepthFunc
[Bridge] Call: glLoadMatrixf
[Bridge] Call: glBindTexture
[Bridge] Call: glVertexPointer
[Bridge] Call: glNormalPointer
[Bridge] Call: glTexCoordPointer
[Bridge] Call: glDisableClientState
[Bridge] Call: glDisableClientState
[Bridge] Call: glEnableClientState
[Bridge] Call: glEnableClientState
[Bridge] Call: glEnableClientState
[Bridge] Call: glColor4ub
[Bridge] Call: glDrawElements
[Bridge] Call: glBindTexture
[Bridge] Call: glVertexPointer
[Bridge] Call: glNormalPointer
[Bridge] Call: glTexCoordPointer
[Bridge] Call: glDisableClientState
[Bridge] Call: glDisableClientState
[Bridge] Call: glDisableClientState
[Bridge] Call: glEnableClientState
[Bridge] Call: glEnableClientState
[Bridge] Call: glEnableClientState
[Bridge] Call: glDrawElements
[Math] cosf(0) -> 1
[Math] sinf(0) -> 0
[Bridge] Call: glLoadMatrixf
[Bridge] Call: glBindTexture
[Bridge] Call: glVertexPointer
[Bridge] Call: glNormalPointer
[Bridge] Call: glTexCoordPointer
[Bridge] Call: glDisableClientState
[Bridge] Call: glDisableClientState
[Bridge] Call: glDisableClientState
[Bridge] Call: glEnableClientState
[Bridge] Call: glEnableClientState
[Bridge] Call: glEnableClientState
[Bridge] Call: glColor4ub
[Bridge] Call: glDrawElements
[Bridge] Call: glBlendFunc
[Bridge] Call: glDepthFunc
[Bridge] Call: glMatrixMode
[Bridge] Call: glLoadMatrixf
[Bridge] Call: glMatrixMode
[Bridge] Call: glLoadIdentity
[Bridge] Call: glDisable
[DEBUG] Prepare @ 0x11d4a8a: s0=-0.987891 (0xbf7ce665)
[DEBUG] Prepare @ 0x11d4ada: s18=-11868.5 s4=-1
[Bridge] Call: tanf
[Math] tanf(0.174533) -> 0.176327
[Bridge] Call: glLoadMatrixf
[Bridge] Call: glVertexPointer
[Bridge] Call: glTexCoordPointer
[Bridge] Call: glColor4ub
[Bridge] Call: glDrawElements
[Bridge] Call: glMatrixMode
[Bridge] Call: glLoadMatrixf
[Bridge] Call: glMatrixMode
[Bridge] Call: glDisable
[Bridge] Call: glDepthMask
[Bridge] Call: glEnable
[Bridge] Call: glDisableClientState
[Bridge] Call: glDisableClientState
[Bridge] Call: glDisableClientState
[Bridge] Call: glEnableClientState
[Bridge] Call: glEnableClientState
[Bridge] Call: glEnableClientState
[Math] cosf(0) -> 1
[Math] sinf(0) -> 0
[Math] floorf(21.4862) -> 21
[Math] floorf(22.0383) -> 22
[Math] floorf(0.495074) -> 0
[Math] floorf(1.90224) -> 1
[Bridge] Call: glLoadMatrixf
[Bridge] Call: glBindTexture
[Bridge] Call: glVertexPointer
[Bridge] Call: glTexCoordPointer
[Bridge] Call: glColorPointer
[Bridge] Call: glDrawArrays
[Bridge] Call: glDisable
[Bridge] Call: glDisableClientState
[Bridge] Call: glDisableClientState
[Bridge] Call: glDisableClientState
[Bridge] Call: glEnableClientState
[Bridge] Call: glEnableClientState
[Bridge] Call: glLoadMatrixf
[Bridge] Call: glVertexPointer
[Bridge] Call: glColorPointer
[Bridge] Call: glColor4ub
[Bridge] Call: glDrawElements
[Bridge] Call: glEnable
[Bridge] Call: glDisableClientState
[Bridge] Call: glDisableClientState
[Bridge] Call: glEnableClientState
[Bridge] Call: glEnableClientState
[Bridge] Call: glEnableClientState
[Math] sinf(3.70656) -> -0.535387
[Math] cosf(3.70656) -> -0.844607
[Math] sinf(3.27926) -> -0.137228
[Math] cosf(3.27926) -> -0.990539
[Math] sinf(5.08945) -> -0.929749
[Math] cosf(5.08945) -> 0.368193
[Math] sinf(1.59797) -> 0.999631
[Math] cosf(1.59797) -> -0.0271708
[Math] sinf(5.78415) -> -0.478579
[Math] cosf(5.78415) -> 0.878044
[Math] sinf(2.36653) -> 0.699764
[Math] cosf(2.36653) -> -0.714374
[Math] sinf(5.47705) -> -0.721621
[Math] cosf(5.47705) -> 0.692289
[Math] sinf(4.53685) -> -0.984632
[Math] cosf(4.53685) -> -0.174639
[Math] sinf(2.43286) -> 0.650871
[Math] cosf(2.43286) -> -0.759188
[Math] sinf(1.59818) -> 0.999625
[Math] cosf(1.59818) -> -0.0273753
[Math] sinf(4.39947) -> -0.95144
[Math] cosf(4.39947) -> -0.307835
[Math] sinf(4.56269) -> -0.988816
[Math] cosf(4.56269) -> -0.14914
[Math] sinf(3.92428) -> -0.705189
[Math] cosf(3.92428) -> -0.709019
[Math] sinf(3.89881) -> -0.686899
[Math] cosf(3.89881) -> -0.726752
[Math] sinf(5.02499) -> -0.951538
[Math] cosf(5.02499) -> 0.307531
[Math] sinf(2.8143) -> 0.321484
[Math] cosf(2.8143) -> -0.946915
[Math] sinf(2.9214) -> 0.218419
[Math] cosf(2.9214) -> -0.975855
[Math] sinf(2.65197) -> 0.470296
[Math] cosf(2.65197) -> -0.882509
[Math] sinf(5.13188) -> -0.913295
[Math] cosf(5.13188) -> 0.407299
[Math] sinf(2.32579) -> 0.728278
[Math] cosf(2.32579) -> -0.685281
[Math] sinf(5.9357) -> -0.340533
[Math] cosf(5.9357) -> 0.940233
[Math] sinf(1.30424) -> 0.964683
[Math] cosf(1.30424) -> 0.263414
[Math] sinf(4.95332) -> -0.971117
[Math] cosf(4.95332) -> 0.238603
[Math] sinf(1.98153) -> 0.91683
[Math] cosf(1.98153) -> -0.399278
[Math] sinf(3.66535) -> -0.500136
[Math] cosf(3.66535) -> -0.865947
[Math] sinf(1.52548) -> 0.998973
[Math] cosf(1.52548) -> 0.0453054
[Math] sinf(5.90522) -> -0.369032
[Math] cosf(5.90522) -> 0.929417
[Math] sinf(5.45447) -> -0.737062
[Math] cosf(5.45447) -> 0.675825
[Math] sinf(3.51012) -> -0.360242
[Math] cosf(3.51012) -> -0.932859
[Math] sinf(1.78475) -> 0.977199
[Math] cosf(1.78475) -> -0.212327
[Math] sinf(3.69037) -> -0.521645
[Math] cosf(3.69037) -> -0.853163
[Math] sinf(3.13982) -> 0.00177255
[Math] cosf(3.13982) -> -0.999998
[Math] sinf(1.29892) -> 0.96327
[Math] cosf(1.29892) -> 0.268535
[Math] sinf(3.36339) -> -0.219985
[Math] cosf(3.36339) -> -0.975503
[Math] sinf(0.722966) -> 0.661612
[Math] cosf(0.722966) -> 0.749847
[Math] sinf(3.66638) -> -0.501026
[Math] cosf(3.66638) -> -0.865432
[Math] sinf(2.49739) -> 0.600558
[Math] cosf(2.49739) -> -0.799581
[Math] sinf(4.32903) -> -0.927415
[Math] cosf(4.32903) -> -0.374033
[Math] sinf(0.610179) -> 0.573014
[Math] cosf(0.610179) -> 0.819546
[Math] sinf(3.39185) -> -0.24765
[Math] cosf(3.39185) -> -0.96885
[Math] sinf(0.683883) -> 0.631807
[Math] cosf(0.683883) -> 0.775126
[Math] sinf(5.53783) -> -0.678231
[Math] cosf(5.53783) -> 0.734849
[Math] sinf(5.89572) -> -0.377839
[Math] cosf(5.89572) -> 0.925871
[Math] sinf(2.24953) -> 0.778368
[Math] cosf(2.24953) -> -0.627808
[Math] sinf(2.73296) -> 0.397353
[Math] cosf(2.73296) -> -0.917666
[Math] sinf(4.6902) -> -0.999754
[Math] cosf(4.6902) -> -0.0221911
[Math] sinf(2.56655) -> 0.543873
[Math] cosf(2.56655) -> -0.839167
[Math] sinf(0.995881) -> 0.839238
[Math] cosf(0.995881) -> 0.543764
[Bridge] Call: glLoadMatrixf
[Bridge] Call: glBindTexture
[Bridge] Call: glVertexPointer
[Bridge] Call: glTexCoordPointer
[Bridge] Call: glColorPointer
[Bridge] Call: glDisableClientState
[Bridge] Call: glDisableClientState
[Bridge] Call: glDisableClientState
[Bridge] Call: glEnableClientState
[Bridge] Call: glEnableClientState
[Bridge] Call: glEnableClientState
[Bridge] Call: glColor4ub
[Bridge] Call: glDrawElements
[Math] sinf(3.35398) -> -0.210794
[Math] cosf(3.35398) -> -0.977531
[Math] sinf(1.35827) -> 0.977502
[Math] cosf(1.35827) -> 0.210928
[Bridge] Call: glLoadMatrixf
[Bridge] Call: glVertexPointer
[Bridge] Call: glTexCoordPointer
[Bridge] Call: glColorPointer
[Bridge] Call: glDisableClientState
[Bridge] Call: glDisableClientState
[Bridge] Call: glDisableClientState
[Bridge] Call: glEnableClientState
[Bridge] Call: glEnableClientState
[Bridge] Call: glEnableClientState
[Bridge] Call: glColor4ub
[Bridge] Call: glDrawElements
[Bridge] Call: glDisableClientState
[Bridge] Call: glDisableClientState
[Bridge] Call: glDisableClientState
[Bridge] Call: glEnableClientState
[Bridge] Call: glEnableClientState
[Bridge] Call: glDepthMask
[Bridge] Call: glDisable
[Bridge] Call: glMatrixMode
[Bridge] Call: glLoadMatrixf
[Bridge] Call: glMatrixMode
[Bridge] Call: glMatrixMode
[Bridge] Call: glLoadMatrixf
[Bridge] Call: glMatrixMode
[Bridge] Call: glLoadIdentity
[Bridge] Call: glBindTexture
[Bridge] Call: glVertexPointer
[Bridge] Call: glTexCoordPointer
[Bridge] Call: glColor4ub
[Bridge] Call: glDrawArrays
[Bridge] Call: glMatrixMode
[Bridge] Call: glLoadMatrixf
[Bridge] Call: glMatrixMode
[Bridge] Call: glLoadMatrixf
[Bridge] Call: glDisableClientState
[Bridge] Call: glDisableClientState
[Bridge] Call: glEnableClientState
[Bridge] Call: glEnableClientState
[Bridge] Call: glEnableClientState
[Bridge] Call: glBindTexture
[Bridge] Call: glVertexPointer
[Bridge] Call: glColorPointer
[Bridge] Call: glTexCoordPointer
[Bridge] Call: glDrawElements
[Math] roundf(103) -> 103
[Math] roundf(34) -> 34
[Bridge] Call: glLoadMatrixf
[Bridge] Call: glMatrixMode
[Bridge] Call: glLoadMatrixf
[Bridge] Call: glMatrixMode
[Bridge] Call: glLoadMatrixf
[Bridge] Call: glBlendFunc
[Bridge] Call: glBindTexture
[Bridge] Call: glVertexPointer
[Bridge] Call: glColorPointer
[Bridge] Call: glTexCoordPointer
[Bridge] Call: glDrawArrays
[Bridge] Call: glMatrixMode
[Bridge] Call: glLoadMatrixf
[Bridge] Call: glMatrixMode
[Bridge] Call: glLoadMatrixf
[Bridge] Call: glBlendFunc
[Bridge] Call: glBindTexture
[Bridge] Call: glVertexPointer
[Bridge] Call: glColorPointer
[Bridge] Call: glTexCoordPointer
[Bridge] Call: glDrawElements
[Math] roundf(118) -> 118
[Math] roundf(34) -> 34
[Bridge] Call: glLoadMatrixf
[Bridge] Call: glMatrixMode
[Bridge] Call: glLoadMatrixf
[Bridge] Call: glMatrixMode
[Bridge] Call: glLoadMatrixf
[Bridge] Call: glBlendFunc
[Bridge] Call: glBindTexture
[Bridge] Call: glVertexPointer
[Bridge] Call: glColorPointer
[Bridge] Call: glTexCoordPointer
[Bridge] Call: glDrawArrays
[Bridge] Call: glMatrixMode
[Bridge] Call: glLoadMatrixf
[Bridge] Call: glMatrixMode
[Bridge] Call: glLoadMatrixf
[Bridge] Call: glBlendFunc
[Bridge] Call: glBindTexture
[Bridge] Call: glVertexPointer
[Bridge] Call: glColorPointer
[Bridge] Call: glTexCoordPointer
[Bridge] Call: glDrawElements
[Math] roundf(105.5) -> 106
[Math] roundf(34) -> 34
[Bridge] Call: glLoadMatrixf
[Bridge] Call: glMatrixMode
[Bridge] Call: glLoadMatrixf
[Bridge] Call: glMatrixMode
[Bridge] Call: glLoadMatrixf
[Bridge] Call: glBlendFunc
[Bridge] Call: glBindTexture
[Bridge] Call: glVertexPointer
[Bridge] Call: glColorPointer
[Bridge] Call: glTexCoordPointer
[Bridge] Call: glDrawArrays
[Bridge] Call: glMatrixMode
[Bridge] Call: glLoadMatrixf
[Bridge] Call: glMatrixMode
[Bridge] Call: glLoadMatrixf
[Bridge] Call: glBlendFunc
[Bridge] Call: glBindTexture
[Bridge] Call: glVertexPointer
[Bridge] Call: glColorPointer
[Bridge] Call: glTexCoordPointer
[Bridge] Call: glDrawElements
[Math] roundf(110.5) -> 111
[Math] roundf(34) -> 34
[Bridge] Call: glLoadMatrixf
[Bridge] Call: glMatrixMode
[Bridge] Call: glLoadMatrixf
[Bridge] Call: glMatrixMode
[Bridge] Call: glLoadMatrixf
[Bridge] Call: glBlendFunc
[Bridge] Call: glBindTexture
[Bridge] Call: glVertexPointer
[Bridge] Call: glColorPointer
[Bridge] Call: glTexCoordPointer
[Bridge] Call: glDrawArrays
[Bridge] Call: glMatrixMode
[Bridge] Call: glLoadMatrixf
[Bridge] Call: glMatrixMode
[Bridge] Call: glLoadMatrixf
[Math] roundf(16) -> 16
[Math] roundf(16) -> 16
[Bridge] Call: glLoadMatrixf
[Bridge] Call: glBlendFunc
[Bridge] Call: glDisableClientState
[Bridge] Call: glDisableClientState
[Bridge] Call: glDisableClientState
[Bridge] Call: glEnableClientState
[Bridge] Call: glEnableClientState
[Bridge] Call: glBindTexture
[Bridge] Call: glVertexPointer
[Bridge] Call: glTexCoordPointer
[Bridge] Call: glColor4ub
[Bridge] Call: glDrawArrays
[Bridge] Call: glMatrixMode
[Bridge] Call: glLoadMatrixf
[Bridge] Call: glMatrixMode
[Bridge] Call: glLoadMatrixf
[Bridge] Call: glMatrixMode
[Bridge] Call: glLoadMatrixf
[Bridge] Call: glMatrixMode
[Bridge] Call: glLoadMatrixf
[Math] roundf(16) -> 16
[Math] roundf(16) -> 16
[Bridge] Call: glLoadMatrixf
[Bridge] Call: glVertexPointer
[Bridge] Call: glTexCoordPointer
[Bridge] Call: glDrawArrays
[Bridge] Call: glMatrixMode
[Bridge] Call: glLoadMatrixf
[Bridge] Call: glMatrixMode
[Bridge] Call: glLoadMatrixf
[Bridge] Call: glMatrixMode
[Bridge] Call: glLoadMatrixf
[Bridge] Call: glMatrixMode
[Bridge] Call: glLoadMatrixf
[Bridge] Call: glDisableClientState
[Bridge] Call: glDisableClientState
[Bridge] Call: glEnableClientState
[Bridge] Call: glEnableClientState
[Bridge] Call: glEnableClientState
[Bridge] Call: glBindTexture
[Bridge] Call: glVertexPointer
[Bridge] Call: glColorPointer
[Bridge] Call: glTexCoordPointer
[Bridge] Call: glDrawElements
[Math] roundf(25) -> 25
[Math] roundf(25) -> 25
[Bridge] Call: glLoadMatrixf
[Bridge] Call: glMatrixMode
[Bridge] Call: glLoadMatrixf
[Bridge] Call: glMatrixMode
[Bridge] Call: glLoadMatrixf
[Bridge] Call: glMatrixMode
[Bridge] Call: glLoadMatrixf
[Bridge] Call: glMatrixMode
[Bridge] Call: glLoadMatrixf
[Bridge] Call: glVertexPointer
[Bridge] Call: glColorPointer
[Bridge] Call: glTexCoordPointer
[Bridge] Call: glDrawElements
[Math] roundf(25) -> 25
[Math] roundf(25) -> 25
[Bridge] Call: glLoadMatrixf
[Bridge] Call: glMatrixMode
[Bridge] Call: glLoadMatrixf
[Bridge] Call: glMatrixMode
[Bridge] Call: glLoadMatrixf
[Bridge] Call: glMatrixMode
[Bridge] Call: glLoadMatrixf
[Bridge] Call: glMatrixMode
[Bridge] Call: glLoadMatrixf
[Math] roundf(39.5) -> 40
[Math] roundf(4) -> 4
[Bridge] Call: glLoadMatrixf
[Bridge] Call: glMatrixMode
[Bridge] Call: glLoadMatrixf
[Bridge] Call: glMatrixMode
[Bridge] Call: glLoadMatrixf
[Bridge] Call: glBlendFunc
[Bridge] Call: glBindTexture
[Bridge] Call: glVertexPointer
[Bridge] Call: glColorPointer
[Bridge] Call: glTexCoordPointer
[Bridge] Call: glDrawArrays
[Bridge] Call: glMatrixMode
[Bridge] Call: glLoadMatrixf
[Bridge] Call: glMatrixMode
[Bridge] Call: glLoadIdentity
[Bridge] Call: glBlendFunc
[Bridge] Call: glDisable
[Bridge] Call: glDisableClientState
[Bridge] Call: glDisableClientState
[Bridge] Call: glDisableClientState
[Bridge] Call: glEnableClientState
[Bridge] Call: glVertexPointer
[Bridge] Call: glColor4ub
[Bridge] Call: glDrawArrays
[Bridge] Call: glMatrixMode
[Bridge] Call: glLoadMatrixf
[Bridge] Call: glMatrixMode
[Bridge] Call: glLoadIdentity
[Bridge] Call: glEnable
[Bridge] Call: glDisableClientState
[Bridge] Call: glEnableClientState
[Bridge] Call: glEnableClientState
[Bridge] Call: glEnableClientState
[Bridge] Call: glBindTexture
[Bridge] Call: glVertexPointer
[Bridge] Call: glColorPointer
[Bridge] Call: glTexCoordPointer
[Bridge] Call: glDrawElements
[Bridge] Call: glMatrixMode
[Bridge] Call: glLoadMatrixf
[Bridge] Call: glMatrixMode
[Bridge] Call: glLoadMatrixf
[Bridge] Call: glBlendFunc
[Bridge] Call: glBindTexture
[Bridge] Call: glVertexPointer
[Bridge] Call: glColorPointer
[Bridge] Call: glTexCoordPointer
[Bridge] Call: glDrawArrays
[Bridge] Call: glMatrixMode
[Bridge] Call: glLoadMatrixf
[Bridge] Call: glMatrixMode
[Bridge] Call: glLoadMatrixf
[Bridge] Call: glBlendFunc
[Bridge] Call: glBindTexture
[Bridge] Call: glVertexPointer
[Bridge] Call: glColorPointer
[Bridge] Call: glTexCoordPointer
[Bridge] Call: glDrawElements
[Math] roundf(50) -> 50
[Math] roundf(18) -> 18
[Bridge] Call: glLoadMatrixf
[Bridge] Call: glMatrixMode
[Bridge] Call: glLoadMatrixf
[Bridge] Call: glMatrixMode
[Bridge] Call: glLoadMatrixf
[Bridge] Call: glBlendFunc
[Bridge] Call: glBindTexture
[Bridge] Call: glVertexPointer
[Bridge] Call: glColorPointer
[Bridge] Call: glTexCoordPointer
[Bridge] Call: glDrawArrays
[Bridge] Call: glMatrixMode
[Bridge] Call: glLoadMatrixf
[Bridge] Call: glMatrixMode
[Bridge] Call: glLoadIdentity
[Bridge] Call: glBlendFunc
[Bridge] Call: glBindTexture
[Bridge] Call: glVertexPointer
[Bridge] Call: glColorPointer
[Bridge] Call: glTexCoordPointer
[Bridge] Call: glDrawElements
[Bridge] Call: glMatrixMode
[Bridge] Call: glLoadMatrixf
[Bridge] Call: glMatrixMode
[Bridge] Call: glLoadIdentity
[Bridge] Call: glVertexPointer
[Bridge] Call: glColorPointer
[Bridge] Call: glTexCoordPointer
[Bridge] Call: glDrawElements
[Bridge] Call: glMatrixMode
[Bridge] Call: glLoadMatrixf
[Bridge] Call: glMatrixMode
[Bridge] Call: glLoadMatrixf
[Bridge] Call: glBlendFunc
[Bridge] Call: glBindTexture
[Bridge] Call: glVertexPointer
[Bridge] Call: glColorPointer
[Bridge] Call: glTexCoordPointer
[Bridge] Call: glDrawArrays
[Bridge] Call: glMatrixMode
[Bridge] Call: glLoadMatrixf
[Bridge] Call: glMatrixMode
[Bridge] Call: glLoadIdentity
[Bridge] Call: glBlendFunc
[Bridge] Call: glBindTexture
[Bridge] Call: glVertexPointer
[Bridge] Call: glColorPointer
[Bridge] Call: glTexCoordPointer
[Bridge] Call: glDrawElements
[Bridge] Call: glMatrixMode
[Bridge] Call: glLoadMatrixf
[Bridge] Call: glMatrixMode
[Bridge] Call: glLoadIdentity
[Bridge] Call: glBindTexture
[Bridge] Call: glVertexPointer
[Bridge] Call: glColorPointer
[Bridge] Call: glTexCoordPointer
[Bridge] Call: glDrawElements
[Bridge] Call: glMatrixMode
[Bridge] Call: glLoadMatrixf
[Bridge] Call: glMatrixMode
[Bridge] Call: glLoadIdentity
[Bridge] Call: glVertexPointer
[Bridge] Call: glColorPointer
[Bridge] Call: glTexCoordPointer
[Bridge] Call: glDrawElements
[Math] roundf(0) -> 0
[Math] roundf(0) -> 0
[Math] roundf(800) -> 800
[Math] roundf(480) -> 480
[Bridge] Call: glViewport
[Bridge] Call: glMatrixMode
[Bridge] Call: glLoadMatrixf
[Bridge] Call: glMatrixMode
[Emulator] Function executed 197543 instructions
[Emulator] Function returned with R0=0x0
[Frame 100] draws=99 verts=16453 tex_binds=41 tex_uploads=0 vtx_calls=99 texc_calls=96 matrix=192 state=684
[JNI] CallStaticBooleanMethodV(mid=0x13170001) -> 0
[DEBUG] Prepare @ 0x11d4a8a: s0=-0.987891 (0xbf7ce665)
[DEBUG] Prepare @ 0x11d4ada: s18=-11868.5 s4=-1
[JNI] CallStaticBooleanMethodV(mid=0x13170001) -> 0
[DEBUG] Prepare @ 0x11d4a8a: s0=-0.987891 (0xbf7ce665)
[DEBUG] Prepare @ 0x11d4ada: s18=-11868.5 s4=-1
[JNI] CallStaticBooleanMethodV(mid=0x13170001) -> 0
[DEBUG] Prepare @ 0x11d4a8a: s0=-0.987891 (0xbf7ce665)
[DEBUG] Prepare @ 0x11d4ada: s18=-11868.5 s4=-1
[JNI] CallStaticBooleanMethodV(mid=0x13170001) -> 0
[DEBUG] Prepare @ 0x11d4a8a: s0=-0.987891 (0xbf7ce665)
[DEBUG] Prepare @ 0x11d4ada: s18=-11868.5 s4=-1
[JNI] CallStaticBooleanMethodV(mid=0x13170001) -> 0
[DEBUG] Prepare @ 0x11d4a8a: s0=-0.987891 (0xbf7ce665)
[DEBUG] Prepare @ 0x11d4ada: s18=-11868.5 s4=-1
[JNI] CallStaticBooleanMethodV(mid=0x13170001) -> 0
[DEBUG] Prepare @ 0x11d4a8a: s0=-0.987891 (0xbf7ce665)
[DEBUG] Prepare @ 0x11d4ada: s18=-11868.5 s4=-1
[JNI] CallStaticBooleanMethodV(mid=0x13170001) -> 0
[DEBUG] Prepare @ 0x11d4a8a: s0=-0.987891 (0xbf7ce665)
[DEBUG] Prepare @ 0x11d4ada: s18=-11868.5 s4=-1
[JNI] CallStaticBooleanMethodV(mid=0x13170001) -> 0
[DEBUG] Prepare @ 0x11d4a8a: s0=-0.987891 (0xbf7ce665)
[DEBUG] Prepare @ 0x11d4ada: s18=-11868.5 s4=-1
[JNI] CallStaticBooleanMethodV(mid=0x13170001) -> 0
[DEBUG] Prepare @ 0x11d4a8a: s0=-0.987891 (0xbf7ce665)
[DEBUG] Prepare @ 0x11d4ada: s18=-11868.5 s4=-1
[JNI] CallStaticBooleanMethodV(mid=0x13170001) -> 0
[DEBUG] Prepare @ 0x11d4a8a: s0=-0.987891 (0xbf7ce665)
[DEBUG] Prepare @ 0x11d4ada: s18=-11868.5 s4=-1
[JNI] CallStaticBooleanMethodV(mid=0x13170001) -> 0
[DEBUG] Prepare @ 0x11d4a8a: s0=-0.987891 (0xbf7ce665)
[DEBUG] Prepare @ 0x11d4ada: s18=-11868.5 s4=-1
OPEN: resources/click_v2.wav
OPEN SUCCESS: assets/resources/click_v2.wav
[ASSET] Open resources/click_v2.wav -> SUCCESS
CLOSE: resources/click_v2.wav
OPEN: resources/click_v2.wav
OPEN SUCCESS: assets/resources/click_v2.wav
[ASSET] Open resources/click_v2.wav -> SUCCESS
READ: resources/click_v2.wav (44 bytes)
READ: resources/click_v2.wav (4384 bytes)
CLOSE: resources/click_v2.wav
[JNI] CallStaticBooleanMethodV(mid=0x13170001) -> 0
[DEBUG] Prepare @ 0x11d4a8a: s0=-0.987891 (0xbf7ce665)
[DEBUG] Prepare @ 0x11d4ada: s18=-11868.5 s4=-1
[JNI] CallStaticBooleanMethodV(mid=0x13170001) -> 0
[DEBUG] Prepare @ 0x11d4a8a: s0=-0.987891 (0xbf7ce665)
[DEBUG] Prepare @ 0x11d4ada: s18=-11868.5 s4=-1
[JNI] CallStaticBooleanMethodV(mid=0x13170001) -> 0
[DEBUG] Prepare @ 0x11d4a8a: s0=-0.987891 (0xbf7ce665)
[DEBUG] Prepare @ 0x11d4ada: s18=-11868.5 s4=-1
[JNI] CallStaticBooleanMethodV(mid=0x13170001) -> 0
[DEBUG] Prepare @ 0x11d4a8a: s0=-0.987891 (0xbf7ce665)
[DEBUG] Prepare @ 0x11d4ada: s18=-11868.5 s4=-1
[JNI] CallStaticVoidMethodV(mid=0x13170002)
[JNI] enteredAge(14) -> Saved!
[JNI] CallStaticBooleanMethodV(mid=0x13170001) -> 1
[DEBUG] Prepare @ 0x11d4a8a: s0=-0.987891 (0xbf7ce671)
[DEBUG] Prepare @ 0x11d4ada: s18=-11868.5 s4=-1
OPEN: resources/white_2x.tex.png
OPEN FAILED: assets/resources/white_2x.tex.png
[ASSET] Open resources/white_2x.tex.png -> FAILED
OPEN: resources/white_2x.pvr
OPEN SUCCESS: assets/resources/white_2x.pvr
[ASSET] Open resources/white_2x.pvr -> SUCCESS
CLOSE: resources/white_2x.pvr
OPEN: resources/white_2x.pvr
OPEN SUCCESS: assets/resources/white_2x.pvr
[ASSET] Open resources/white_2x.pvr -> SUCCESS
GETLEN: resources/white_2x.pvr -> 308
READ: resources/white_2x.pvr (308 bytes)
CLOSE: resources/white_2x.pvr
[GL] glGetString(0x1f03)
[GL] glGetString(0x1f03)
[JNI] CallStaticBooleanMethodV(mid=0x13170001) -> 1
[DEBUG] Prepare @ 0x11d4a8a: s0=-0.987892 (0xbf7ce67c)
[DEBUG] Prepare @ 0x11d4ada: s18=-11868.5 s4=-1
[JNI] CallStaticBooleanMethodV(mid=0x13170001) -> 1
[DEBUG] Prepare @ 0x11d4a8a: s0=-0.987893 (0xbf7ce687)
[DEBUG] Prepare @ 0x11d4ada: s18=-11868.5 s4=-1
[JNI] CallStaticBooleanMethodV(mid=0x13170001) -> 1
[DEBUG] Prepare @ 0x11d4a8a: s0=-0.987893 (0xbf7ce693)
[DEBUG] Prepare @ 0x11d4ada: s18=-11868.5 s4=-1
[JNI] CallStaticBooleanMethodV(mid=0x13170001) -> 1
[DEBUG] Prepare @ 0x11d4a8a: s0=-0.987894 (0xbf7ce69c)
[DEBUG] Prepare @ 0x11d4ada: s18=-11868.5 s4=-1
[JNI] CallStaticBooleanMethodV(mid=0x13170001) -> 1
[DEBUG] Prepare @ 0x11d4a8a: s0=-0.987894 (0xbf7ce6a7)
[DEBUG] Prepare @ 0x11d4ada: s18=-11868.5 s4=-1
[JNI] CallStaticBooleanMethodV(mid=0x13170001) -> 1
[DEBUG] Prepare @ 0x11d4a8a: s0=-0.987895 (0xbf7ce6b3)
[DEBUG] Prepare @ 0x11d4ada: s18=-11868.5 s4=-1
[JNI] CallStaticBooleanMethodV(mid=0x13170001) -> 1
[DEBUG] Prepare @ 0x11d4a8a: s0=-0.987896 (0xbf7ce6bc)
[DEBUG] Prepare @ 0x11d4ada: s18=-11868.5 s4=-1
[JNI] CallStaticBooleanMethodV(mid=0x13170001) -> 1
[DEBUG] Prepare @ 0x11d4a8a: s0=-0.987896 (0xbf7ce6c6)
[DEBUG] Prepare @ 0x11d4ada: s18=-11868.5 s4=-1
[JNI] CallStaticBooleanMethodV(mid=0x13170001) -> 1
[DEBUG] Prepare @ 0x11d4a8a: s0=-0.987897 (0xbf7ce6d1)
[DEBUG] Prepare @ 0x11d4ada: s18=-11868.5 s4=-1
[JNI] CallStaticBooleanMethodV(mid=0x13170001) -> 1
[DEBUG] Prepare @ 0x11d4a8a: s0=-0.987898 (0xbf7ce6db)
[DEBUG] Prepare @ 0x11d4ada: s18=-11868.5 s4=-1
[JNI] CallStaticBooleanMethodV(mid=0x13170001) -> 1
[DEBUG] Prepare @ 0x11d4a8a: s0=-0.987898 (0xbf7ce6e5)
[DEBUG] Prepare @ 0x11d4ada: s18=-11868.5 s4=-1
[JNI] CallStaticBooleanMethodV(mid=0x13170001) -> 1
[DEBUG] Prepare @ 0x11d4a8a: s0=-0.987899 (0xbf7ce6ef)
[DEBUG] Prepare @ 0x11d4ada: s18=-11868.5 s4=-1
[JNI] CallStaticBooleanMethodV(mid=0x13170001) -> 1
[DEBUG] Prepare @ 0x11d4a8a: s0=-0.987899 (0xbf7ce6f9)
[DEBUG] Prepare @ 0x11d4ada: s18=-11868.5 s4=-1
[JNI] CallStaticBooleanMethodV(mid=0x13170001) -> 1
[DEBUG] Prepare @ 0x11d4a8a: s0=-0.9879 (0xbf7ce703)
[DEBUG] Prepare @ 0x11d4ada: s18=-11868.5 s4=-1
[JNI] CallStaticBooleanMethodV(mid=0x13170001) -> 1
[DEBUG] Prepare @ 0x11d4a8a: s0=-0.987901 (0xbf7ce70e)
[DEBUG] Prepare @ 0x11d4ada: s18=-11868.5 s4=-1
[JNI] CallStaticBooleanMethodV(mid=0x13170001) -> 1
[DEBUG] Prepare @ 0x11d4a8a: s0=-0.987901 (0xbf7ce716)
[DEBUG] Prepare @ 0x11d4ada: s18=-11868.5 s4=-1
[JNI] CallStaticBooleanMethodV(mid=0x13170001) -> 1
[DEBUG] Prepare @ 0x11d4a8a: s0=-0.987902 (0xbf7ce71f)
[DEBUG] Prepare @ 0x11d4ada: s18=-11868.5 s4=-1
[JNI] CallStaticBooleanMethodV(mid=0x13170001) -> 1
[DEBUG] Prepare @ 0x11d4a8a: s0=-0.987902 (0xbf7ce72a)
[DEBUG] Prepare @ 0x11d4ada: s18=-11868.5 s4=-1
[JNI] CallStaticBooleanMethodV(mid=0x13170001) -> 1
[DEBUG] Prepare @ 0x11d4a8a: s0=-0.987903 (0xbf7ce732)
[DEBUG] Prepare @ 0x11d4ada: s18=-11868.5 s4=-1
[JNI] CallStaticBooleanMethodV(mid=0x13170001) -> 1
[DEBUG] Prepare @ 0x11d4a8a: s0=-0.987903 (0xbf7ce73b)
[DEBUG] Prepare @ 0x11d4ada: s18=-11868.5 s4=-1
[JNI] CallStaticBooleanMethodV(mid=0x13170001) -> 1
[DEBUG] Prepare @ 0x11d4a8a: s0=-0.987904 (0xbf7ce745)
[DEBUG] Prepare @ 0x11d4ada: s18=-11868.5 s4=-1
[JNI] CallStaticBooleanMethodV(mid=0x13170001) -> 1
[DEBUG] Prepare @ 0x11d4a8a: s0=-0.987904 (0xbf7ce74c)
[DEBUG] Prepare @ 0x11d4ada: s18=-11868.5 s4=-1
[JNI] CallStaticBooleanMethodV(mid=0x13170001) -> 1
[DEBUG] Prepare @ 0x11d4a8a: s0=-0.987905 (0xbf7ce755)
[DEBUG] Prepare @ 0x11d4ada: s18=-11868.5 s4=-1
[JNI] CallStaticBooleanMethodV(mid=0x13170001) -> 1
[DEBUG] Prepare @ 0x11d4a8a: s0=-0.987905 (0xbf7ce75f)
[DEBUG] Prepare @ 0x11d4ada: s18=-11868.5 s4=-1
[JNI] CallStaticBooleanMethodV(mid=0x13170001) -> 1
[DEBUG] Prepare @ 0x11d4a8a: s0=-0.987906 (0xbf7ce766)
[DEBUG] Prepare @ 0x11d4ada: s18=-11868.5 s4=-1
[JNI] CallStaticBooleanMethodV(mid=0x13170001) -> 1
[DEBUG] Prepare @ 0x11d4a8a: s0=-0.987906 (0xbf7ce76e)
[DEBUG] Prepare @ 0x11d4ada: s18=-11868.5 s4=-1
[JNI] CallStaticBooleanMethodV(mid=0x13170001) -> 1
[DEBUG] Prepare @ 0x11d4a8a: s0=-0.987907 (0xbf7ce776)
[DEBUG] Prepare @ 0x11d4ada: s18=-11868.5 s4=-1
[JNI] CallStaticBooleanMethodV(mid=0x13170001) -> 1
[DEBUG] Prepare @ 0x11d4a8a: s0=-0.987907 (0xbf7ce77f)
[DEBUG] Prepare @ 0x11d4ada: s18=-11868.5 s4=-1
[JNI] CallStaticBooleanMethodV(mid=0x13170001) -> 1
[DEBUG] Prepare @ 0x11d4a8a: s0=-0.987908 (0xbf7ce785)
[DEBUG] Prepare @ 0x11d4ada: s18=-11868.5 s4=-1
[JNI] CallStaticBooleanMethodV(mid=0x13170001) -> 1
[DEBUG] Prepare @ 0x11d4a8a: s0=-0.987908 (0xbf7ce78d)
[DEBUG] Prepare @ 0x11d4ada: s18=-11868.5 s4=-1
[JNI] CallStaticBooleanMethodV(mid=0x13170001) -> 1
[DEBUG] Prepare @ 0x11d4a8a: s0=-0.987909 (0xbf7ce794)
[DEBUG] Prepare @ 0x11d4ada: s18=-11868.5 s4=-1
[JNI] CallStaticBooleanMethodV(mid=0x13170001) -> 1
[DEBUG] Prepare @ 0x11d4a8a: s0=-0.987909 (0xbf7ce79b)
[DEBUG] Prepare @ 0x11d4ada: s18=-11868.5 s4=-1
[JNI] CallStaticBooleanMethodV(mid=0x13170001) -> 1
[DEBUG] Prepare @ 0x11d4a8a: s0=-0.987909 (0xbf7ce7a2)
[DEBUG] Prepare @ 0x11d4ada: s18=-11868.5 s4=-1
[JNI] CallStaticBooleanMethodV(mid=0x13170001) -> 1
[DEBUG] Prepare @ 0x11d4a8a: s0=-0.98791 (0xbf7ce7ab)
[DEBUG] Prepare @ 0x11d4ada: s18=-11868.5 s4=-1
[JNI] CallStaticBooleanMethodV(mid=0x13170001) -> 1
[DEBUG] Prepare @ 0x11d4a8a: s0=-0.98791 (0xbf7ce7b2)
[DEBUG] Prepare @ 0x11d4ada: s18=-11868.5 s4=-1
[JNI] CallStaticBooleanMethodV(mid=0x13170001) -> 1
[DEBUG] Prepare @ 0x11d4a8a: s0=-0.987911 (0xbf7ce7b7)
[DEBUG] Prepare @ 0x11d4ada: s18=-11868.5 s4=-1
[JNI] CallStaticBooleanMethodV(mid=0x13170001) -> 1
[DEBUG] Prepare @ 0x11d4a8a: s0=-0.987911 (0xbf7ce7bf)
[DEBUG] Prepare @ 0x11d4ada: s18=-11868.5 s4=-1
[JNI] CallStaticBooleanMethodV(mid=0x13170001) -> 1
[DEBUG] Prepare @ 0x11d4a8a: s0=-0.987911 (0xbf7ce7c4)
[DEBUG] Prepare @ 0x11d4ada: s18=-11868.5 s4=-1
[JNI] CallStaticBooleanMethodV(mid=0x13170001) -> 1
[DEBUG] Prepare @ 0x11d4a8a: s0=-0.987912 (0xbf7ce7ca)
[DEBUG] Prepare @ 0x11d4ada: s18=-11868.5 s4=-1
[JNI] CallStaticBooleanMethodV(mid=0x13170001) -> 1
[DEBUG] Prepare @ 0x11d4a8a: s0=-0.987912 (0xbf7ce7d2)
[DEBUG] Prepare @ 0x11d4ada: s18=-11868.5 s4=-1
[JNI] CallStaticBooleanMethodV(mid=0x13170001) -> 1
[DEBUG] Prepare @ 0x11d4a8a: s0=-0.987913 (0xbf7ce7d8)
[DEBUG] Prepare @ 0x11d4ada: s18=-11868.5 s4=-1
[JNI] CallStaticBooleanMethodV(mid=0x13170001) -> 1
[DEBUG] Prepare @ 0x11d4a8a: s0=-0.987913 (0xbf7ce7dc)
[DEBUG] Prepare @ 0x11d4ada: s18=-11868.5 s4=-1
[JNI] CallStaticBooleanMethodV(mid=0x13170001) -> 1
[DEBUG] Prepare @ 0x11d4a8a: s0=-0.987913 (0xbf7ce7e2)
[DEBUG] Prepare @ 0x11d4ada: s18=-11868.5 s4=-1
[JNI] CallStaticBooleanMethodV(mid=0x13170001) -> 1
[DEBUG] Prepare @ 0x11d4a8a: s0=-0.987914 (0xbf7ce7e8)
[DEBUG] Prepare @ 0x11d4ada: s18=-11868.5 s4=-1
[JNI] CallStaticBooleanMethodV(mid=0x13170001) -> 1
[DEBUG] Prepare @ 0x11d4a8a: s0=-0.987914 (0xbf7ce7ed)
[DEBUG] Prepare @ 0x11d4ada: s18=-11868.5 s4=-1
[JNI] CallStaticBooleanMethodV(mid=0x13170001) -> 1
[DEBUG] Prepare @ 0x11d4a8a: s0=-0.987914 (0xbf7ce7f2)
[DEBUG] Prepare @ 0x11d4ada: s18=-11868.5 s4=-1
[JNI] CallStaticBooleanMethodV(mid=0x13170001) -> 1
[DEBUG] Prepare @ 0x11d4a8a: s0=-0.987915 (0xbf7ce7f9)
[DEBUG] Prepare @ 0x11d4ada: s18=-11868.5 s4=-1
[JNI] CallStaticBooleanMethodV(mid=0x13170001) -> 1
[DEBUG] Prepare @ 0x11d4a8a: s0=-0.987915 (0xbf7ce7fd)
[DEBUG] Prepare @ 0x11d4ada: s18=-11868.5 s4=-1
[JNI] CallStaticBooleanMethodV(mid=0x13170001) -> 1
[DEBUG] Prepare @ 0x11d4a8a: s0=-0.987915 (0xbf7ce803)
[DEBUG] Prepare @ 0x11d4ada: s18=-11868.5 s4=-1
[JNI] CallStaticBooleanMethodV(mid=0x13170001) -> 1
[DEBUG] Prepare @ 0x11d4a8a: s0=-0.987916 (0xbf7ce808)
[DEBUG] Prepare @ 0x11d4ada: s18=-11868.5 s4=-1
[JNI] CallStaticBooleanMethodV(mid=0x13170001) -> 1
[DEBUG] Prepare @ 0x11d4a8a: s0=-0.987916 (0xbf7ce80b)
[DEBUG] Prepare @ 0x11d4ada: s18=-11868.5 s4=-1
[JNI] CallStaticBooleanMethodV(mid=0x13170001) -> 1
[DEBUG] Prepare @ 0x11d4a8a: s0=-0.987916 (0xbf7ce810)
[DEBUG] Prepare @ 0x11d4ada: s18=-11868.5 s4=-1
[JNI] CallStaticBooleanMethodV(mid=0x13170001) -> 1
[DEBUG] Prepare @ 0x11d4a8a: s0=-0.987916 (0xbf7ce814)
[DEBUG] Prepare @ 0x11d4ada: s18=-11868.5 s4=-1
[JNI] CallStaticBooleanMethodV(mid=0x13170001) -> 1
[DEBUG] Prepare @ 0x11d4a8a: s0=-0.987916 (0xbf7ce818)
[DEBUG] Prepare @ 0x11d4ada: s18=-11868.5 s4=-1
[JNI] CallStaticBooleanMethodV(mid=0x13170001) -> 1
OPEN: resources/credits.scene
OPEN SUCCESS: assets/resources/credits.scene
[ASSET] Open resources/credits.scene -> SUCCESS
GETLEN: resources/credits.scene -> 73965
READ: resources/credits.scene (73965 bytes)
CLOSE: resources/credits.scene
OPEN: resources/lights.scl
OPEN SUCCESS: assets/resources/lights.scl
[ASSET] Open resources/lights.scl -> SUCCESS
GETLEN: resources/lights.scl -> 1358
READ: resources/lights.scl (1358 bytes)
CLOSE: resources/lights.scl
OPEN: resources/plains_stuff.scl
OPEN SUCCESS: assets/resources/plains_stuff.scl
[ASSET] Open resources/plains_stuff.scl -> SUCCESS
GETLEN: resources/plains_stuff.scl -> 65356
READ: resources/plains_stuff.scl (65356 bytes)
CLOSE: resources/plains_stuff.scl
OPEN: resources/rocks.scl
OPEN SUCCESS: assets/resources/rocks.scl
[ASSET] Open resources/rocks.scl -> SUCCESS
GETLEN: resources/rocks.scl -> 697
READ: resources/rocks.scl (697 bytes)
CLOSE: resources/rocks.scl
OPEN: resources/statues.scl
OPEN SUCCESS: assets/resources/statues.scl
[ASSET] Open resources/statues.scl -> SUCCESS
GETLEN: resources/statues.scl -> 2246
READ: resources/statues.scl (2246 bytes)
CLOSE: resources/statues.scl
OPEN: resources/plains_night_2x.tex.png
OPEN SUCCESS: assets/resources/plains_night_2x.tex.png
[ASSET] Open resources/plains_night_2x.tex.png -> SUCCESS
CLOSE: resources/plains_night_2x.tex.png
OPEN: resources/plains_night_2x.tex.png
OPEN SUCCESS: assets/resources/plains_night_2x.tex.png
[ASSET] Open resources/plains_night_2x.tex.png -> SUCCESS
GETLEN: resources/plains_night_2x.tex.png -> 376227
CLOSE: resources/plains_night_2x.tex.png
[ZLIB] gzdopen(fd=63, mode="rb") -> handle 0x70000004
OPEN: resources/carniplant_attack.wav
OPEN SUCCESS: assets/resources/carniplant_attack.wav
[ASSET] Open resources/carniplant_attack.wav -> SUCCESS
CLOSE: resources/carniplant_attack.wav
[DEBUG] ReadPODModelFromFile(name_str_ptr=0xbfffec74, char_addr=0x21188bb4)
  -> model path: "resources/carniplant.POD"
[DEBUG] ReadPODModelFromFile(name_str_ptr=0xbfffec74, char_addr=0x21188bb4)
  -> model path: "resources/carniplant.POD"
OPEN: resources/carniplant.POD
OPEN SUCCESS: assets/resources/carniplant.POD
[ASSET] Open resources/carniplant.POD -> SUCCESS
GETLEN: resources/carniplant.POD -> 55945
READ: resources/carniplant.POD (55945 bytes)
CLOSE: resources/carniplant.POD
OPEN: resources/green_2x.tex.png
OPEN FAILED: assets/resources/green_2x.tex.png
[ASSET] Open resources/green_2x.tex.png -> FAILED
OPEN: resources/green_2x.pvr
OPEN SUCCESS: assets/resources/green_2x.pvr
[ASSET] Open resources/green_2x.pvr -> SUCCESS
CLOSE: resources/green_2x.pvr
OPEN: resources/green_2x.pvr
OPEN SUCCESS: assets/resources/green_2x.pvr
[ASSET] Open resources/green_2x.pvr -> SUCCESS
GETLEN: resources/green_2x.pvr -> 32820
READ: resources/green_2x.pvr (32820 bytes)
CLOSE: resources/green_2x.pvr
[GL] glGetString(0x1f03)
[GL] glGetString(0x1f03)
OPEN: resources/distortedred2_2x.tex.png
OPEN FAILED: assets/resources/distortedred2_2x.tex.png
[ASSET] Open resources/distortedred2_2x.tex.png -> FAILED
OPEN: resources/distortedred2_2x.pvr
OPEN SUCCESS: assets/resources/distortedred2_2x.pvr
[ASSET] Open resources/distortedred2_2x.pvr -> SUCCESS
CLOSE: resources/distortedred2_2x.pvr
OPEN: resources/distortedred2_2x.pvr
OPEN SUCCESS: assets/resources/distortedred2_2x.pvr
[ASSET] Open resources/distortedred2_2x.pvr -> SUCCESS
GETLEN: resources/distortedred2_2x.pvr -> 131124
READ: resources/distortedred2_2x.pvr (131124 bytes)
CLOSE: resources/distortedred2_2x.pvr
[GL] glGetString(0x1f03)
[GL] glGetString(0x1f03)
OPEN: resources/whitefabric_2x.tex.png
OPEN FAILED: assets/resources/whitefabric_2x.tex.png
[ASSET] Open resources/whitefabric_2x.tex.png -> FAILED
OPEN: resources/whitefabric_2x.pvr
OPEN SUCCESS: assets/resources/whitefabric_2x.pvr
[ASSET] Open resources/whitefabric_2x.pvr -> SUCCESS
CLOSE: resources/whitefabric_2x.pvr
OPEN: resources/whitefabric_2x.pvr
OPEN SUCCESS: assets/resources/whitefabric_2x.pvr
[ASSET] Open resources/whitefabric_2x.pvr -> SUCCESS
GETLEN: resources/whitefabric_2x.pvr -> 131124
READ: resources/whitefabric_2x.pvr (131124 bytes)
CLOSE: resources/whitefabric_2x.pvr
[GL] glGetString(0x1f03)
[GL] glGetString(0x1f03)
OPEN: resources/yellowground_2x.tex.png
OPEN FAILED: assets/resources/yellowground_2x.tex.png
[ASSET] Open resources/yellowground_2x.tex.png -> FAILED
OPEN: resources/yellowground_2x.pvr
OPEN SUCCESS: assets/resources/yellowground_2x.pvr
[ASSET] Open resources/yellowground_2x.pvr -> SUCCESS
CLOSE: resources/yellowground_2x.pvr
OPEN: resources/yellowground_2x.pvr
OPEN SUCCESS: assets/resources/yellowground_2x.pvr
[ASSET] Open resources/yellowground_2x.pvr -> SUCCESS
GETLEN: resources/yellowground_2x.pvr -> 131124
READ: resources/yellowground_2x.pvr (131124 bytes)
CLOSE: resources/yellowground_2x.pvr
[GL] glGetString(0x1f03)
[GL] glGetString(0x1f03)
[DEBUG] ReadPODModelFromFile(name_str_ptr=0xbfffec7c, char_addr=0x2121fb6c)
  -> model path: "resources/carniplant_stand.POD"
[DEBUG] ReadPODModelFromFile(name_str_ptr=0xbfffec7c, char_addr=0x2121fb6c)
  -> model path: "resources/carniplant_stand.POD"
OPEN: resources/carniplant_stand.POD
OPEN SUCCESS: assets/resources/carniplant_stand.POD
[ASSET] Open resources/carniplant_stand.POD -> SUCCESS
GETLEN: resources/carniplant_stand.POD -> 49866
READ: resources/carniplant_stand.POD (49866 bytes)
CLOSE: resources/carniplant_stand.POD
[DEBUG] ReadPODModelFromFile(name_str_ptr=0xbfffec7c, char_addr=0x2123bdac)
  -> model path: "resources/carniplant_attack.POD"
[DEBUG] ReadPODModelFromFile(name_str_ptr=0xbfffec7c, char_addr=0x2123bdac)
  -> model path: "resources/carniplant_attack.POD"
OPEN: resources/carniplant_attack.POD
OPEN SUCCESS: assets/resources/carniplant_attack.POD
[ASSET] Open resources/carniplant_attack.POD -> SUCCESS
GETLEN: resources/carniplant_attack.POD -> 27276
READ: resources/carniplant_attack.POD (27276 bytes)
CLOSE: resources/carniplant_attack.POD
[DEBUG] ReadPODModelFromFile(name_str_ptr=0xbfffec74, char_addr=0x2124ba8c)
  -> model path: "resources/critter_konna_green.POD"
[DEBUG] ReadPODModelFromFile(name_str_ptr=0xbfffec74, char_addr=0x2124ba8c)
  -> model path: "resources/critter_konna_green.POD"
OPEN: resources/critter_konna_green.POD
OPEN SUCCESS: assets/resources/critter_konna_green.POD
[ASSET] Open resources/critter_konna_green.POD -> SUCCESS
GETLEN: resources/critter_konna_green.POD -> 44921
READ: resources/critter_konna_green.POD (44921 bytes)
CLOSE: resources/critter_konna_green.POD
OPEN: resources/critter_green_2x.tex.png
OPEN FAILED: assets/resources/critter_green_2x.tex.png
[ASSET] Open resources/critter_green_2x.tex.png -> FAILED
OPEN: resources/critter_green_2x.pvr
OPEN SUCCESS: assets/resources/critter_green_2x.pvr
[ASSET] Open resources/critter_green_2x.pvr -> SUCCESS
CLOSE: resources/critter_green_2x.pvr
OPEN: resources/critter_green_2x.pvr
OPEN SUCCESS: assets/resources/critter_green_2x.pvr
[ASSET] Open resources/critter_green_2x.pvr -> SUCCESS
GETLEN: resources/critter_green_2x.pvr -> 32820
READ: resources/critter_green_2x.pvr (32820 bytes)
CLOSE: resources/critter_green_2x.pvr
[GL] glGetString(0x1f03)
[GL] glGetString(0x1f03)
OPEN: resources/eyetexture_2x.tex.png
OPEN FAILED: assets/resources/eyetexture_2x.tex.png
[ASSET] Open resources/eyetexture_2x.tex.png -> FAILED
OPEN: resources/eyetexture_2x.pvr
OPEN SUCCESS: assets/resources/eyetexture_2x.pvr
[ASSET] Open resources/eyetexture_2x.pvr -> SUCCESS
CLOSE: resources/eyetexture_2x.pvr
OPEN: resources/eyetexture_2x.pvr
OPEN SUCCESS: assets/resources/eyetexture_2x.pvr
[ASSET] Open resources/eyetexture_2x.pvr -> SUCCESS
GETLEN: resources/eyetexture_2x.pvr -> 8244
READ: resources/eyetexture_2x.pvr (8244 bytes)
CLOSE: resources/eyetexture_2x.pvr
[GL] glGetString(0x1f03)
[GL] glGetString(0x1f03)
[DEBUG] ReadPODModelFromFile(name_str_ptr=0xbfffec7c, char_addr=0x21278d54)
  -> model path: "resources/critter_konna_walk.POD"
[DEBUG] ReadPODModelFromFile(name_str_ptr=0xbfffec7c, char_addr=0x21278d54)
  -> model path: "resources/critter_konna_walk.POD"
OPEN: resources/critter_konna_walk.POD
OPEN SUCCESS: assets/resources/critter_konna_walk.POD
[ASSET] Open resources/critter_konna_walk.POD -> SUCCESS
GETLEN: resources/critter_konna_walk.POD -> 15462
READ: resources/critter_konna_walk.POD (15462 bytes)
CLOSE: resources/critter_konna_walk.POD
[DEBUG] ReadPODModelFromFile(name_str_ptr=0xbfffec74, char_addr=0x21285fc4)
  -> model path: "resources/laavakonna.POD"
[DEBUG] ReadPODModelFromFile(name_str_ptr=0xbfffec74, char_addr=0x21285fc4)
  -> model path: "resources/laavakonna.POD"
OPEN: resources/laavakonna.POD
OPEN SUCCESS: assets/resources/laavakonna.POD
[ASSET] Open resources/laavakonna.POD -> SUCCESS
GETLEN: resources/laavakonna.POD -> 34071
READ: resources/laavakonna.POD (34071 bytes)
CLOSE: resources/laavakonna.POD
OPEN: resources/laavakonna_2x.tex.png
OPEN FAILED: assets/resources/laavakonna_2x.tex.png
[ASSET] Open resources/laavakonna_2x.tex.png -> FAILED
OPEN: resources/laavakonna_2x.pvr
OPEN SUCCESS: assets/resources/laavakonna_2x.pvr
[ASSET] Open resources/laavakonna_2x.pvr -> SUCCESS
CLOSE: resources/laavakonna_2x.pvr
OPEN: resources/laavakonna_2x.pvr
OPEN SUCCESS: assets/resources/laavakonna_2x.pvr
[ASSET] Open resources/laavakonna_2x.pvr -> SUCCESS
GETLEN: resources/laavakonna_2x.pvr -> 131124
READ: resources/laavakonna_2x.pvr (131124 bytes)
CLOSE: resources/laavakonna_2x.pvr
[GL] glGetString(0x1f03)
[GL] glGetString(0x1f03)
[DEBUG] ReadPODModelFromFile(name_str_ptr=0xbfffec7c, char_addr=0x212c14b4)
  -> model path: "resources/kilpikonna_stand.POD"
[DEBUG] ReadPODModelFromFile(name_str_ptr=0xbfffec7c, char_addr=0x212c14b4)
  -> model path: "resources/kilpikonna_stand.POD"
OPEN: resources/kilpikonna_stand.POD
OPEN SUCCESS: assets/resources/kilpikonna_stand.POD
[ASSET] Open resources/kilpikonna_stand.POD -> SUCCESS
GETLEN: resources/kilpikonna_stand.POD -> 33069
READ: resources/kilpikonna_stand.POD (33069 bytes)
CLOSE: resources/kilpikonna_stand.POD
[DEBUG] ReadPODModelFromFile(name_str_ptr=0xbfffec7c, char_addr=0x212d243c)
  -> model path: "resources/kilpikonna_hide.POD"
[DEBUG] ReadPODModelFromFile(name_str_ptr=0xbfffec7c, char_addr=0x212d243c)
  -> model path: "resources/kilpikonna_hide.POD"
OPEN: resources/kilpikonna_hide.POD
OPEN SUCCESS: assets/resources/kilpikonna_hide.POD
[ASSET] Open resources/kilpikonna_hide.POD -> SUCCESS
GETLEN: resources/kilpikonna_hide.POD -> 33621
READ: resources/kilpikonna_hide.POD (33621 bytes)
CLOSE: resources/kilpikonna_hide.POD
[DEBUG] ReadPODModelFromFile(name_str_ptr=0xbfffec7c, char_addr=0x212e3814)
  -> model path: "resources/kilpikonna_unhide.POD"
[DEBUG] ReadPODModelFromFile(name_str_ptr=0xbfffec7c, char_addr=0x212e3814)
  -> model path: "resources/kilpikonna_unhide.POD"
OPEN: resources/kilpikonna_unhide.POD
OPEN SUCCESS: assets/resources/kilpikonna_unhide.POD
[ASSET] Open resources/kilpikonna_unhide.POD -> SUCCESS
GETLEN: resources/kilpikonna_unhide.POD -> 33621
READ: resources/kilpikonna_unhide.POD (33621 bytes)
CLOSE: resources/kilpikonna_unhide.POD
[DEBUG] ReadPODModelFromFile(name_str_ptr=0xbfffec7c, char_addr=0x212f4f7c)
  -> model path: "resources/piikkikonna_shoot.POD"
[DEBUG] ReadPODModelFromFile(name_str_ptr=0xbfffec7c, char_addr=0x212f4f7c)
  -> model path: "resources/piikkikonna_shoot.POD"
OPEN: resources/piikkikonna_shoot.POD
OPEN SUCCESS: assets/resources/piikkikonna_shoot.POD
[ASSET] Open resources/piikkikonna_shoot.POD -> SUCCESS
GETLEN: resources/piikkikonna_shoot.POD -> 14551
READ: resources/piikkikonna_shoot.POD (14551 bytes)
CLOSE: resources/piikkikonna_shoot.POD
[DEBUG] ReadPODModelFromFile(name_str_ptr=0xbfffec74, char_addr=0x213069e4)
  -> model path: "resources/variknight_shield_florennum.POD"
[DEBUG] ReadPODModelFromFile(name_str_ptr=0xbfffec74, char_addr=0x213069e4)
  -> model path: "resources/variknight_shield_florennum.POD"
OPEN: resources/variknight_shield_florennum.POD
OPEN SUCCESS: assets/resources/variknight_shield_florennum.POD
[ASSET] Open resources/variknight_shield_florennum.POD -> SUCCESS
GETLEN: resources/variknight_shield_florennum.POD -> 42695
READ: resources/variknight_shield_florennum.POD (42695 bytes)
CLOSE: resources/variknight_shield_florennum.POD
OPEN: resources/variknight_head_default_2x.tex.png
OPEN FAILED: assets/resources/variknight_head_default_2x.tex.png
[ASSET] Open resources/variknight_head_default_2x.tex.png -> FAILED
OPEN: resources/variknight_head_default_2x.pvr
OPEN SUCCESS: assets/resources/variknight_head_default_2x.pvr
[ASSET] Open resources/variknight_head_default_2x.pvr -> SUCCESS
CLOSE: resources/variknight_head_default_2x.pvr
OPEN: resources/variknight_head_default_2x.pvr
OPEN SUCCESS: assets/resources/variknight_head_default_2x.pvr
[ASSET] Open resources/variknight_head_default_2x.pvr -> SUCCESS
GETLEN: resources/variknight_head_default_2x.pvr -> 32820
READ: resources/variknight_head_default_2x.pvr (32820 bytes)
CLOSE: resources/variknight_head_default_2x.pvr
[GL] glGetString(0x1f03)
[GL] glGetString(0x1f03)
OPEN: resources/variknight_hand_default_2x.tex.png
OPEN FAILED: assets/resources/variknight_hand_default_2x.tex.png
[ASSET] Open resources/variknight_hand_default_2x.tex.png -> FAILED
OPEN: resources/variknight_hand_default_2x.pvr
OPEN SUCCESS: assets/resources/variknight_hand_default_2x.pvr
[ASSET] Open resources/variknight_hand_default_2x.pvr -> SUCCESS
CLOSE: resources/variknight_hand_default_2x.pvr
OPEN: resources/variknight_hand_default_2x.pvr
OPEN SUCCESS: assets/resources/variknight_hand_default_2x.pvr
[ASSET] Open resources/variknight_hand_default_2x.pvr -> SUCCESS
GETLEN: resources/variknight_hand_default_2x.pvr -> 8244
READ: resources/variknight_hand_default_2x.pvr (8244 bytes)
CLOSE: resources/variknight_hand_default_2x.pvr
[GL] glGetString(0x1f03)
[GL] glGetString(0x1f03)
OPEN: resources/sword_swing2.wav
OPEN SUCCESS: assets/resources/sword_swing2.wav
[ASSET] Open resources/sword_swing2.wav -> SUCCESS
CLOSE: resources/sword_swing2.wav
OPEN: resources/sword_impact3.wav
OPEN SUCCESS: assets/resources/sword_impact3.wav
[ASSET] Open resources/sword_impact3.wav -> SUCCESS
CLOSE: resources/sword_impact3.wav
[DEBUG] ReadPODModelFromFile(name_str_ptr=0xbfffebb4, char_addr=0x2133d494)
  -> model path: "resources/variknight_sword.POD"
[DEBUG] ReadPODModelFromFile(name_str_ptr=0xbfffebb4, char_addr=0x2133d494)
  -> model path: "resources/variknight_sword.POD"
OPEN: resources/variknight_sword.POD
OPEN SUCCESS: assets/resources/variknight_sword.POD
[ASSET] Open resources/variknight_sword.POD -> SUCCESS
GETLEN: resources/variknight_sword.POD -> 7133
READ: resources/variknight_sword.POD (7133 bytes)
CLOSE: resources/variknight_sword.POD
OPEN: resources/brown128_2x.tex.png
OPEN FAILED: assets/resources/brown128_2x.tex.png
[ASSET] Open resources/brown128_2x.tex.png -> FAILED
OPEN: resources/brown128_2x.pvr
OPEN SUCCESS: assets/resources/brown128_2x.pvr
[ASSET] Open resources/brown128_2x.pvr -> SUCCESS
CLOSE: resources/brown128_2x.pvr
OPEN: resources/brown128_2x.pvr
OPEN SUCCESS: assets/resources/brown128_2x.pvr
[ASSET] Open resources/brown128_2x.pvr -> SUCCESS
GETLEN: resources/brown128_2x.pvr -> 8244
READ: resources/brown128_2x.pvr (8244 bytes)
CLOSE: resources/brown128_2x.pvr
[GL] glGetString(0x1f03)
[GL] glGetString(0x1f03)
OPEN: resources/metallic_grey128_2x.tex.png
OPEN FAILED: assets/resources/metallic_grey128_2x.tex.png
[ASSET] Open resources/metallic_grey128_2x.tex.png -> FAILED
OPEN: resources/metallic_grey128_2x.pvr
OPEN SUCCESS: assets/resources/metallic_grey128_2x.pvr
[ASSET] Open resources/metallic_grey128_2x.pvr -> SUCCESS
CLOSE: resources/metallic_grey128_2x.pvr
OPEN: resources/metallic_grey128_2x.pvr
OPEN SUCCESS: assets/resources/metallic_grey128_2x.pvr
[ASSET] Open resources/metallic_grey128_2x.pvr -> SUCCESS
GETLEN: resources/metallic_grey128_2x.pvr -> 8244
READ: resources/metallic_grey128_2x.pvr (8244 bytes)
CLOSE: resources/metallic_grey128_2x.pvr
[GL] glGetString(0x1f03)
[GL] glGetString(0x1f03)
OPEN: resources/weapon_trail_2x.tex.png
OPEN FAILED: assets/resources/weapon_trail_2x.tex.png
[ASSET] Open resources/weapon_trail_2x.tex.png -> FAILED
OPEN: resources/weapon_trail_2x.pvr
OPEN SUCCESS: assets/resources/weapon_trail_2x.pvr
[ASSET] Open resources/weapon_trail_2x.pvr -> SUCCESS
CLOSE: resources/weapon_trail_2x.pvr
OPEN: resources/weapon_trail_2x.pvr
OPEN SUCCESS: assets/resources/weapon_trail_2x.pvr
[ASSET] Open resources/weapon_trail_2x.pvr -> SUCCESS
GETLEN: resources/weapon_trail_2x.pvr -> 65588
READ: resources/weapon_trail_2x.pvr (65588 bytes)
CLOSE: resources/weapon_trail_2x.pvr
[GL] glGetString(0x1f03)
[GL] glGetString(0x1f03)
[DEBUG] ReadPODModelFromFile(name_str_ptr=0xbfffec7c, char_addr=0x21355cc4)
  -> model path: "resources/variknight_shield_walk.POD"
[DEBUG] ReadPODModelFromFile(name_str_ptr=0xbfffec7c, char_addr=0x21355cc4)
  -> model path: "resources/variknight_shield_walk.POD"
OPEN: resources/variknight_shield_walk.POD
OPEN SUCCESS: assets/resources/variknight_shield_walk.POD
[ASSET] Open resources/variknight_shield_walk.POD -> SUCCESS
GETLEN: resources/variknight_shield_walk.POD -> 48271
READ: resources/variknight_shield_walk.POD (48271 bytes)
CLOSE: resources/variknight_shield_walk.POD
[DEBUG] ReadPODModelFromFile(name_str_ptr=0xbfffec7c, char_addr=0x213710cc)
  -> model path: "resources/variknight_shield_attack1.POD"
[DEBUG] ReadPODModelFromFile(name_str_ptr=0xbfffec7c, char_addr=0x213710cc)
  -> model path: "resources/variknight_shield_attack1.POD"
OPEN: resources/variknight_shield_attack1.POD
OPEN SUCCESS: assets/resources/variknight_shield_attack1.POD
[ASSET] Open resources/variknight_shield_attack1.POD -> SUCCESS
GETLEN: resources/variknight_shield_attack1.POD -> 41215
READ: resources/variknight_shield_attack1.POD (41215 bytes)
CLOSE: resources/variknight_shield_attack1.POD
[DEBUG] ReadPODModelFromFile(name_str_ptr=0xbfffec7c, char_addr=0x2138848c)
  -> model path: "resources/variknight_shield_attack2.POD"
[DEBUG] ReadPODModelFromFile(name_str_ptr=0xbfffec7c, char_addr=0x2138848c)
  -> model path: "resources/variknight_shield_attack2.POD"
OPEN: resources/variknight_shield_attack2.POD
OPEN SUCCESS: assets/resources/variknight_shield_attack2.POD
[ASSET] Open resources/variknight_shield_attack2.POD -> SUCCESS
GETLEN: resources/variknight_shield_attack2.POD -> 56539
READ: resources/variknight_shield_attack2.POD (56539 bytes)
CLOSE: resources/variknight_shield_attack2.POD
[DEBUG] ReadPODModelFromFile(name_str_ptr=0xbfffec74, char_addr=0x213a8534)
  -> model path: "resources/smallrock1.POD"
[DEBUG] ReadPODModelFromFile(name_str_ptr=0xbfffec74, char_addr=0x213a8534)
  -> model path: "resources/smallrock1.POD"
OPEN: resources/smallrock1.POD
OPEN SUCCESS: assets/resources/smallrock1.POD
[ASSET] Open resources/smallrock1.POD -> SUCCESS
GETLEN: resources/smallrock1.POD -> 7824
READ: resources/smallrock1.POD (7824 bytes)
CLOSE: resources/smallrock1.POD
OPEN: resources/stone_2x.tex.png
OPEN FAILED: assets/resources/stone_2x.tex.png
[ASSET] Open resources/stone_2x.tex.png -> FAILED
OPEN: resources/stone_2x.pvr
OPEN SUCCESS: assets/resources/stone_2x.pvr
[ASSET] Open resources/stone_2x.pvr -> SUCCESS
CLOSE: resources/stone_2x.pvr
OPEN: resources/stone_2x.pvr
OPEN SUCCESS: assets/resources/stone_2x.pvr
[ASSET] Open resources/stone_2x.pvr -> SUCCESS
GETLEN: resources/stone_2x.pvr -> 32820
READ: resources/stone_2x.pvr (32820 bytes)
CLOSE: resources/stone_2x.pvr
[GL] glGetString(0x1f03)
[GL] glGetString(0x1f03)
[DEBUG] ReadPODModelFromFile(name_str_ptr=0xbfffec74, char_addr=0x213b74a4)
  -> model path: "resources/rock2.POD"
[DEBUG] ReadPODModelFromFile(name_str_ptr=0xbfffec74, char_addr=0x213b74a4)
  -> model path: "resources/rock2.POD"
OPEN: resources/rock2.POD
OPEN SUCCESS: assets/resources/rock2.POD
[ASSET] Open resources/rock2.POD -> SUCCESS
GETLEN: resources/rock2.POD -> 7824
READ: resources/rock2.POD (7824 bytes)
CLOSE: resources/rock2.POD
[DEBUG] ReadPODModelFromFile(name_str_ptr=0xbfffec74, char_addr=0x213bf57c)
  -> model path: "resources/torch.POD"
[DEBUG] ReadPODModelFromFile(name_str_ptr=0xbfffec74, char_addr=0x213bf57c)
  -> model path: "resources/torch.POD"
OPEN: resources/torch.POD
OPEN SUCCESS: assets/resources/torch.POD
[ASSET] Open resources/torch.POD -> SUCCESS
GETLEN: resources/torch.POD -> 9994
READ: resources/torch.POD (9994 bytes)
CLOSE: resources/torch.POD
OPEN: resources/torchwood_2x.tex.png
OPEN FAILED: assets/resources/torchwood_2x.tex.png
[ASSET] Open resources/torchwood_2x.tex.png -> FAILED
OPEN: resources/torchwood_2x.pvr
OPEN SUCCESS: assets/resources/torchwood_2x.pvr
[ASSET] Open resources/torchwood_2x.pvr -> SUCCESS
CLOSE: resources/torchwood_2x.pvr
OPEN: resources/torchwood_2x.pvr
OPEN SUCCESS: assets/resources/torchwood_2x.pvr
[ASSET] Open resources/torchwood_2x.pvr -> SUCCESS
GETLEN: resources/torchwood_2x.pvr -> 2100
READ: resources/torchwood_2x.pvr (2100 bytes)
CLOSE: resources/torchwood_2x.pvr
[GL] glGetString(0x1f03)
[GL] glGetString(0x1f03)
[DEBUG] ReadPODModelFromFile(name_str_ptr=0xbfffec74, char_addr=0x213cf10c)
  -> model path: "resources/rock1.POD"
[DEBUG] ReadPODModelFromFile(name_str_ptr=0xbfffec74, char_addr=0x213cf10c)
  -> model path: "resources/rock1.POD"
OPEN: resources/rock1.POD
OPEN SUCCESS: assets/resources/rock1.POD
[ASSET] Open resources/rock1.POD -> SUCCESS
GETLEN: resources/rock1.POD -> 7824
READ: resources/rock1.POD (7824 bytes)
CLOSE: resources/rock1.POD
[DEBUG] ReadPODModelFromFile(name_str_ptr=0xbfffec74, char_addr=0x213d5094)
  -> model path: "resources/statue_knight.POD"
[DEBUG] ReadPODModelFromFile(name_str_ptr=0xbfffec74, char_addr=0x213d5094)
  -> model path: "resources/statue_knight.POD"
OPEN: resources/statue_knight.POD
OPEN SUCCESS: assets/resources/statue_knight.POD
[ASSET] Open resources/statue_knight.POD -> SUCCESS
GETLEN: resources/statue_knight.POD -> 69891
READ: resources/statue_knight.POD (69891 bytes)
CLOSE: resources/statue_knight.POD
OPEN: resources/graveyard256_2x.tex.png
OPEN FAILED: assets/resources/graveyard256_2x.tex.png
[ASSET] Open resources/graveyard256_2x.tex.png -> FAILED
OPEN: resources/graveyard256_2x.pvr
OPEN SUCCESS: assets/resources/graveyard256_2x.pvr
[ASSET] Open resources/graveyard256_2x.pvr -> SUCCESS
CLOSE: resources/graveyard256_2x.pvr
OPEN: resources/graveyard256_2x.pvr
OPEN SUCCESS: assets/resources/graveyard256_2x.pvr
[ASSET] Open resources/graveyard256_2x.pvr -> SUCCESS
GETLEN: resources/graveyard256_2x.pvr -> 32820
READ: resources/graveyard256_2x.pvr (32820 bytes)
CLOSE: resources/graveyard256_2x.pvr
[GL] glGetString(0x1f03)
[GL] glGetString(0x1f03)
[DEBUG] ReadPODModelFromFile(name_str_ptr=0xbfffec74, char_addr=0x2141f744)
  -> model path: "resources/hugerock1.POD"
[DEBUG] ReadPODModelFromFile(name_str_ptr=0xbfffec74, char_addr=0x2141f744)
  -> model path: "resources/hugerock1.POD"
OPEN: resources/hugerock1.POD
OPEN SUCCESS: assets/resources/hugerock1.POD
[ASSET] Open resources/hugerock1.POD -> SUCCESS
GETLEN: resources/hugerock1.POD -> 14352
READ: resources/hugerock1.POD (14352 bytes)
CLOSE: resources/hugerock1.POD
[DEBUG] ReadPODModelFromFile(name_str_ptr=0xbfffec74, char_addr=0x2142daa4)
  -> model path: "resources/treek2.POD"
[DEBUG] ReadPODModelFromFile(name_str_ptr=0xbfffec74, char_addr=0x2142daa4)
  -> model path: "resources/treek2.POD"
OPEN: resources/treek2.POD
OPEN SUCCESS: assets/resources/treek2.POD
[ASSET] Open resources/treek2.POD -> SUCCESS
GETLEN: resources/treek2.POD -> 16179
READ: resources/treek2.POD (16179 bytes)
CLOSE: resources/treek2.POD
[DEBUG] ReadPODModelFromFile(name_str_ptr=0xbfffec74, char_addr=0x2143c214)
  -> model path: "resources/house_door.POD"
[DEBUG] ReadPODModelFromFile(name_str_ptr=0xbfffec74, char_addr=0x2143c214)
  -> model path: "resources/house_door.POD"
OPEN: resources/house_door.POD
OPEN SUCCESS: assets/resources/house_door.POD
[ASSET] Open resources/house_door.POD -> SUCCESS
GETLEN: resources/house_door.POD -> 8714
READ: resources/house_door.POD (8714 bytes)
CLOSE: resources/house_door.POD
OPEN: resources/house_door_2x.tex.png
OPEN FAILED: assets/resources/house_door_2x.tex.png
[ASSET] Open resources/house_door_2x.tex.png -> FAILED
OPEN: resources/house_door_2x.pvr
OPEN SUCCESS: assets/resources/house_door_2x.pvr
[ASSET] Open resources/house_door_2x.pvr -> SUCCESS
CLOSE: resources/house_door_2x.pvr
OPEN: resources/house_door_2x.pvr
OPEN SUCCESS: assets/resources/house_door_2x.pvr
[ASSET] Open resources/house_door_2x.pvr -> SUCCESS
GETLEN: resources/house_door_2x.pvr -> 8244
READ: resources/house_door_2x.pvr (8244 bytes)
CLOSE: resources/house_door_2x.pvr
[GL] glGetString(0x1f03)
[GL] glGetString(0x1f03)
OPEN: resources/housewood_door_2x.tex.png
OPEN FAILED: assets/resources/housewood_door_2x.tex.png
[ASSET] Open resources/housewood_door_2x.tex.png -> FAILED
OPEN: resources/housewood_door_2x.pvr
OPEN SUCCESS: assets/resources/housewood_door_2x.pvr
[ASSET] Open resources/housewood_door_2x.pvr -> SUCCESS
CLOSE: resources/housewood_door_2x.pvr
OPEN: resources/housewood_door_2x.pvr
OPEN SUCCESS: assets/resources/housewood_door_2x.pvr
[ASSET] Open resources/housewood_door_2x.pvr -> SUCCESS
GETLEN: resources/housewood_door_2x.pvr -> 8244
READ: resources/housewood_door_2x.pvr (8244 bytes)
CLOSE: resources/housewood_door_2x.pvr
[GL] glGetString(0x1f03)
[GL] glGetString(0x1f03)
[DEBUG] ReadPODModelFromFile(name_str_ptr=0xbfffec74, char_addr=0x21446e84)
  -> model path: "resources/bush_cut.POD"
[DEBUG] ReadPODModelFromFile(name_str_ptr=0xbfffec74, char_addr=0x21446e84)
  -> model path: "resources/bush_cut.POD"
OPEN: resources/bush_cut.POD
OPEN SUCCESS: assets/resources/bush_cut.POD
[ASSET] Open resources/bush_cut.POD -> SUCCESS
GETLEN: resources/bush_cut.POD -> 7353
READ: resources/bush_cut.POD (7353 bytes)
CLOSE: resources/bush_cut.POD
OPEN: resources/sword_impact4.wav
OPEN SUCCESS: assets/resources/sword_impact4.wav
[ASSET] Open resources/sword_impact4.wav -> SUCCESS
CLOSE: resources/sword_impact4.wav
[DEBUG] ReadPODModelFromFile(name_str_ptr=0xbfffec7c, char_addr=0x2144f7f4)
  -> model path: "resources/bush_wobble.POD"
[DEBUG] ReadPODModelFromFile(name_str_ptr=0xbfffec7c, char_addr=0x2144f7f4)
  -> model path: "resources/bush_wobble.POD"
OPEN: resources/bush_wobble.POD
OPEN SUCCESS: assets/resources/bush_wobble.POD
[ASSET] Open resources/bush_wobble.POD -> SUCCESS
GETLEN: resources/bush_wobble.POD -> 3859
READ: resources/bush_wobble.POD (3859 bytes)
CLOSE: resources/bush_wobble.POD
[DEBUG] ReadPODModelFromFile(name_str_ptr=0xbfffec74, char_addr=0x21478d2c)
  -> model path: "resources/bank.POD"
[DEBUG] ReadPODModelFromFile(name_str_ptr=0xbfffec74, char_addr=0x21478d2c)
  -> model path: "resources/bank.POD"
OPEN: resources/bank.POD
OPEN SUCCESS: assets/resources/bank.POD
[ASSET] Open resources/bank.POD -> SUCCESS
GETLEN: resources/bank.POD -> 26092
READ: resources/bank.POD (26092 bytes)
CLOSE: resources/bank.POD
OPEN: resources/housetile_brownie_2x.tex.png
OPEN FAILED: assets/resources/housetile_brownie_2x.tex.png
[ASSET] Open resources/housetile_brownie_2x.tex.png -> FAILED
OPEN: resources/housetile_brownie_2x.pvr
OPEN SUCCESS: assets/resources/housetile_brownie_2x.pvr
[ASSET] Open resources/housetile_brownie_2x.pvr -> SUCCESS
CLOSE: resources/housetile_brownie_2x.pvr
OPEN: resources/housetile_brownie_2x.pvr
OPEN SUCCESS: assets/resources/housetile_brownie_2x.pvr
[ASSET] Open resources/housetile_brownie_2x.pvr -> SUCCESS
GETLEN: resources/housetile_brownie_2x.pvr -> 32820
READ: resources/housetile_brownie_2x.pvr (32820 bytes)
CLOSE: resources/housetile_brownie_2x.pvr
[GL] glGetString(0x1f03)
[GL] glGetString(0x1f03)
OPEN: resources/houseroof_blue_2x.tex.png
OPEN FAILED: assets/resources/houseroof_blue_2x.tex.png
[ASSET] Open resources/houseroof_blue_2x.tex.png -> FAILED
OPEN: resources/houseroof_blue_2x.pvr
OPEN SUCCESS: assets/resources/houseroof_blue_2x.pvr
[ASSET] Open resources/houseroof_blue_2x.pvr -> SUCCESS
CLOSE: resources/houseroof_blue_2x.pvr
OPEN: resources/houseroof_blue_2x.pvr
OPEN SUCCESS: assets/resources/houseroof_blue_2x.pvr
[ASSET] Open resources/houseroof_blue_2x.pvr -> SUCCESS
GETLEN: resources/houseroof_blue_2x.pvr -> 32820
READ: resources/houseroof_blue_2x.pvr (32820 bytes)
CLOSE: resources/houseroof_blue_2x.pvr
[GL] glGetString(0x1f03)
[GL] glGetString(0x1f03)
OPEN: resources/grass_subtle_2x.tex.png
OPEN FAILED: assets/resources/grass_subtle_2x.tex.png
[ASSET] Open resources/grass_subtle_2x.tex.png -> FAILED
OPEN: resources/grass_subtle_2x.pvr
OPEN SUCCESS: assets/resources/grass_subtle_2x.pvr
[ASSET] Open resources/grass_subtle_2x.pvr -> SUCCESS
CLOSE: resources/grass_subtle_2x.pvr
OPEN: resources/grass_subtle_2x.pvr
OPEN SUCCESS: assets/resources/grass_subtle_2x.pvr
[ASSET] Open resources/grass_subtle_2x.pvr -> SUCCESS
GETLEN: resources/grass_subtle_2x.pvr -> 131124
READ: resources/grass_subtle_2x.pvr (131124 bytes)
CLOSE: resources/grass_subtle_2x.pvr
[GL] glGetString(0x1f03)
[GL] glGetString(0x1f03)
OPEN: resources/maybegood_2x.tex.png
OPEN FAILED: assets/resources/maybegood_2x.tex.png
[ASSET] Open resources/maybegood_2x.tex.png -> FAILED
OPEN: resources/maybegood_2x.pvr
OPEN SUCCESS: assets/resources/maybegood_2x.pvr
[ASSET] Open resources/maybegood_2x.pvr -> SUCCESS
CLOSE: resources/maybegood_2x.pvr
OPEN: resources/maybegood_2x.pvr
OPEN SUCCESS: assets/resources/maybegood_2x.pvr
[ASSET] Open resources/maybegood_2x.pvr -> SUCCESS
GETLEN: resources/maybegood_2x.pvr -> 131124
READ: resources/maybegood_2x.pvr (131124 bytes)
CLOSE: resources/maybegood_2x.pvr
[GL] glGetString(0x1f03)
[GL] glGetString(0x1f03)
[DEBUG] ReadPODModelFromFile(name_str_ptr=0xbfffec74, char_addr=0x21504e0c)
  -> model path: "resources/credits_touchfoo.POD"
[DEBUG] ReadPODModelFromFile(name_str_ptr=0xbfffec74, char_addr=0x21504e0c)
  -> model path: "resources/credits_touchfoo.POD"
OPEN: resources/credits_touchfoo.POD
OPEN SUCCESS: assets/resources/credits_touchfoo.POD
[ASSET] Open resources/credits_touchfoo.POD -> SUCCESS
GETLEN: resources/credits_touchfoo.POD -> 9156
READ: resources/credits_touchfoo.POD (9156 bytes)
CLOSE: resources/credits_touchfoo.POD
OPEN: resources/credits_touchfoo_2x.tex.png
OPEN FAILED: assets/resources/credits_touchfoo_2x.tex.png
[ASSET] Open resources/credits_touchfoo_2x.tex.png -> FAILED
OPEN: resources/credits_touchfoo_2x.pvr
OPEN SUCCESS: assets/resources/credits_touchfoo_2x.pvr
[ASSET] Open resources/credits_touchfoo_2x.pvr -> SUCCESS
CLOSE: resources/credits_touchfoo_2x.pvr
OPEN: resources/credits_touchfoo_2x.pvr
OPEN SUCCESS: assets/resources/credits_touchfoo_2x.pvr
[ASSET] Open resources/credits_touchfoo_2x.pvr -> SUCCESS
GETLEN: resources/credits_touchfoo_2x.pvr -> 131124
READ: resources/credits_touchfoo_2x.pvr (131124 bytes)
CLOSE: resources/credits_touchfoo_2x.pvr
[GL] glGetString(0x1f03)
[GL] glGetString(0x1f03)
[DEBUG] ReadPODModelFromFile(name_str_ptr=0xbfffec74, char_addr=0x2152ce24)
  -> model path: "resources/credits_ville.POD"
[DEBUG] ReadPODModelFromFile(name_str_ptr=0xbfffec74, char_addr=0x2152ce24)
  -> model path: "resources/credits_ville.POD"
OPEN: resources/credits_ville.POD
OPEN SUCCESS: assets/resources/credits_ville.POD
[ASSET] Open resources/credits_ville.POD -> SUCCESS
GETLEN: resources/credits_ville.POD -> 9153
READ: resources/credits_ville.POD (9153 bytes)
CLOSE: resources/credits_ville.POD
OPEN: resources/credits_ville_2x.tex.png
OPEN FAILED: assets/resources/credits_ville_2x.tex.png
[ASSET] Open resources/credits_ville_2x.tex.png -> FAILED
OPEN: resources/credits_ville_2x.pvr
OPEN SUCCESS: assets/resources/credits_ville_2x.pvr
[ASSET] Open resources/credits_ville_2x.pvr -> SUCCESS
CLOSE: resources/credits_ville_2x.pvr
OPEN: resources/credits_ville_2x.pvr
OPEN SUCCESS: assets/resources/credits_ville_2x.pvr
[ASSET] Open resources/credits_ville_2x.pvr -> SUCCESS
GETLEN: resources/credits_ville_2x.pvr -> 131124
READ: resources/credits_ville_2x.pvr (131124 bytes)
CLOSE: resources/credits_ville_2x.pvr
[GL] glGetString(0x1f03)
[GL] glGetString(0x1f03)
[DEBUG] ReadPODModelFromFile(name_str_ptr=0xbfffec74, char_addr=0x21554d6c)
  -> model path: "resources/credits_tuomas.POD"
[DEBUG] ReadPODModelFromFile(name_str_ptr=0xbfffec74, char_addr=0x21554d6c)
  -> model path: "resources/credits_tuomas.POD"
OPEN: resources/credits_tuomas.POD
OPEN SUCCESS: assets/resources/credits_tuomas.POD
[ASSET] Open resources/credits_tuomas.POD -> SUCCESS
GETLEN: resources/credits_tuomas.POD -> 9154
READ: resources/credits_tuomas.POD (9154 bytes)
CLOSE: resources/credits_tuomas.POD
OPEN: resources/credits_tuomas_2x.tex.png
OPEN FAILED: assets/resources/credits_tuomas_2x.tex.png
[ASSET] Open resources/credits_tuomas_2x.tex.png -> FAILED
OPEN: resources/credits_tuomas_2x.pvr
OPEN SUCCESS: assets/resources/credits_tuomas_2x.pvr
[ASSET] Open resources/credits_tuomas_2x.pvr -> SUCCESS
CLOSE: resources/credits_tuomas_2x.pvr
OPEN: resources/credits_tuomas_2x.pvr
OPEN SUCCESS: assets/resources/credits_tuomas_2x.pvr
[ASSET] Open resources/credits_tuomas_2x.pvr -> SUCCESS
GETLEN: resources/credits_tuomas_2x.pvr -> 131124
READ: resources/credits_tuomas_2x.pvr (131124 bytes)
CLOSE: resources/credits_tuomas_2x.pvr
[GL] glGetString(0x1f03)
[GL] glGetString(0x1f03)
[DEBUG] ReadPODModelFromFile(name_str_ptr=0xbfffec74, char_addr=0x2157cc74)
  -> model path: "resources/credits_joona.POD"
[DEBUG] ReadPODModelFromFile(name_str_ptr=0xbfffec74, char_addr=0x2157cc74)
  -> model path: "resources/credits_joona.POD"
OPEN: resources/credits_joona.POD
OPEN SUCCESS: assets/resources/credits_joona.POD
[ASSET] Open resources/credits_joona.POD -> SUCCESS
GETLEN: resources/credits_joona.POD -> 9153
READ: resources/credits_joona.POD (9153 bytes)
CLOSE: resources/credits_joona.POD
OPEN: resources/credits_joona_2x.tex.png
OPEN FAILED: assets/resources/credits_joona_2x.tex.png
[ASSET] Open resources/credits_joona_2x.tex.png -> FAILED
OPEN: resources/credits_joona_2x.pvr
OPEN SUCCESS: assets/resources/credits_joona_2x.pvr
[ASSET] Open resources/credits_joona_2x.pvr -> SUCCESS
CLOSE: resources/credits_joona_2x.pvr
OPEN: resources/credits_joona_2x.pvr
OPEN SUCCESS: assets/resources/credits_joona_2x.pvr
[ASSET] Open resources/credits_joona_2x.pvr -> SUCCESS
GETLEN: resources/credits_joona_2x.pvr -> 131124
READ: resources/credits_joona_2x.pvr (131124 bytes)
CLOSE: resources/credits_joona_2x.pvr
[GL] glGetString(0x1f03)
[GL] glGetString(0x1f03)
OPEN: resources/font_megalopolis_14_2x.fnt
OPEN SUCCESS: assets/resources/font_megalopolis_14_2x.fnt
[ASSET] Open resources/font_megalopolis_14_2x.fnt -> SUCCESS
CLOSE: resources/font_megalopolis_14_2x.fnt
OPEN: resources/font_megalopolis_14_2x.fnt
OPEN SUCCESS: assets/resources/font_megalopolis_14_2x.fnt
[ASSET] Open resources/font_megalopolis_14_2x.fnt -> SUCCESS
GETLEN: resources/font_megalopolis_14_2x.fnt -> 14585
READ: resources/font_megalopolis_14_2x.fnt (14585 bytes)
CLOSE: resources/font_megalopolis_14_2x.fnt
[MATRIX] Zero matrix #1 (using fallback) LR=0x12ead63
[MATRIX] Zero matrix #2 (using fallback) LR=0x12eb311
[MATRIX] Zero matrix #3 (using fallback) LR=0x11d870f
[DEBUG] Prepare @ 0x11d4a8a: s0=-0.987877 (0xbf7ce584)
[DEBUG] Prepare @ 0x11d4ada: s18=-12190 s4=-1
[DEBUG] Prepare @ 0x11d4a8a: s0=-0.987877 (0xbf7ce583)
[DEBUG] Prepare @ 0x11d4ada: s18=-11434.3 s4=-1
[DEBUG] Prepare @ 0x11d4a8a: s0=-0.987877 (0xbf7ce583)
[DEBUG] Prepare @ 0x11d4ada: s18=-11434.3 s4=-1
[DEBUG] Prepare @ 0x11d4a8a: s0=-0.987877 (0xbf7ce583)
[DEBUG] Prepare @ 0x11d4ada: s18=-11434.3 s4=-1
[DEBUG] Prepare @ 0x11d4a8a: s0=-0.987877 (0xbf7ce583)
[DEBUG] Prepare @ 0x11d4ada: s18=-11434.3 s4=-1
[DEBUG] Prepare @ 0x11d4a8a: s0=-0.987877 (0xbf7ce583)
[DEBUG] Prepare @ 0x11d4ada: s18=-11434.3 s4=-1
[DEBUG] Prepare @ 0x11d4a8a: s0=-0.987877 (0xbf7ce583)
[DEBUG] Prepare @ 0x11d4ada: s18=-11434.3 s4=-1
[DEBUG] Prepare @ 0x11d4a8a: s0=-0.987877 (0xbf7ce583)
[DEBUG] Prepare @ 0x11d4ada: s18=-11434.3 s4=-1
[DEBUG] Prepare @ 0x11d4a8a: s0=-0.987877 (0xbf7ce583)
[DEBUG] Prepare @ 0x11d4ada: s18=-11434.3 s4=-1
[DEBUG] Prepare @ 0x11d4a8a: s0=-0.987877 (0xbf7ce582)
[DEBUG] Prepare @ 0x11d4ada: s18=-11434.3 s4=-1
[DEBUG] Prepare @ 0x11d4a8a: s0=-0.987877 (0xbf7ce582)
[DEBUG] Prepare @ 0x11d4ada: s18=-11434.3 s4=-1
[DEBUG] Prepare @ 0x11d4a8a: s0=-0.987877 (0xbf7ce581)
[DEBUG] Prepare @ 0x11d4ada: s18=-11434.3 s4=-1
[DEBUG] Prepare @ 0x11d4a8a: s0=-0.987877 (0xbf7ce581)
[DEBUG] Prepare @ 0x11d4ada: s18=-11434.3 s4=-1
[DEBUG] Prepare @ 0x11d4a8a: s0=-0.987877 (0xbf7ce580)
[DEBUG] Prepare @ 0x11d4ada: s18=-11434.3 s4=-1
[DEBUG] Prepare @ 0x11d4a8a: s0=-0.987877 (0xbf7ce57f)
[DEBUG] Prepare @ 0x11d4ada: s18=-11434.3 s4=-1
[DEBUG] Prepare @ 0x11d4a8a: s0=-0.987877 (0xbf7ce57e)
[DEBUG] Prepare @ 0x11d4ada: s18=-11434.3 s4=-1
[DEBUG] Prepare @ 0x11d4a8a: s0=-0.987877 (0xbf7ce57c)
[DEBUG] Prepare @ 0x11d4ada: s18=-11434.3 s4=-1
[DEBUG] Prepare @ 0x11d4a8a: s0=-0.987877 (0xbf7ce57b)
[DEBUG] Prepare @ 0x11d4ada: s18=-11434.3 s4=-1
[DEBUG] Prepare @ 0x11d4a8a: s0=-0.987876 (0xbf7ce579)
[DEBUG] Prepare @ 0x11d4ada: s18=-11434.3 s4=-1
[DEBUG] Prepare @ 0x11d4a8a: s0=-0.987876 (0xbf7ce577)
[DEBUG] Prepare @ 0x11d4ada: s18=-11434.3 s4=-1
[DEBUG] Prepare @ 0x11d4a8a: s0=-0.987876 (0xbf7ce576)
[DEBUG] Prepare @ 0x11d4ada: s18=-11434.3 s4=-1
[DEBUG] Prepare @ 0x11d4a8a: s0=-0.987876 (0xbf7ce572)
[DEBUG] Prepare @ 0x11d4ada: s18=-11434.3 s4=-1
[DEBUG] Prepare @ 0x11d4a8a: s0=-0.987876 (0xbf7ce56f)
[DEBUG] Prepare @ 0x11d4ada: s18=-11434.3 s4=-1
[DEBUG] Prepare @ 0x11d4a8a: s0=-0.987876 (0xbf7ce56d)
[DEBUG] Prepare @ 0x11d4ada: s18=-11434.3 s4=-1
[DEBUG] Prepare @ 0x11d4a8a: s0=-0.987876 (0xbf7ce569)
[DEBUG] Prepare @ 0x11d4ada: s18=-11434.3 s4=-1
[DEBUG] Prepare @ 0x11d4a8a: s0=-0.987875 (0xbf7ce565)
[DEBUG] Prepare @ 0x11d4ada: s18=-11434.3 s4=-1
[DEBUG] Prepare @ 0x11d4a8a: s0=-0.987875 (0xbf7ce561)
[DEBUG] Prepare @ 0x11d4ada: s18=-11434.3 s4=-1
[DEBUG] Prepare @ 0x11d4a8a: s0=-0.987875 (0xbf7ce55d)
[DEBUG] Prepare @ 0x11d4ada: s18=-11434.3 s4=-1
[DEBUG] Prepare @ 0x11d4a8a: s0=-0.987875 (0xbf7ce558)
[DEBUG] Prepare @ 0x11d4ada: s18=-11434.3 s4=-1
[Frame 200] draws=35 verts=9987 tex_binds=21 tex_uploads=0 vtx_calls=35 texc_calls=31 matrix=60 state=326
[DEBUG] Prepare @ 0x11d4a8a: s0=-0.987874 (0xbf7ce555)
[DEBUG] Prepare @ 0x11d4ada: s18=-11434.3 s4=-1
[DEBUG] Prepare @ 0x11d4a8a: s0=-0.987874 (0xbf7ce550)
[DEBUG] Prepare @ 0x11d4ada: s18=-11434.3 s4=-1
[DEBUG] Prepare @ 0x11d4a8a: s0=-0.987874 (0xbf7ce54a)
[DEBUG] Prepare @ 0x11d4ada: s18=-11434.3 s4=-1
[DEBUG] Prepare @ 0x11d4a8a: s0=-0.987873 (0xbf7ce544)
[DEBUG] Prepare @ 0x11d4ada: s18=-11434.3 s4=-1
[DEBUG] Prepare @ 0x11d4a8a: s0=-0.987873 (0xbf7ce540)
[DEBUG] Prepare @ 0x11d4ada: s18=-11434.3 s4=-1
[DEBUG] Prepare @ 0x11d4a8a: s0=-0.987873 (0xbf7ce53a)
[DEBUG] Prepare @ 0x11d4ada: s18=-11434.3 s4=-1
[DEBUG] Prepare @ 0x11d4a8a: s0=-0.987872 (0xbf7ce532)
[DEBUG] Prepare @ 0x11d4ada: s18=-11434.3 s4=-1
[DEBUG] Prepare @ 0x11d4a8a: s0=-0.987872 (0xbf7ce52c)
[DEBUG] Prepare @ 0x11d4ada: s18=-11434.3 s4=-1
[DEBUG] Prepare @ 0x11d4a8a: s0=-0.987872 (0xbf7ce526)
[DEBUG] Prepare @ 0x11d4ada: s18=-11434.3 s4=-1
[DEBUG] Prepare @ 0x11d4a8a: s0=-0.987871 (0xbf7ce51f)
[DEBUG] Prepare @ 0x11d4ada: s18=-11434.3 s4=-1
[DEBUG] Prepare @ 0x11d4a8a: s0=-0.987871 (0xbf7ce51a)
[DEBUG] Prepare @ 0x11d4ada: s18=-11434.3 s4=-1
[DEBUG] Prepare @ 0x11d4a8a: s0=-0.98787 (0xbf7ce513)
[DEBUG] Prepare @ 0x11d4ada: s18=-11434.3 s4=-1
[DEBUG] Prepare @ 0x11d4a8a: s0=-0.98787 (0xbf7ce50b)
[DEBUG] Prepare @ 0x11d4ada: s18=-11434.3 s4=-1
[DEBUG] Prepare @ 0x11d4a8a: s0=-0.987869 (0xbf7ce503)
[DEBUG] Prepare @ 0x11d4ada: s18=-11434.3 s4=-1
[DEBUG] Prepare @ 0x11d4a8a: s0=-0.987869 (0xbf7ce4fb)
[DEBUG] Prepare @ 0x11d4ada: s18=-11434.3 s4=-1
[DEBUG] Prepare @ 0x11d4a8a: s0=-0.987869 (0xbf7ce4f5)
[DEBUG] Prepare @ 0x11d4ada: s18=-11434.3 s4=-1
[DEBUG] Prepare @ 0x11d4a8a: s0=-0.987868 (0xbf7ce4ed)
[DEBUG] Prepare @ 0x11d4ada: s18=-11434.3 s4=-1
[DEBUG] Prepare @ 0x11d4a8a: s0=-0.987868 (0xbf7ce4e4)
[DEBUG] Prepare @ 0x11d4ada: s18=-11434.3 s4=-1
[DEBUG] Prepare @ 0x11d4a8a: s0=-0.987867 (0xbf7ce4dc)
[DEBUG] Prepare @ 0x11d4ada: s18=-11434.3 s4=-1
[DEBUG] Prepare @ 0x11d4a8a: s0=-0.987867 (0xbf7ce4d4)
[DEBUG] Prepare @ 0x11d4ada: s18=-11434.3 s4=-1
[DEBUG] Prepare @ 0x11d4a8a: s0=-0.987866 (0xbf7ce4ce)
[DEBUG] Prepare @ 0x11d4ada: s18=-11434.3 s4=-1
[DEBUG] Prepare @ 0x11d4a8a: s0=-0.987866 (0xbf7ce4c4)
[DEBUG] Prepare @ 0x11d4ada: s18=-11434.3 s4=-1
[DEBUG] Prepare @ 0x11d4a8a: s0=-0.987865 (0xbf7ce4bc)
[DEBUG] Prepare @ 0x11d4ada: s18=-11434.3 s4=-1
[DEBUG] Prepare @ 0x11d4a8a: s0=-0.987865 (0xbf7ce4b5)
[DEBUG] Prepare @ 0x11d4ada: s18=-11434.3 s4=-1
[DEBUG] Prepare @ 0x11d4a8a: s0=-0.987864 (0xbf7ce4ad)
[DEBUG] Prepare @ 0x11d4ada: s18=-11434.3 s4=-1
[DEBUG] Prepare @ 0x11d4a8a: s0=-0.987864 (0xbf7ce4a3)
[DEBUG] Prepare @ 0x11d4ada: s18=-11434.3 s4=-1
[DEBUG] Prepare @ 0x11d4a8a: s0=-0.987863 (0xbf7ce49b)
[DEBUG] Prepare @ 0x11d4ada: s18=-11434.3 s4=-1
[DEBUG] Prepare @ 0x11d4a8a: s0=-0.987863 (0xbf7ce492)
[DEBUG] Prepare @ 0x11d4ada: s18=-11434.3 s4=-1
[DEBUG] Prepare @ 0x11d4a8a: s0=-0.987862 (0xbf7ce48a)
[DEBUG] Prepare @ 0x11d4ada: s18=-11434.3 s4=-1
[DEBUG] Prepare @ 0x11d4a8a: s0=-0.987862 (0xbf7ce482)
[DEBUG] Prepare @ 0x11d4ada: s18=-11434.3 s4=-1
[DEBUG] Prepare @ 0x11d4a8a: s0=-0.987861 (0xbf7ce47b)
[DEBUG] Prepare @ 0x11d4ada: s18=-11434.3 s4=-1
[DEBUG] Prepare @ 0x11d4a8a: s0=-0.987861 (0xbf7ce471)
[DEBUG] Prepare @ 0x11d4ada: s18=-11434.3 s4=-1
[DEBUG] Prepare @ 0x11d4a8a: s0=-0.98786 (0xbf7ce469)
[DEBUG] Prepare @ 0x11d4ada: s18=-11434.3 s4=-1
[DEBUG] Prepare @ 0x11d4a8a: s0=-0.98786 (0xbf7ce461)
[DEBUG] Prepare @ 0x11d4ada: s18=-11434.3 s4=-1
[DEBUG] Prepare @ 0x11d4a8a: s0=-0.987859 (0xbf7ce458)
[DEBUG] Prepare @ 0x11d4ada: s18=-11434.3 s4=-1
[DEBUG] Prepare @ 0x11d4a8a: s0=-0.987859 (0xbf7ce451)
[DEBUG] Prepare @ 0x11d4ada: s18=-11434.3 s4=-1
[DEBUG] Prepare @ 0x11d4a8a: s0=-0.987858 (0xbf7ce448)
[DEBUG] Prepare @ 0x11d4ada: s18=-11434.3 s4=-1
[DEBUG] Prepare @ 0x11d4a8a: s0=-0.987858 (0xbf7ce440)
[DEBUG] Prepare @ 0x11d4ada: s18=-11434.3 s4=-1
[DEBUG] Prepare @ 0x11d4a8a: s0=-0.987857 (0xbf7ce439)
[DEBUG] Prepare @ 0x11d4ada: s18=-11434.3 s4=-1
[DEBUG] Prepare @ 0x11d4a8a: s0=-0.987857 (0xbf7ce431)
[DEBUG] Prepare @ 0x11d4ada: s18=-11434.3 s4=-1
[DEBUG] Prepare @ 0x11d4a8a: s0=-0.987856 (0xbf7ce428)
[DEBUG] Prepare @ 0x11d4ada: s18=-11434.3 s4=-1
[DEBUG] Prepare @ 0x11d4a8a: s0=-0.987856 (0xbf7ce420)
[DEBUG] Prepare @ 0x11d4ada: s18=-11434.3 s4=-1
[DEBUG] Prepare @ 0x11d4a8a: s0=-0.987855 (0xbf7ce418)
[DEBUG] Prepare @ 0x11d4ada: s18=-11434.3 s4=-1
[DEBUG] Prepare @ 0x11d4a8a: s0=-0.987855 (0xbf7ce410)
[DEBUG] Prepare @ 0x11d4ada: s18=-11434.3 s4=-1
[DEBUG] Prepare @ 0x11d4a8a: s0=-0.987855 (0xbf7ce409)
[DEBUG] Prepare @ 0x11d4ada: s18=-11434.3 s4=-1
[DEBUG] Prepare @ 0x11d4a8a: s0=-0.987854 (0xbf7ce401)
[DEBUG] Prepare @ 0x11d4ada: s18=-11434.3 s4=-1
[DEBUG] Prepare @ 0x11d4a8a: s0=-0.987854 (0xbf7ce3fa)
[DEBUG] Prepare @ 0x11d4ada: s18=-11434.3 s4=-1
[DEBUG] Prepare @ 0x11d4a8a: s0=-0.987853 (0xbf7ce3f4)
[DEBUG] Prepare @ 0x11d4ada: s18=-11434.3 s4=-1
[DEBUG] Prepare @ 0x11d4a8a: s0=-0.987853 (0xbf7ce3eb)
[DEBUG] Prepare @ 0x11d4ada: s18=-11434.3 s4=-1
[DEBUG] Prepare @ 0x11d4a8a: s0=-0.987852 (0xbf7ce3e4)
[DEBUG] Prepare @ 0x11d4ada: s18=-11434.3 s4=-1
[DEBUG] Prepare @ 0x11d4a8a: s0=-0.987852 (0xbf7ce3dd)
[DEBUG] Prepare @ 0x11d4ada: s18=-11434.3 s4=-1
[DEBUG] Prepare @ 0x11d4a8a: s0=-0.987852 (0xbf7ce3d7)
[DEBUG] Prepare @ 0x11d4ada: s18=-11434.3 s4=-1
[DEBUG] Prepare @ 0x11d4a8a: s0=-0.987851 (0xbf7ce3d0)
[DEBUG] Prepare @ 0x11d4ada: s18=-11434.3 s4=-1
[DEBUG] Prepare @ 0x11d4a8a: s0=-0.987851 (0xbf7ce3c9)
[DEBUG] Prepare @ 0x11d4ada: s18=-11434.3 s4=-1
[DEBUG] Prepare @ 0x11d4a8a: s0=-0.98785 (0xbf7ce3c2)
[DEBUG] Prepare @ 0x11d4ada: s18=-11434.3 s4=-1
[DEBUG] Prepare @ 0x11d4a8a: s0=-0.98785 (0xbf7ce3bb)
[DEBUG] Prepare @ 0x11d4ada: s18=-11434.3 s4=-1
[DEBUG] Prepare @ 0x11d4a8a: s0=-0.987849 (0xbf7ce3b4)
[DEBUG] Prepare @ 0x11d4ada: s18=-11434.3 s4=-1
[DEBUG] Prepare @ 0x11d4a8a: s0=-0.987849 (0xbf7ce3ae)
[DEBUG] Prepare @ 0x11d4ada: s18=-11434.3 s4=-1
[DEBUG] Prepare @ 0x11d4a8a: s0=-0.987849 (0xbf7ce3a8)
[DEBUG] Prepare @ 0x11d4ada: s18=-11434.3 s4=-1
[DEBUG] Prepare @ 0x11d4a8a: s0=-0.987848 (0xbf7ce3a2)
[DEBUG] Prepare @ 0x11d4ada: s18=-11434.3 s4=-1
[DEBUG] Prepare @ 0x11d4a8a: s0=-0.987848 (0xbf7ce39c)
[DEBUG] Prepare @ 0x11d4ada: s18=-11434.3 s4=-1
[DEBUG] Prepare @ 0x11d4a8a: s0=-0.987848 (0xbf7ce396)
[DEBUG] Prepare @ 0x11d4ada: s18=-11434.3 s4=-1
[DEBUG] Prepare @ 0x11d4a8a: s0=-0.987847 (0xbf7ce390)
[DEBUG] Prepare @ 0x11d4ada: s18=-11434.3 s4=-1
[DEBUG] Prepare @ 0x11d4a8a: s0=-0.987847 (0xbf7ce38c)
[DEBUG] Prepare @ 0x11d4ada: s18=-11434.3 s4=-1
[DEBUG] Prepare @ 0x11d4a8a: s0=-0.987847 (0xbf7ce385)
[DEBUG] Prepare @ 0x11d4ada: s18=-11434.3 s4=-1
[DEBUG] Prepare @ 0x11d4a8a: s0=-0.987846 (0xbf7ce37f)
[DEBUG] Prepare @ 0x11d4ada: s18=-11434.3 s4=-1
[DEBUG] Prepare @ 0x11d4a8a: s0=-0.987846 (0xbf7ce37a)
[DEBUG] Prepare @ 0x11d4ada: s18=-11434.3 s4=-1
[DEBUG] Prepare @ 0x11d4a8a: s0=-0.987846 (0xbf7ce375)
[DEBUG] Prepare @ 0x11d4ada: s18=-11434.3 s4=-1
[DEBUG] Prepare @ 0x11d4a8a: s0=-0.987845 (0xbf7ce371)
[DEBUG] Prepare @ 0x11d4ada: s18=-11434.3 s4=-1
[DEBUG] Prepare @ 0x11d4a8a: s0=-0.987845 (0xbf7ce36a)
[DEBUG] Prepare @ 0x11d4ada: s18=-11434.3 s4=-1
[DEBUG] Prepare @ 0x11d4a8a: s0=-0.987845 (0xbf7ce366)
[DEBUG] Prepare @ 0x11d4ada: s18=-11434.3 s4=-1
[DEBUG] Prepare @ 0x11d4a8a: s0=-0.987844 (0xbf7ce360)
[DEBUG] Prepare @ 0x11d4ada: s18=-11434.3 s4=-1
[DEBUG] Prepare @ 0x11d4a8a: s0=-0.987844 (0xbf7ce35c)
[DEBUG] Prepare @ 0x11d4ada: s18=-11434.3 s4=-1
[DEBUG] Prepare @ 0x11d4a8a: s0=-0.987844 (0xbf7ce357)
[DEBUG] Prepare @ 0x11d4ada: s18=-11434.3 s4=-1
[DEBUG] Prepare @ 0x11d4a8a: s0=-0.987844 (0xbf7ce352)
[DEBUG] Prepare @ 0x11d4ada: s18=-11434.3 s4=-1
[DEBUG] Prepare @ 0x11d4a8a: s0=-0.987843 (0xbf7ce34f)
[DEBUG] Prepare @ 0x11d4ada: s18=-11434.3 s4=-1
[DEBUG] Prepare @ 0x11d4a8a: s0=-0.987843 (0xbf7ce349)
[DEBUG] Prepare @ 0x11d4ada: s18=-11434.3 s4=-1
[DEBUG] Prepare @ 0x11d4a8a: s0=-0.987843 (0xbf7ce345)
[DEBUG] Prepare @ 0x11d4ada: s18=-11434.3 s4=-1
[DEBUG] Prepare @ 0x11d4a8a: s0=-0.987843 (0xbf7ce341)
[DEBUG] Prepare @ 0x11d4ada: s18=-11434.3 s4=-1
[DEBUG] Prepare @ 0x11d4a8a: s0=-0.987842 (0xbf7ce33c)
[DEBUG] Prepare @ 0x11d4ada: s18=-11434.3 s4=-1
[DEBUG] Prepare @ 0x11d4a8a: s0=-0.987842 (0xbf7ce338)
[DEBUG] Prepare @ 0x11d4ada: s18=-11434.3 s4=-1
[DEBUG] Prepare @ 0x11d4a8a: s0=-0.987842 (0xbf7ce334)
[DEBUG] Prepare @ 0x11d4ada: s18=-11434.3 s4=-1
[DEBUG] Prepare @ 0x11d4a8a: s0=-0.987842 (0xbf7ce330)
[DEBUG] Prepare @ 0x11d4ada: s18=-11434.3 s4=-1
[DEBUG] Prepare @ 0x11d4a8a: s0=-0.987841 (0xbf7ce32e)
[DEBUG] Prepare @ 0x11d4ada: s18=-11434.3 s4=-1
[DEBUG] Prepare @ 0x11d4a8a: s0=-0.987841 (0xbf7ce329)
[DEBUG] Prepare @ 0x11d4ada: s18=-11434.3 s4=-1
[DEBUG] Prepare @ 0x11d4a8a: s0=-0.987841 (0xbf7ce326)
[DEBUG] Prepare @ 0x11d4ada: s18=-11434.3 s4=-1
[DEBUG] Prepare @ 0x11d4a8a: s0=-0.987841 (0xbf7ce322)
[DEBUG] Prepare @ 0x11d4ada: s18=-11434.3 s4=-1
[DEBUG] Prepare @ 0x11d4a8a: s0=-0.987841 (0xbf7ce31f)
[DEBUG] Prepare @ 0x11d4ada: s18=-11434.3 s4=-1
[DEBUG] Prepare @ 0x11d4a8a: s0=-0.98784 (0xbf7ce31b)
[DEBUG] Prepare @ 0x11d4ada: s18=-11434.3 s4=-1
[DEBUG] Prepare @ 0x11d4a8a: s0=-0.98784 (0xbf7ce318)
[DEBUG] Prepare @ 0x11d4ada: s18=-11434.3 s4=-1
[DEBUG] Prepare @ 0x11d4a8a: s0=-0.98784 (0xbf7ce314)
[DEBUG] Prepare @ 0x11d4ada: s18=-11434.3 s4=-1
[DEBUG] Prepare @ 0x11d4a8a: s0=-0.98784 (0xbf7ce311)
[DEBUG] Prepare @ 0x11d4ada: s18=-11434.3 s4=-1
[DEBUG] Prepare @ 0x11d4a8a: s0=-0.98784 (0xbf7ce30f)
[DEBUG] Prepare @ 0x11d4ada: s18=-11434.3 s4=-1
[DEBUG] Prepare @ 0x11d4a8a: s0=-0.987839 (0xbf7ce30c)
[DEBUG] Prepare @ 0x11d4ada: s18=-11434.3 s4=-1
[DEBUG] Prepare @ 0x11d4a8a: s0=-0.987839 (0xbf7ce308)
[DEBUG] Prepare @ 0x11d4ada: s18=-11434.3 s4=-1
[DEBUG] Prepare @ 0x11d4a8a: s0=-0.987839 (0xbf7ce307)
[DEBUG] Prepare @ 0x11d4ada: s18=-11434.3 s4=-1
[DEBUG] Prepare @ 0x11d4a8a: s0=-0.987839 (0xbf7ce303)
[DEBUG] Prepare @ 0x11d4ada: s18=-11434.3 s4=-1
[DEBUG] Prepare @ 0x11d4a8a: s0=-0.987839 (0xbf7ce300)
[DEBUG] Prepare @ 0x11d4ada: s18=-11434.3 s4=-1
[DEBUG] Prepare @ 0x11d4a8a: s0=-0.987839 (0xbf7ce2fd)
[DEBUG] Prepare @ 0x11d4ada: s18=-11434.3 s4=-1
[DEBUG] Prepare @ 0x11d4a8a: s0=-0.987839 (0xbf7ce2fc)
[DEBUG] Prepare @ 0x11d4ada: s18=-11434.3 s4=-1
[Frame 300] draws=35 verts=9993 tex_binds=20 tex_uploads=0 vtx_calls=35 texc_calls=31 matrix=60 state=312
[DEBUG] Prepare @ 0x11d4a8a: s0=-0.987838 (0xbf7ce2f8)
[DEBUG] Prepare @ 0x11d4ada: s18=-11434.3 s4=-1
[DEBUG] Prepare @ 0x11d4a8a: s0=-0.987838 (0xbf7ce2f5)
[DEBUG] Prepare @ 0x11d4ada: s18=-11434.3 s4=-1
[DEBUG] Prepare @ 0x11d4a8a: s0=-0.987838 (0xbf7ce2f3)
[DEBUG] Prepare @ 0x11d4ada: s18=-11434.3 s4=-1
[DEBUG] Prepare @ 0x11d4a8a: s0=-0.987838 (0xbf7ce2f1)
[DEBUG] Prepare @ 0x11d4ada: s18=-11434.3 s4=-1
[DEBUG] Prepare @ 0x11d4a8a: s0=-0.987838 (0xbf7ce2f0)
[DEBUG] Prepare @ 0x11d4ada: s18=-11434.3 s4=-1
[DEBUG] Prepare @ 0x11d4a8a: s0=-0.987838 (0xbf7ce2ec)
[DEBUG] Prepare @ 0x11d4ada: s18=-11434.3 s4=-1
[DEBUG] Prepare @ 0x11d4a8a: s0=-0.987837 (0xbf7ce2ea)
[DEBUG] Prepare @ 0x11d4ada: s18=-11434.3 s4=-1
[DEBUG] Prepare @ 0x11d4a8a: s0=-0.987837 (0xbf7ce2e9)
[DEBUG] Prepare @ 0x11d4ada: s18=-11434.3 s4=-1
[DEBUG] Prepare @ 0x11d4a8a: s0=-0.987837 (0xbf7ce2e6)
[DEBUG] Prepare @ 0x11d4ada: s18=-11434.3 s4=-1
[DEBUG] Prepare @ 0x11d4a8a: s0=-0.987837 (0xbf7ce2e4)
[DEBUG] Prepare @ 0x11d4ada: s18=-11434.3 s4=-1
[DEBUG] Prepare @ 0x11d4a8a: s0=-0.987837 (0xbf7ce2e2)
[DEBUG] Prepare @ 0x11d4ada: s18=-11434.3 s4=-1
[DEBUG] Prepare @ 0x11d4a8a: s0=-0.987837 (0xbf7ce2e0)
[DEBUG] Prepare @ 0x11d4ada: s18=-11434.3 s4=-1
[DEBUG] Prepare @ 0x11d4a8a: s0=-0.987837 (0xbf7ce2de)
[DEBUG] Prepare @ 0x11d4ada: s18=-11434.3 s4=-1
[DEBUG] Prepare @ 0x11d4a8a: s0=-0.987837 (0xbf7ce2dd)
[DEBUG] Prepare @ 0x11d4ada: s18=-11434.3 s4=-1
[DEBUG] Prepare @ 0x11d4a8a: s0=-0.987837 (0xbf7ce2db)
[DEBUG] Prepare @ 0x11d4ada: s18=-11434.3 s4=-1
[DEBUG] Prepare @ 0x11d4a8a: s0=-0.987836 (0xbf7ce2d9)
[DEBUG] Prepare @ 0x11d4ada: s18=-11434.3 s4=-1
[DEBUG] Prepare @ 0x11d4a8a: s0=-0.987836 (0xbf7ce2d7)
[DEBUG] Prepare @ 0x11d4ada: s18=-11434.3 s4=-1
[DEBUG] Prepare @ 0x11d4a8a: s0=-0.987836 (0xbf7ce2d7)
[DEBUG] Prepare @ 0x11d4ada: s18=-11434.3 s4=-1
[DEBUG] Prepare @ 0x11d4a8a: s0=-0.987836 (0xbf7ce2d4)
[DEBUG] Prepare @ 0x11d4ada: s18=-11434.3 s4=-1
[DEBUG] Prepare @ 0x11d4a8a: s0=-0.987836 (0xbf7ce2d2)
[DEBUG] Prepare @ 0x11d4ada: s18=-11434.3 s4=-1
[DEBUG] Prepare @ 0x11d4a8a: s0=-0.987836 (0xbf7ce2d2)
[DEBUG] Prepare @ 0x11d4ada: s18=-11434.3 s4=-1
[DEBUG] Prepare @ 0x11d4a8a: s0=-0.987836 (0xbf7ce2d0)
[DEBUG] Prepare @ 0x11d4ada: s18=-11434.3 s4=-1
[DEBUG] Prepare @ 0x11d4a8a: s0=-0.987836 (0xbf7ce2cd)
[DEBUG] Prepare @ 0x11d4ada: s18=-11434.3 s4=-1
[DEBUG] Prepare @ 0x11d4a8a: s0=-0.987836 (0xbf7ce2cc)
[DEBUG] Prepare @ 0x11d4ada: s18=-11434.3 s4=-1
[DEBUG] Prepare @ 0x11d4a8a: s0=-0.987836 (0xbf7ce2cc)
[DEBUG] Prepare @ 0x11d4ada: s18=-11434.3 s4=-1
[DEBUG] Prepare @ 0x11d4a8a: s0=-0.987835 (0xbf7ce2c9)
[DEBUG] Prepare @ 0x11d4ada: s18=-11434.3 s4=-1
[DEBUG] Prepare @ 0x11d4a8a: s0=-0.987835 (0xbf7ce2c9)
[DEBUG] Prepare @ 0x11d4ada: s18=-11434.3 s4=-1
[DEBUG] Prepare @ 0x11d4a8a: s0=-0.987835 (0xbf7ce2c8)
[DEBUG] Prepare @ 0x11d4ada: s18=-11434.3 s4=-1
[DEBUG] Prepare @ 0x11d4a8a: s0=-0.987835 (0xbf7ce2c5)
[DEBUG] Prepare @ 0x11d4ada: s18=-11434.3 s4=-1
[DEBUG] Prepare @ 0x11d4a8a: s0=-0.987835 (0xbf7ce2c5)
[DEBUG] Prepare @ 0x11d4ada: s18=-11434.3 s4=-1
[DEBUG] Prepare @ 0x11d4a8a: s0=-0.987835 (0xbf7ce2c4)
[DEBUG] Prepare @ 0x11d4ada: s18=-11434.3 s4=-1
[DEBUG] Prepare @ 0x11d4a8a: s0=-0.987835 (0xbf7ce2c3)
[DEBUG] Prepare @ 0x11d4ada: s18=-11434.3 s4=-1
[DEBUG] Prepare @ 0x11d4a8a: s0=-0.987835 (0xbf7ce2c1)
[DEBUG] Prepare @ 0x11d4ada: s18=-11434.3 s4=-1
[DEBUG] Prepare @ 0x11d4a8a: s0=-0.987835 (0xbf7ce2c0)
[DEBUG] Prepare @ 0x11d4ada: s18=-11434.3 s4=-1
[DEBUG] Prepare @ 0x11d4a8a: s0=-0.987835 (0xbf7ce2bf)
[DEBUG] Prepare @ 0x11d4ada: s18=-11434.3 s4=-1
[DEBUG] Prepare @ 0x11d4a8a: s0=-0.987835 (0xbf7ce2be)
[DEBUG] Prepare @ 0x11d4ada: s18=-11434.3 s4=-1
[DEBUG] Prepare @ 0x11d4a8a: s0=-0.987835 (0xbf7ce2bd)
[DEBUG] Prepare @ 0x11d4ada: s18=-11434.3 s4=-1
[DEBUG] Prepare @ 0x11d4a8a: s0=-0.987835 (0xbf7ce2bd)
[DEBUG] Prepare @ 0x11d4ada: s18=-11434.3 s4=-1
[DEBUG] Prepare @ 0x11d4a8a: s0=-0.987835 (0xbf7ce2bc)
[DEBUG] Prepare @ 0x11d4ada: s18=-11434.3 s4=-1
[DEBUG] Prepare @ 0x11d4a8a: s0=-0.987835 (0xbf7ce2bb)
[DEBUG] Prepare @ 0x11d4ada: s18=-11434.3 s4=-1
[DEBUG] Prepare @ 0x11d4a8a: s0=-0.987835 (0xbf7ce2ba)
[DEBUG] Prepare @ 0x11d4ada: s18=-11434.3 s4=-1
[DEBUG] Prepare @ 0x11d4a8a: s0=-0.987835 (0xbf7ce2b9)
[DEBUG] Prepare @ 0x11d4ada: s18=-11434.3 s4=-1
[DEBUG] Prepare @ 0x11d4a8a: s0=-0.987834 (0xbf7ce2b8)
[DEBUG] Prepare @ 0x11d4ada: s18=-11434.3 s4=-1
[DEBUG] Prepare @ 0x11d4a8a: s0=-0.987834 (0xbf7ce2b7)
[DEBUG] Prepare @ 0x11d4ada: s18=-11434.3 s4=-1
[DEBUG] Prepare @ 0x11d4a8a: s0=-0.987834 (0xbf7ce2b6)
[DEBUG] Prepare @ 0x11d4ada: s18=-11434.3 s4=-1
[DEBUG] Prepare @ 0x11d4a8a: s0=-0.987834 (0xbf7ce2b5)
[DEBUG] Prepare @ 0x11d4ada: s18=-11434.3 s4=-1
[DEBUG] Prepare @ 0x11d4a8a: s0=-0.987834 (0xbf7ce2b4)
[DEBUG] Prepare @ 0x11d4ada: s18=-11434.3 s4=-1
[DEBUG] Prepare @ 0x11d4a8a: s0=-0.987834 (0xbf7ce2b3)
[DEBUG] Prepare @ 0x11d4ada: s18=-11434.3 s4=-1
[DEBUG] Prepare @ 0x11d4a8a: s0=-0.987834 (0xbf7ce2b2)
[DEBUG] Prepare @ 0x11d4ada: s18=-11434.3 s4=-1
[DEBUG] Prepare @ 0x11d4a8a: s0=-0.987834 (0xbf7ce2b3)
[DEBUG] Prepare @ 0x11d4ada: s18=-11434.3 s4=-1
[DEBUG] Prepare @ 0x11d4a8a: s0=-0.987834 (0xbf7ce2b1)
[DEBUG] Prepare @ 0x11d4ada: s18=-11434.3 s4=-1
[DEBUG] Prepare @ 0x11d4a8a: s0=-0.987834 (0xbf7ce2b0)
[DEBUG] Prepare @ 0x11d4ada: s18=-11434.3 s4=-1
[DEBUG] Prepare @ 0x11d4a8a: s0=-0.987834 (0xbf7ce2b1)
[DEBUG] Prepare @ 0x11d4ada: s18=-11434.3 s4=-1
[DEBUG] Prepare @ 0x11d4a8a: s0=-0.987834 (0xbf7ce2b0)
[DEBUG] Prepare @ 0x11d4ada: s18=-11434.3 s4=-1
[DEBUG] Prepare @ 0x11d4a8a: s0=-0.987834 (0xbf7ce2ae)
[DEBUG] Prepare @ 0x11d4ada: s18=-11434.3 s4=-1
[DEBUG] Prepare @ 0x11d4a8a: s0=-0.987834 (0xbf7ce2af)
[DEBUG] Prepare @ 0x11d4ada: s18=-11434.3 s4=-1
[DEBUG] Prepare @ 0x11d4a8a: s0=-0.987834 (0xbf7ce2ae)
[DEBUG] Prepare @ 0x11d4ada: s18=-11434.3 s4=-1
[DEBUG] Prepare @ 0x11d4a8a: s0=-0.987834 (0xbf7ce2ac)
[DEBUG] Prepare @ 0x11d4ada: s18=-11434.3 s4=-1
[DEBUG] Prepare @ 0x11d4a8a: s0=-0.987834 (0xbf7ce2ad)
[DEBUG] Prepare @ 0x11d4ada: s18=-11434.3 s4=-1
[DEBUG] Prepare @ 0x11d4a8a: s0=-0.987834 (0xbf7ce2ac)
[DEBUG] Prepare @ 0x11d4ada: s18=-11434.3 s4=-1
[DEBUG] Prepare @ 0x11d4a8a: s0=-0.987834 (0xbf7ce2ab)
[DEBUG] Prepare @ 0x11d4ada: s18=-11434.3 s4=-1
[DEBUG] Prepare @ 0x11d4a8a: s0=-0.987834 (0xbf7ce2a9)
[DEBUG] Prepare @ 0x11d4ada: s18=-11434.3 s4=-1
[DEBUG] Prepare @ 0x11d4a8a: s0=-0.987834 (0xbf7ce2aa)
[DEBUG] Prepare @ 0x11d4ada: s18=-11434.3 s4=-1
[DEBUG] Prepare @ 0x11d4a8a: s0=-0.987834 (0xbf7ce2a9)
[DEBUG] Prepare @ 0x11d4ada: s18=-11434.3 s4=-1
[DEBUG] Prepare @ 0x11d4a8a: s0=-0.987834 (0xbf7ce2a9)
[DEBUG] Prepare @ 0x11d4ada: s18=-11434.3 s4=-1
[DEBUG] Prepare @ 0x11d4a8a: s0=-0.987833 (0xbf7ce2a8)
[DEBUG] Prepare @ 0x11d4ada: s18=-11434.3 s4=-1
[DEBUG] Prepare @ 0x11d4a8a: s0=-0.987833 (0xbf7ce2a8)
[DEBUG] Prepare @ 0x11d4ada: s18=-11434.3 s4=-1
[DEBUG] Prepare @ 0x11d4a8a: s0=-0.987833 (0xbf7ce2a6)
[DEBUG] Prepare @ 0x11d4ada: s18=-11434.3 s4=-1
[DEBUG] Prepare @ 0x11d4a8a: s0=-0.987833 (0xbf7ce2a6)
[DEBUG] Prepare @ 0x11d4ada: s18=-11434.3 s4=-1
[DEBUG] Prepare @ 0x11d4a8a: s0=-0.987833 (0xbf7ce2a6)
[DEBUG] Prepare @ 0x11d4ada: s18=-11434.3 s4=-1
OPEN: resources/font_megalopolis_14_2x.fnt
OPEN SUCCESS: assets/resources/font_megalopolis_14_2x.fnt
[ASSET] Open resources/font_megalopolis_14_2x.fnt -> SUCCESS
CLOSE: resources/font_megalopolis_14_2x.fnt
OPEN: resources/font_megalopolis_14_2x.fnt
OPEN SUCCESS: assets/resources/font_megalopolis_14_2x.fnt
[ASSET] Open resources/font_megalopolis_14_2x.fnt -> SUCCESS
GETLEN: resources/font_megalopolis_14_2x.fnt -> 14585
READ: resources/font_megalopolis_14_2x.fnt (14585 bytes)
CLOSE: resources/font_megalopolis_14_2x.fnt
OPEN: resources/font_megalopolis_10_2x.fnt
OPEN SUCCESS: assets/resources/font_megalopolis_10_2x.fnt
[ASSET] Open resources/font_megalopolis_10_2x.fnt -> SUCCESS
CLOSE: resources/font_megalopolis_10_2x.fnt
OPEN: resources/font_megalopolis_10_2x.fnt
OPEN SUCCESS: assets/resources/font_megalopolis_10_2x.fnt
[ASSET] Open resources/font_megalopolis_10_2x.fnt -> SUCCESS
GETLEN: resources/font_megalopolis_10_2x.fnt -> 14585
READ: resources/font_megalopolis_10_2x.fnt (14585 bytes)
CLOSE: resources/font_megalopolis_10_2x.fnt
[JNI] CallStaticBooleanMethodV(mid=0x56780001) -> 0
OPEN: resources/menu.scene
OPEN SUCCESS: assets/resources/menu.scene
[ASSET] Open resources/menu.scene -> SUCCESS
GETLEN: resources/menu.scene -> 62700
READ: resources/menu.scene (62700 bytes)
CLOSE: resources/menu.scene
OPEN: resources/lights.scl
OPEN SUCCESS: assets/resources/lights.scl
[ASSET] Open resources/lights.scl -> SUCCESS
GETLEN: resources/lights.scl -> 1358
READ: resources/lights.scl (1358 bytes)
CLOSE: resources/lights.scl
[JNI] CallStaticBooleanMethodV(mid=0x56780001) -> 0
[JNI] CallStaticVoidMethodV(mid=0x56780001)
[DEBUG] Prepare @ 0x11d4a8a: s0=-0.987877 (0xbf7ce584)
[DEBUG] Prepare @ 0x11d4ada: s18=-12190 s4=-1
[DEBUG] Prepare @ 0x11d4a8a: s0=-0.987877 (0xbf7ce584)
[DEBUG] Prepare @ 0x11d4ada: s18=-11868.5 s4=-1
[DEBUG] Prepare @ 0x11d4a8a: s0=-0.987877 (0xbf7ce584)
[DEBUG] Prepare @ 0x11d4ada: s18=-11868.5 s4=-1
[DEBUG] Prepare @ 0x11d4a8a: s0=-0.987877 (0xbf7ce585)
[DEBUG] Prepare @ 0x11d4ada: s18=-11868.5 s4=-1
[DEBUG] Prepare @ 0x11d4a8a: s0=-0.987877 (0xbf7ce587)
[DEBUG] Prepare @ 0x11d4ada: s18=-11868.5 s4=-1
[DEBUG] Prepare @ 0x11d4a8a: s0=-0.987877 (0xbf7ce58a)
[DEBUG] Prepare @ 0x11d4ada: s18=-11868.5 s4=-1
[DEBUG] Prepare @ 0x11d4a8a: s0=-0.987878 (0xbf7ce58f)
[DEBUG] Prepare @ 0x11d4ada: s18=-11868.5 s4=-1
[DEBUG] Prepare @ 0x11d4a8a: s0=-0.987878 (0xbf7ce592)
[DEBUG] Prepare @ 0x11d4ada: s18=-11868.5 s4=-1
[DEBUG] Prepare @ 0x11d4a8a: s0=-0.987878 (0xbf7ce597)
[DEBUG] Prepare @ 0x11d4ada: s18=-11868.5 s4=-1
[DEBUG] Prepare @ 0x11d4a8a: s0=-0.987879 (0xbf7ce59d)
[DEBUG] Prepare @ 0x11d4ada: s18=-11868.5 s4=-1
[DEBUG] Prepare @ 0x11d4a8a: s0=-0.987879 (0xbf7ce5a3)
[DEBUG] Prepare @ 0x11d4ada: s18=-11868.5 s4=-1
[DEBUG] Prepare @ 0x11d4a8a: s0=-0.987879 (0xbf7ce5aa)
[DEBUG] Prepare @ 0x11d4ada: s18=-11868.5 s4=-1
[DEBUG] Prepare @ 0x11d4a8a: s0=-0.98788 (0xbf7ce5b1)
[DEBUG] Prepare @ 0x11d4ada: s18=-11868.5 s4=-1
[DEBUG] Prepare @ 0x11d4a8a: s0=-0.98788 (0xbf7ce5bb)
[DEBUG] Prepare @ 0x11d4ada: s18=-11868.5 s4=-1
[DEBUG] Prepare @ 0x11d4a8a: s0=-0.987881 (0xbf7ce5c2)
[DEBUG] Prepare @ 0x11d4ada: s18=-11868.5 s4=-1
[DEBUG] Prepare @ 0x11d4a8a: s0=-0.987881 (0xbf7ce5cc)
[DEBUG] Prepare @ 0x11d4ada: s18=-11868.5 s4=-1
[DEBUG] Prepare @ 0x11d4a8a: s0=-0.987882 (0xbf7ce5d3)
[DEBUG] Prepare @ 0x11d4ada: s18=-11868.5 s4=-1
[DEBUG] Prepare @ 0x11d4a8a: s0=-0.987882 (0xbf7ce5dd)
[DEBUG] Prepare @ 0x11d4ada: s18=-11868.5 s4=-1
[DEBUG] Prepare @ 0x11d4a8a: s0=-0.987883 (0xbf7ce5e8)
[DEBUG] Prepare @ 0x11d4ada: s18=-11868.5 s4=-1
[DEBUG] Prepare @ 0x11d4a8a: s0=-0.987884 (0xbf7ce5f0)
[DEBUG] Prepare @ 0x11d4ada: s18=-11868.5 s4=-1
[DEBUG] Prepare @ 0x11d4a8a: s0=-0.987884 (0xbf7ce5fa)
[DEBUG] Prepare @ 0x11d4ada: s18=-11868.5 s4=-1
[DEBUG] Prepare @ 0x11d4a8a: s0=-0.987885 (0xbf7ce604)
[DEBUG] Prepare @ 0x11d4ada: s18=-11868.5 s4=-1
[DEBUG] Prepare @ 0x11d4a8a: s0=-0.987885 (0xbf7ce60f)
[DEBUG] Prepare @ 0x11d4ada: s18=-11868.5 s4=-1
[DEBUG] Prepare @ 0x11d4a8a: s0=-0.987886 (0xbf7ce619)
[DEBUG] Prepare @ 0x11d4ada: s18=-11868.5 s4=-1
[DEBUG] Prepare @ 0x11d4a8a: s0=-0.987887 (0xbf7ce624)
[DEBUG] Prepare @ 0x11d4ada: s18=-11868.5 s4=-1
[DEBUG] Prepare @ 0x11d4a8a: s0=-0.987887 (0xbf7ce62e)
[DEBUG] Prepare @ 0x11d4ada: s18=-11868.5 s4=-1
[DEBUG] Prepare @ 0x11d4a8a: s0=-0.987888 (0xbf7ce63b)
[DEBUG] Prepare @ 0x11d4ada: s18=-11868.5 s4=-1
[DEBUG] Prepare @ 0x11d4a8a: s0=-0.987889 (0xbf7ce644)
[DEBUG] Prepare @ 0x11d4ada: s18=-11868.5 s4=-1
[DEBUG] Prepare @ 0x11d4a8a: s0=-0.987889 (0xbf7ce64f)
[DEBUG] Prepare @ 0x11d4ada: s18=-11868.5 s4=-1
[Frame 400] draws=88 verts=15675 tex_binds=33 tex_uploads=0 vtx_calls=88 texc_calls=86 matrix=147 state=667
[JNI] CallStaticBooleanMethodV(mid=0x13170001) -> 1
[DEBUG] Prepare @ 0x11d4a8a: s0=-0.98789 (0xbf7ce65a)
[DEBUG] Prepare @ 0x11d4ada: s18=-11868.5 s4=-1
[JNI] CallStaticBooleanMethodV(mid=0x13170001) -> 1
[DEBUG] Prepare @ 0x11d4a8a: s0=-0.987891 (0xbf7ce665)
[DEBUG] Prepare @ 0x11d4ada: s18=-11868.5 s4=-1
[JNI] CallStaticBooleanMethodV(mid=0x13170001) -> 1
[DEBUG] Prepare @ 0x11d4a8a: s0=-0.987891 (0xbf7ce670)
[DEBUG] Prepare @ 0x11d4ada: s18=-11868.5 s4=-1
[JNI] CallStaticBooleanMethodV(mid=0x13170001) -> 1
[DEBUG] Prepare @ 0x11d4a8a: s0=-0.987892 (0xbf7ce67b)
[DEBUG] Prepare @ 0x11d4ada: s18=-11868.5 s4=-1
[JNI] CallStaticBooleanMethodV(mid=0x13170001) -> 1
[DEBUG] Prepare @ 0x11d4a8a: s0=-0.987893 (0xbf7ce686)
[DEBUG] Prepare @ 0x11d4ada: s18=-11868.5 s4=-1
[JNI] CallStaticBooleanMethodV(mid=0x13170001) -> 1
[DEBUG] Prepare @ 0x11d4a8a: s0=-0.987893 (0xbf7ce692)
[DEBUG] Prepare @ 0x11d4ada: s18=-11868.5 s4=-1
[JNI] CallStaticBooleanMethodV(mid=0x13170001) -> 1
[DEBUG] Prepare @ 0x11d4a8a: s0=-0.987894 (0xbf7ce69b)
[DEBUG] Prepare @ 0x11d4ada: s18=-11868.5 s4=-1
[JNI] CallStaticBooleanMethodV(mid=0x13170001) -> 1
[DEBUG] Prepare @ 0x11d4a8a: s0=-0.987894 (0xbf7ce6a6)
[DEBUG] Prepare @ 0x11d4ada: s18=-11868.5 s4=-1
[JNI] CallStaticBooleanMethodV(mid=0x13170001) -> 1
[DEBUG] Prepare @ 0x11d4a8a: s0=-0.987895 (0xbf7ce6b1)
[DEBUG] Prepare @ 0x11d4ada: s18=-11868.5 s4=-1
[JNI] CallStaticBooleanMethodV(mid=0x13170001) -> 1
[DEBUG] Prepare @ 0x11d4a8a: s0=-0.987896 (0xbf7ce6bd)
[DEBUG] Prepare @ 0x11d4ada: s18=-11868.5 s4=-1
[JNI] CallStaticBooleanMethodV(mid=0x13170001) -> 1
[DEBUG] Prepare @ 0x11d4a8a: s0=-0.987896 (0xbf7ce6c6)
[DEBUG] Prepare @ 0x11d4ada: s18=-11868.5 s4=-1
[JNI] CallStaticBooleanMethodV(mid=0x13170001) -> 1
[DEBUG] Prepare @ 0x11d4a8a: s0=-0.987897 (0xbf7ce6d0)
[DEBUG] Prepare @ 0x11d4ada: s18=-11868.5 s4=-1
[JNI] CallStaticBooleanMethodV(mid=0x13170001) -> 1
[DEBUG] Prepare @ 0x11d4a8a: s0=-0.987898 (0xbf7ce6dc)
[DEBUG] Prepare @ 0x11d4ada: s18=-11868.5 s4=-1
[JNI] CallStaticBooleanMethodV(mid=0x13170001) -> 1
[DEBUG] Prepare @ 0x11d4a8a: s0=-0.987898 (0xbf7ce6e5)
[DEBUG] Prepare @ 0x11d4ada: s18=-11868.5 s4=-1
[JNI] CallStaticBooleanMethodV(mid=0x13170001) -> 1
[DEBUG] Prepare @ 0x11d4a8a: s0=-0.987899 (0xbf7ce6ef)
[DEBUG] Prepare @ 0x11d4ada: s18=-11868.5 s4=-1
[JNI] CallStaticBooleanMethodV(mid=0x13170001) -> 1
[DEBUG] Prepare @ 0x11d4a8a: s0=-0.987899 (0xbf7ce6f9)
[DEBUG] Prepare @ 0x11d4ada: s18=-11868.5 s4=-1
[JNI] CallStaticBooleanMethodV(mid=0x13170001) -> 1
[DEBUG] Prepare @ 0x11d4a8a: s0=-0.9879 (0xbf7ce704)
[DEBUG] Prepare @ 0x11d4ada: s18=-11868.5 s4=-1
[JNI] CallStaticBooleanMethodV(mid=0x13170001) -> 1
[DEBUG] Prepare @ 0x11d4a8a: s0=-0.9879 (0xbf7ce70c)
[DEBUG] Prepare @ 0x11d4ada: s18=-11868.5 s4=-1
[JNI] CallStaticBooleanMethodV(mid=0x13170001) -> 1
[DEBUG] Prepare @ 0x11d4a8a: s0=-0.987901 (0xbf7ce716)
[DEBUG] Prepare @ 0x11d4ada: s18=-11868.5 s4=-1
[JNI] CallStaticBooleanMethodV(mid=0x13170001) -> 1
[DEBUG] Prepare @ 0x11d4a8a: s0=-0.987902 (0xbf7ce71f)
[DEBUG] Prepare @ 0x11d4ada: s18=-11868.5 s4=-1
[JNI] CallStaticBooleanMethodV(mid=0x13170001) -> 1
[DEBUG] Prepare @ 0x11d4a8a: s0=-0.987902 (0xbf7ce72a)
[DEBUG] Prepare @ 0x11d4ada: s18=-11868.5 s4=-1
[JNI] CallStaticBooleanMethodV(mid=0x13170001) -> 1
[DEBUG] Prepare @ 0x11d4a8a: s0=-0.987903 (0xbf7ce732)
[DEBUG] Prepare @ 0x11d4ada: s18=-11868.5 s4=-1
[JNI] CallStaticBooleanMethodV(mid=0x13170001) -> 1
[DEBUG] Prepare @ 0x11d4a8a: s0=-0.987903 (0xbf7ce73b)
[DEBUG] Prepare @ 0x11d4ada: s18=-11868.5 s4=-1
[JNI] CallStaticBooleanMethodV(mid=0x13170001) -> 1
[DEBUG] Prepare @ 0x11d4a8a: s0=-0.987904 (0xbf7ce745)
[DEBUG] Prepare @ 0x11d4ada: s18=-11868.5 s4=-1
[JNI] CallStaticBooleanMethodV(mid=0x13170001) -> 1
[DEBUG] Prepare @ 0x11d4a8a: s0=-0.987904 (0xbf7ce74c)
[DEBUG] Prepare @ 0x11d4ada: s18=-11868.5 s4=-1
[JNI] CallStaticBooleanMethodV(mid=0x13170001) -> 1
[DEBUG] Prepare @ 0x11d4a8a: s0=-0.987905 (0xbf7ce755)
[DEBUG] Prepare @ 0x11d4ada: s18=-11868.5 s4=-1
[JNI] CallStaticBooleanMethodV(mid=0x13170001) -> 1
[DEBUG] Prepare @ 0x11d4a8a: s0=-0.987905 (0xbf7ce75d)
[DEBUG] Prepare @ 0x11d4ada: s18=-11868.5 s4=-1
[JNI] CallStaticBooleanMethodV(mid=0x13170001) -> 1
[DEBUG] Prepare @ 0x11d4a8a: s0=-0.987906 (0xbf7ce767)
[DEBUG] Prepare @ 0x11d4ada: s18=-11868.5 s4=-1
[JNI] CallStaticBooleanMethodV(mid=0x13170001) -> 1
[DEBUG] Prepare @ 0x11d4a8a: s0=-0.987906 (0xbf7ce76e)
[DEBUG] Prepare @ 0x11d4ada: s18=-11868.5 s4=-1
[JNI] CallStaticBooleanMethodV(mid=0x13170001) -> 1
[DEBUG] Prepare @ 0x11d4a8a: s0=-0.987907 (0xbf7ce776)
[DEBUG] Prepare @ 0x11d4ada: s18=-11868.5 s4=-1
[JNI] CallStaticBooleanMethodV(mid=0x13170001) -> 1
[DEBUG] Prepare @ 0x11d4a8a: s0=-0.987907 (0xbf7ce77f)
[DEBUG] Prepare @ 0x11d4ada: s18=-11868.5 s4=-1
[JNI] CallStaticBooleanMethodV(mid=0x13170001) -> 1
[DEBUG] Prepare @ 0x11d4a8a: s0=-0.987908 (0xbf7ce785)
[DEBUG] Prepare @ 0x11d4ada: s18=-11868.5 s4=-1
[JNI] CallStaticBooleanMethodV(mid=0x13170001) -> 1
[DEBUG] Prepare @ 0x11d4a8a: s0=-0.987908 (0xbf7ce78d)
[DEBUG] Prepare @ 0x11d4ada: s18=-11868.5 s4=-1
[JNI] CallStaticBooleanMethodV(mid=0x13170001) -> 1
[DEBUG] Prepare @ 0x11d4a8a: s0=-0.987909 (0xbf7ce794)
[DEBUG] Prepare @ 0x11d4ada: s18=-11868.5 s4=-1
[JNI] CallStaticBooleanMethodV(mid=0x13170001) -> 1
[DEBUG] Prepare @ 0x11d4a8a: s0=-0.987909 (0xbf7ce79d)
[DEBUG] Prepare @ 0x11d4ada: s18=-11868.5 s4=-1
[JNI] CallStaticBooleanMethodV(mid=0x13170001) -> 1
[DEBUG] Prepare @ 0x11d4a8a: s0=-0.987909 (0xbf7ce7a3)
[DEBUG] Prepare @ 0x11d4ada: s18=-11868.5 s4=-1
[JNI] CallStaticBooleanMethodV(mid=0x13170001) -> 1
[DEBUG] Prepare @ 0x11d4a8a: s0=-0.98791 (0xbf7ce7aa)
[DEBUG] Prepare @ 0x11d4ada: s18=-11868.5 s4=-1
[JNI] CallStaticBooleanMethodV(mid=0x13170001) -> 1
[DEBUG] Prepare @ 0x11d4a8a: s0=-0.98791 (0xbf7ce7b2)
[DEBUG] Prepare @ 0x11d4ada: s18=-11868.5 s4=-1
[JNI] CallStaticBooleanMethodV(mid=0x13170001) -> 1
[DEBUG] Prepare @ 0x11d4a8a: s0=-0.987911 (0xbf7ce7b7)
[DEBUG] Prepare @ 0x11d4ada: s18=-11868.5 s4=-1
[JNI] CallStaticBooleanMethodV(mid=0x13170001) -> 1
[DEBUG] Prepare @ 0x11d4a8a: s0=-0.987911 (0xbf7ce7be)
[DEBUG] Prepare @ 0x11d4ada: s18=-11868.5 s4=-1
[JNI] CallStaticBooleanMethodV(mid=0x13170001) -> 1
[DEBUG] Prepare @ 0x11d4a8a: s0=-0.987911 (0xbf7ce7c4)
[DEBUG] Prepare @ 0x11d4ada: s18=-11868.5 s4=-1
[JNI] CallStaticBooleanMethodV(mid=0x13170001) -> 1
[DEBUG] Prepare @ 0x11d4a8a: s0=-0.987912 (0xbf7ce7ca)
[DEBUG] Prepare @ 0x11d4ada: s18=-11868.5 s4=-1
[JNI] CallStaticBooleanMethodV(mid=0x13170001) -> 1
[DEBUG] Prepare @ 0x11d4a8a: s0=-0.987912 (0xbf7ce7d2)
[DEBUG] Prepare @ 0x11d4ada: s18=-11868.5 s4=-1
[JNI] CallStaticBooleanMethodV(mid=0x13170001) -> 1
[DEBUG] Prepare @ 0x11d4a8a: s0=-0.987913 (0xbf7ce7d8)
[DEBUG] Prepare @ 0x11d4ada: s18=-11868.5 s4=-1
[JNI] CallStaticBooleanMethodV(mid=0x13170001) -> 1
[DEBUG] Prepare @ 0x11d4a8a: s0=-0.987913 (0xbf7ce7de)
[DEBUG] Prepare @ 0x11d4ada: s18=-11868.5 s4=-1
[JNI] CallStaticBooleanMethodV(mid=0x13170001) -> 1
[DEBUG] Prepare @ 0x11d4a8a: s0=-0.987913 (0xbf7ce7e2)
[DEBUG] Prepare @ 0x11d4ada: s18=-11868.5 s4=-1
[JNI] CallStaticBooleanMethodV(mid=0x13170001) -> 1
[DEBUG] Prepare @ 0x11d4a8a: s0=-0.987914 (0xbf7ce7e8)
[DEBUG] Prepare @ 0x11d4ada: s18=-11868.5 s4=-1
[JNI] CallStaticBooleanMethodV(mid=0x13170001) -> 1
[DEBUG] Prepare @ 0x11d4a8a: s0=-0.987914 (0xbf7ce7ed)
[DEBUG] Prepare @ 0x11d4ada: s18=-11868.5 s4=-1
[JNI] CallStaticBooleanMethodV(mid=0x13170001) -> 1
[DEBUG] Prepare @ 0x11d4a8a: s0=-0.987914 (0xbf7ce7f2)
[DEBUG] Prepare @ 0x11d4ada: s18=-11868.5 s4=-1
[JNI] CallStaticBooleanMethodV(mid=0x13170001) -> 1
[DEBUG] Prepare @ 0x11d4a8a: s0=-0.987915 (0xbf7ce7f8)
[DEBUG] Prepare @ 0x11d4ada: s18=-11868.5 s4=-1
[JNI] CallStaticBooleanMethodV(mid=0x13170001) -> 1
[DEBUG] Prepare @ 0x11d4a8a: s0=-0.987915 (0xbf7ce7fd)
[DEBUG] Prepare @ 0x11d4ada: s18=-11868.5 s4=-1
[JNI] CallStaticBooleanMethodV(mid=0x13170001) -> 1
[DEBUG] Prepare @ 0x11d4a8a: s0=-0.987915 (0xbf7ce802)
[DEBUG] Prepare @ 0x11d4ada: s18=-11868.5 s4=-1
[JNI] CallStaticBooleanMethodV(mid=0x13170001) -> 1
[DEBUG] Prepare @ 0x11d4a8a: s0=-0.987916 (0xbf7ce808)
[DEBUG] Prepare @ 0x11d4ada: s18=-11868.5 s4=-1
[JNI] CallStaticBooleanMethodV(mid=0x13170001) -> 1
[DEBUG] Prepare @ 0x11d4a8a: s0=-0.987916 (0xbf7ce80b)
[DEBUG] Prepare @ 0x11d4ada: s18=-11868.5 s4=-1
[JNI] CallStaticBooleanMethodV(mid=0x13170001) -> 1
[DEBUG] Prepare @ 0x11d4a8a: s0=-0.987916 (0xbf7ce810)
[DEBUG] Prepare @ 0x11d4ada: s18=-11868.5 s4=-1
[JNI] CallStaticBooleanMethodV(mid=0x13170001) -> 1
[DEBUG] Prepare @ 0x11d4a8a: s0=-0.987916 (0xbf7ce814)
[DEBUG] Prepare @ 0x11d4ada: s18=-11868.5 s4=-1
[JNI] CallStaticBooleanMethodV(mid=0x13170001) -> 1
[DEBUG] Prepare @ 0x11d4a8a: s0=-0.987917 (0xbf7ce81a)
[DEBUG] Prepare @ 0x11d4ada: s18=-11868.5 s4=-1
[JNI] CallStaticBooleanMethodV(mid=0x13170001) -> 1
[DEBUG] Prepare @ 0x11d4a8a: s0=-0.987917 (0xbf7ce81d)
[DEBUG] Prepare @ 0x11d4ada: s18=-11868.5 s4=-1
[JNI] CallStaticBooleanMethodV(mid=0x13170001) -> 1
[DEBUG] Prepare @ 0x11d4a8a: s0=-0.987917 (0xbf7ce821)
[DEBUG] Prepare @ 0x11d4ada: s18=-11868.5 s4=-1
[JNI] CallStaticBooleanMethodV(mid=0x13170001) -> 1
[DEBUG] Prepare @ 0x11d4a8a: s0=-0.987917 (0xbf7ce825)
[DEBUG] Prepare @ 0x11d4ada: s18=-11868.5 s4=-1
[JNI] CallStaticBooleanMethodV(mid=0x13170001) -> 1
[DEBUG] Prepare @ 0x11d4a8a: s0=-0.987917 (0xbf7ce829)
[DEBUG] Prepare @ 0x11d4ada: s18=-11868.5 s4=-1
[JNI] CallStaticBooleanMethodV(mid=0x13170001) -> 1
[DEBUG] Prepare @ 0x11d4a8a: s0=-0.987918 (0xbf7ce82d)
[DEBUG] Prepare @ 0x11d4ada: s18=-11868.5 s4=-1
[JNI] CallStaticBooleanMethodV(mid=0x13170001) -> 1
[DEBUG] Prepare @ 0x11d4a8a: s0=-0.987918 (0xbf7ce830)
[DEBUG] Prepare @ 0x11d4ada: s18=-11868.5 s4=-1
[JNI] CallStaticBooleanMethodV(mid=0x13170001) -> 1
[DEBUG] Prepare @ 0x11d4a8a: s0=-0.987918 (0xbf7ce834)
[DEBUG] Prepare @ 0x11d4ada: s18=-11868.5 s4=-1
[JNI] CallStaticBooleanMethodV(mid=0x13170001) -> 1
[DEBUG] Prepare @ 0x11d4a8a: s0=-0.987918 (0xbf7ce837)
[DEBUG] Prepare @ 0x11d4ada: s18=-11868.5 s4=-1
[JNI] CallStaticBooleanMethodV(mid=0x13170001) -> 1
[DEBUG] Prepare @ 0x11d4a8a: s0=-0.987919 (0xbf7ce83b)
[DEBUG] Prepare @ 0x11d4ada: s18=-11868.5 s4=-1
[JNI] CallStaticBooleanMethodV(mid=0x13170001) -> 1
[DEBUG] Prepare @ 0x11d4a8a: s0=-0.987919 (0xbf7ce83e)
[DEBUG] Prepare @ 0x11d4ada: s18=-11868.5 s4=-1
[JNI] CallStaticBooleanMethodV(mid=0x13170001) -> 1
[DEBUG] Prepare @ 0x11d4a8a: s0=-0.987919 (0xbf7ce841)
[DEBUG] Prepare @ 0x11d4ada: s18=-11868.5 s4=-1
[JNI] CallStaticBooleanMethodV(mid=0x13170001) -> 1
[DEBUG] Prepare @ 0x11d4a8a: s0=-0.987919 (0xbf7ce844)
[DEBUG] Prepare @ 0x11d4ada: s18=-11868.5 s4=-1
[JNI] CallStaticBooleanMethodV(mid=0x13170001) -> 1
[DEBUG] Prepare @ 0x11d4a8a: s0=-0.987919 (0xbf7ce847)
[DEBUG] Prepare @ 0x11d4ada: s18=-11868.5 s4=-1
[JNI] CallStaticBooleanMethodV(mid=0x13170001) -> 1
[DEBUG] Prepare @ 0x11d4a8a: s0=-0.98792 (0xbf7ce84c)
[DEBUG] Prepare @ 0x11d4ada: s18=-11868.5 s4=-1
[JNI] CallStaticBooleanMethodV(mid=0x13170001) -> 1
[DEBUG] Prepare @ 0x11d4a8a: s0=-0.98792 (0xbf7ce84d)
[DEBUG] Prepare @ 0x11d4ada: s18=-11868.5 s4=-1
[JNI] CallStaticBooleanMethodV(mid=0x13170001) -> 1
[DEBUG] Prepare @ 0x11d4a8a: s0=-0.98792 (0xbf7ce850)
[DEBUG] Prepare @ 0x11d4ada: s18=-11868.5 s4=-1
[JNI] CallStaticBooleanMethodV(mid=0x13170001) -> 1
[DEBUG] Prepare @ 0x11d4a8a: s0=-0.98792 (0xbf7ce854)
[DEBUG] Prepare @ 0x11d4ada: s18=-11868.5 s4=-1
[JNI] CallStaticBooleanMethodV(mid=0x13170001) -> 1
[DEBUG] Prepare @ 0x11d4a8a: s0=-0.98792 (0xbf7ce855)
[DEBUG] Prepare @ 0x11d4ada: s18=-11868.5 s4=-1
[JNI] CallStaticBooleanMethodV(mid=0x13170001) -> 1
[DEBUG] Prepare @ 0x11d4a8a: s0=-0.98792 (0xbf7ce859)
[DEBUG] Prepare @ 0x11d4ada: s18=-11868.5 s4=-1
[JNI] CallStaticBooleanMethodV(mid=0x13170001) -> 1
[DEBUG] Prepare @ 0x11d4a8a: s0=-0.98792 (0xbf7ce85a)
[DEBUG] Prepare @ 0x11d4ada: s18=-11868.5 s4=-1
[JNI] CallStaticBooleanMethodV(mid=0x13170001) -> 1
[DEBUG] Prepare @ 0x11d4a8a: s0=-0.987921 (0xbf7ce85c)
[DEBUG] Prepare @ 0x11d4ada: s18=-11868.5 s4=-1
[JNI] CallStaticBooleanMethodV(mid=0x13170001) -> 1
[DEBUG] Prepare @ 0x11d4a8a: s0=-0.987921 (0xbf7ce85e)
[DEBUG] Prepare @ 0x11d4ada: s18=-11868.5 s4=-1
[JNI] CallStaticBooleanMethodV(mid=0x13170001) -> 1
[DEBUG] Prepare @ 0x11d4a8a: s0=-0.987921 (0xbf7ce862)
[DEBUG] Prepare @ 0x11d4ada: s18=-11868.5 s4=-1
[JNI] CallStaticBooleanMethodV(mid=0x13170001) -> 1
[DEBUG] Prepare @ 0x11d4a8a: s0=-0.987921 (0xbf7ce864)
[DEBUG] Prepare @ 0x11d4ada: s18=-11868.5 s4=-1
[JNI] CallStaticBooleanMethodV(mid=0x13170001) -> 1
[DEBUG] Prepare @ 0x11d4a8a: s0=-0.987921 (0xbf7ce865)
[DEBUG] Prepare @ 0x11d4ada: s18=-11868.5 s4=-1
[JNI] CallStaticBooleanMethodV(mid=0x13170001) -> 1
[DEBUG] Prepare @ 0x11d4a8a: s0=-0.987921 (0xbf7ce866)
[DEBUG] Prepare @ 0x11d4ada: s18=-11868.5 s4=-1
[JNI] CallStaticBooleanMethodV(mid=0x13170001) -> 1
[DEBUG] Prepare @ 0x11d4a8a: s0=-0.987921 (0xbf7ce868)
[DEBUG] Prepare @ 0x11d4ada: s18=-11868.5 s4=-1
[JNI] CallStaticBooleanMethodV(mid=0x13170001) -> 1
[DEBUG] Prepare @ 0x11d4a8a: s0=-0.987921 (0xbf7ce86a)
[DEBUG] Prepare @ 0x11d4ada: s18=-11868.5 s4=-1
[JNI] CallStaticBooleanMethodV(mid=0x13170001) -> 1
[DEBUG] Prepare @ 0x11d4a8a: s0=-0.987921 (0xbf7ce86c)
[DEBUG] Prepare @ 0x11d4ada: s18=-11868.5 s4=-1
[JNI] CallStaticBooleanMethodV(mid=0x13170001) -> 1
[DEBUG] Prepare @ 0x11d4a8a: s0=-0.987922 (0xbf7ce86d)
[DEBUG] Prepare @ 0x11d4ada: s18=-11868.5 s4=-1
[JNI] CallStaticBooleanMethodV(mid=0x13170001) -> 1
[DEBUG] Prepare @ 0x11d4a8a: s0=-0.987922 (0xbf7ce86f)
[DEBUG] Prepare @ 0x11d4ada: s18=-11868.5 s4=-1
[JNI] CallStaticBooleanMethodV(mid=0x13170001) -> 1
[DEBUG] Prepare @ 0x11d4a8a: s0=-0.987922 (0xbf7ce871)
[DEBUG] Prepare @ 0x11d4ada: s18=-11868.5 s4=-1
[JNI] CallStaticBooleanMethodV(mid=0x13170001) -> 1
[DEBUG] Prepare @ 0x11d4a8a: s0=-0.987922 (0xbf7ce872)
[DEBUG] Prepare @ 0x11d4ada: s18=-11868.5 s4=-1
[JNI] CallStaticBooleanMethodV(mid=0x13170001) -> 1
[DEBUG] Prepare @ 0x11d4a8a: s0=-0.987922 (0xbf7ce875)
[DEBUG] Prepare @ 0x11d4ada: s18=-11868.5 s4=-1
[JNI] CallStaticBooleanMethodV(mid=0x13170001) -> 1
[DEBUG] Prepare @ 0x11d4a8a: s0=-0.987922 (0xbf7ce875)
[DEBUG] Prepare @ 0x11d4ada: s18=-11868.5 s4=-1
[JNI] CallStaticBooleanMethodV(mid=0x13170001) -> 1
[DEBUG] Prepare @ 0x11d4a8a: s0=-0.987922 (0xbf7ce876)
[DEBUG] Prepare @ 0x11d4ada: s18=-11868.5 s4=-1
[JNI] CallStaticBooleanMethodV(mid=0x13170001) -> 1
[DEBUG] Prepare @ 0x11d4a8a: s0=-0.987922 (0xbf7ce877)
[DEBUG] Prepare @ 0x11d4ada: s18=-11868.5 s4=-1
[JNI] CallStaticBooleanMethodV(mid=0x13170001) -> 1
[DEBUG] Prepare @ 0x11d4a8a: s0=-0.987922 (0xbf7ce87a)
[DEBUG] Prepare @ 0x11d4ada: s18=-11868.5 s4=-1
[JNI] CallStaticBooleanMethodV(mid=0x13170001) -> 1
[DEBUG] Prepare @ 0x11d4a8a: s0=-0.987922 (0xbf7ce87b)
[DEBUG] Prepare @ 0x11d4ada: s18=-11868.5 s4=-1
[JNI] CallStaticBooleanMethodV(mid=0x13170001) -> 1
[DEBUG] Prepare @ 0x11d4a8a: s0=-0.987922 (0xbf7ce87c)
[DEBUG] Prepare @ 0x11d4ada: s18=-11868.5 s4=-1
[JNI] CallStaticBooleanMethodV(mid=0x13170001) -> 1
[DEBUG] Prepare @ 0x11d4a8a: s0=-0.987922 (0xbf7ce87d)
[DEBUG] Prepare @ 0x11d4ada: s18=-11868.5 s4=-1
[JNI] CallStaticBooleanMethodV(mid=0x13170001) -> 1
[DEBUG] Prepare @ 0x11d4a8a: s0=-0.987922 (0xbf7ce87c)
[DEBUG] Prepare @ 0x11d4ada: s18=-11868.5 s4=-1
[JNI] CallStaticBooleanMethodV(mid=0x13170001) -> 1
[DEBUG] Prepare @ 0x11d4a8a: s0=-0.987922 (0xbf7ce87d)
[DEBUG] Prepare @ 0x11d4ada: s18=-11868.5 s4=-1
[File] fopen("/dev/urandom", "rb")
[WARNING] Call to UNIMPLEMENTED bridge function: clock
[WARNING] Call to UNIMPLEMENTED bridge function: lrand48
[Frame 500] draws=88 verts=15723 tex_binds=33 tex_uploads=0 vtx_calls=88 texc_calls=86 matrix=147 state=667
[JNI] CallStaticBooleanMethodV(mid=0x13170001) -> 1
[DEBUG] Prepare @ 0x11d4a8a: s0=-0.987922 (0xbf7ce87d)
[DEBUG] Prepare @ 0x11d4ada: s18=-11868.5 s4=-1
[JNI] CallStaticBooleanMethodV(mid=0x13170001) -> 1
[DEBUG] Prepare @ 0x11d4a8a: s0=-0.987922 (0xbf7ce87d)
[DEBUG] Prepare @ 0x11d4ada: s18=-11868.5 s4=-1
[JNI] CallStaticBooleanMethodV(mid=0x13170001) -> 1
[DEBUG] Prepare @ 0x11d4a8a: s0=-0.987922 (0xbf7ce87d)
[DEBUG] Prepare @ 0x11d4ada: s18=-11868.5 s4=-1
[JNI] CallStaticBooleanMethodV(mid=0x13170001) -> 1
[DEBUG] Prepare @ 0x11d4a8a: s0=-0.987922 (0xbf7ce87d)
[DEBUG] Prepare @ 0x11d4ada: s18=-11868.5 s4=-1
[JNI] CallStaticBooleanMethodV(mid=0x13170001) -> 1
[DEBUG] Prepare @ 0x11d4a8a: s0=-0.987922 (0xbf7ce87d)
[DEBUG] Prepare @ 0x11d4ada: s18=-11868.5 s4=-1
[JNI] CallStaticBooleanMethodV(mid=0x13170001) -> 1
[DEBUG] Prepare @ 0x11d4a8a: s0=-0.987922 (0xbf7ce87d)
[DEBUG] Prepare @ 0x11d4ada: s18=-11868.5 s4=-1
[JNI] CallStaticBooleanMethodV(mid=0x13170001) -> 1
[DEBUG] Prepare @ 0x11d4a8a: s0=-0.987922 (0xbf7ce87d)
[DEBUG] Prepare @ 0x11d4ada: s18=-11868.5 s4=-1
[JNI] CallStaticBooleanMethodV(mid=0x13170001) -> 1
[DEBUG] Prepare @ 0x11d4a8a: s0=-0.987922 (0xbf7ce87d)
[DEBUG] Prepare @ 0x11d4ada: s18=-11868.5 s4=-1
[JNI] CallStaticBooleanMethodV(mid=0x13170001) -> 1
[DEBUG] Prepare @ 0x11d4a8a: s0=-0.987922 (0xbf7ce87d)
[DEBUG] Prepare @ 0x11d4ada: s18=-11868.5 s4=-1
[JNI] CallStaticBooleanMethodV(mid=0x13170001) -> 1
[DEBUG] Prepare @ 0x11d4a8a: s0=-0.987922 (0xbf7ce87d)
[DEBUG] Prepare @ 0x11d4ada: s18=-11868.5 s4=-1
[JNI] CallStaticBooleanMethodV(mid=0x13170001) -> 1
[DEBUG] Prepare @ 0x11d4a8a: s0=-0.987922 (0xbf7ce87d)
[DEBUG] Prepare @ 0x11d4ada: s18=-11868.5 s4=-1
[JNI] CallStaticBooleanMethodV(mid=0x13170001) -> 1
[DEBUG] Prepare @ 0x11d4a8a: s0=-0.987922 (0xbf7ce87d)
[DEBUG] Prepare @ 0x11d4ada: s18=-11868.5 s4=-1
[JNI] CallStaticBooleanMethodV(mid=0x13170001) -> 1
[DEBUG] Prepare @ 0x11d4a8a: s0=-0.987922 (0xbf7ce87d)
[DEBUG] Prepare @ 0x11d4ada: s18=-11868.5 s4=-1
[JNI] CallStaticBooleanMethodV(mid=0x13170001) -> 1
[DEBUG] Prepare @ 0x11d4a8a: s0=-0.987922 (0xbf7ce87d)
[DEBUG] Prepare @ 0x11d4ada: s18=-11868.5 s4=-1
[JNI] CallStaticBooleanMethodV(mid=0x13170001) -> 1
[DEBUG] Prepare @ 0x11d4a8a: s0=-0.987922 (0xbf7ce87d)
[DEBUG] Prepare @ 0x11d4ada: s18=-11868.5 s4=-1
[JNI] CallStaticBooleanMethodV(mid=0x13170001) -> 1
[DEBUG] Prepare @ 0x11d4a8a: s0=-0.987922 (0xbf7ce87d)
[DEBUG] Prepare @ 0x11d4ada: s18=-11868.5 s4=-1
[JNI] CallStaticBooleanMethodV(mid=0x13170001) -> 1
[DEBUG] Prepare @ 0x11d4a8a: s0=-0.987922 (0xbf7ce87d)
[DEBUG] Prepare @ 0x11d4ada: s18=-11868.5 s4=-1
[JNI] CallStaticBooleanMethodV(mid=0x13170001) -> 1
[DEBUG] Prepare @ 0x11d4a8a: s0=-0.987922 (0xbf7ce87d)
[DEBUG] Prepare @ 0x11d4ada: s18=-11868.5 s4=-1
[JNI] CallStaticBooleanMethodV(mid=0x13170001) -> 1
[DEBUG] Prepare @ 0x11d4a8a: s0=-0.987922 (0xbf7ce87d)
[DEBUG] Prepare @ 0x11d4ada: s18=-11868.5 s4=-1
[JNI] CallStaticBooleanMethodV(mid=0x13170001) -> 1
[DEBUG] Prepare @ 0x11d4a8a: s0=-0.987922 (0xbf7ce87d)
[DEBUG] Prepare @ 0x11d4ada: s18=-11868.5 s4=-1
[JNI] CallStaticBooleanMethodV(mid=0x13170001) -> 1
[DEBUG] Prepare @ 0x11d4a8a: s0=-0.987922 (0xbf7ce87d)
[DEBUG] Prepare @ 0x11d4ada: s18=-11868.5 s4=-1
[JNI] CallStaticBooleanMethodV(mid=0x13170001) -> 1
[DEBUG] Prepare @ 0x11d4a8a: s0=-0.987922 (0xbf7ce87d)
[DEBUG] Prepare @ 0x11d4ada: s18=-11868.5 s4=-1
[JNI] CallStaticBooleanMethodV(mid=0x13170001) -> 1
[DEBUG] Prepare @ 0x11d4a8a: s0=-0.987922 (0xbf7ce87d)
[DEBUG] Prepare @ 0x11d4ada: s18=-11868.5 s4=-1
[JNI] CallStaticBooleanMethodV(mid=0x13170001) -> 1
[DEBUG] Prepare @ 0x11d4a8a: s0=-0.987922 (0xbf7ce87d)
[DEBUG] Prepare @ 0x11d4ada: s18=-11868.5 s4=-1
[JNI] CallStaticBooleanMethodV(mid=0x13170001) -> 1
[DEBUG] Prepare @ 0x11d4a8a: s0=-0.987922 (0xbf7ce87d)
[DEBUG] Prepare @ 0x11d4ada: s18=-11868.5 s4=-1
[JNI] CallStaticBooleanMethodV(mid=0x13170001) -> 1
[DEBUG] Prepare @ 0x11d4a8a: s0=-0.987922 (0xbf7ce87d)
[DEBUG] Prepare @ 0x11d4ada: s18=-11868.5 s4=-1
[JNI] CallStaticBooleanMethodV(mid=0x13170001) -> 1
[DEBUG] Prepare @ 0x11d4a8a: s0=-0.987922 (0xbf7ce87d)
[DEBUG] Prepare @ 0x11d4ada: s18=-11868.5 s4=-1
[JNI] CallStaticBooleanMethodV(mid=0x13170001) -> 1
[DEBUG] Prepare @ 0x11d4a8a: s0=-0.987922 (0xbf7ce87d)
[DEBUG] Prepare @ 0x11d4ada: s18=-11868.5 s4=-1
[JNI] CallStaticBooleanMethodV(mid=0x13170001) -> 1
[DEBUG] Prepare @ 0x11d4a8a: s0=-0.987922 (0xbf7ce87d)
[DEBUG] Prepare @ 0x11d4ada: s18=-11868.5 s4=-1
[JNI] CallStaticBooleanMethodV(mid=0x13170001) -> 1
[DEBUG] Prepare @ 0x11d4a8a: s0=-0.987922 (0xbf7ce87d)
[DEBUG] Prepare @ 0x11d4ada: s18=-11868.5 s4=-1
[JNI] CallStaticBooleanMethodV(mid=0x13170001) -> 1
[DEBUG] Prepare @ 0x11d4a8a: s0=-0.987922 (0xbf7ce87d)
[DEBUG] Prepare @ 0x11d4ada: s18=-11868.5 s4=-1
[JNI] CallStaticBooleanMethodV(mid=0x13170001) -> 1
[DEBUG] Prepare @ 0x11d4a8a: s0=-0.987922 (0xbf7ce87d)
[DEBUG] Prepare @ 0x11d4ada: s18=-11868.5 s4=-1
[JNI] CallStaticBooleanMethodV(mid=0x13170001) -> 1
[DEBUG] Prepare @ 0x11d4a8a: s0=-0.987922 (0xbf7ce87d)
[DEBUG] Prepare @ 0x11d4ada: s18=-11868.5 s4=-1
[JNI] CallStaticBooleanMethodV(mid=0x13170001) -> 1
[DEBUG] Prepare @ 0x11d4a8a: s0=-0.987922 (0xbf7ce87d)
[DEBUG] Prepare @ 0x11d4ada: s18=-11868.5 s4=-1
[JNI] CallStaticBooleanMethodV(mid=0x13170001) -> 1
[DEBUG] Prepare @ 0x11d4a8a: s0=-0.987922 (0xbf7ce87d)
[DEBUG] Prepare @ 0x11d4ada: s18=-11868.5 s4=-1
[JNI] CallStaticBooleanMethodV(mid=0x13170001) -> 1
[DEBUG] Prepare @ 0x11d4a8a: s0=-0.987922 (0xbf7ce87d)
[DEBUG] Prepare @ 0x11d4ada: s18=-11868.5 s4=-1
[JNI] CallStaticBooleanMethodV(mid=0x13170001) -> 1
[DEBUG] Prepare @ 0x11d4a8a: s0=-0.987922 (0xbf7ce87d)
[DEBUG] Prepare @ 0x11d4ada: s18=-11868.5 s4=-1
[JNI] CallStaticBooleanMethodV(mid=0x13170001) -> 1
[DEBUG] Prepare @ 0x11d4a8a: s0=-0.987922 (0xbf7ce87d)
[DEBUG] Prepare @ 0x11d4ada: s18=-11868.5 s4=-1
[JNI] CallStaticBooleanMethodV(mid=0x13170001) -> 1
[DEBUG] Prepare @ 0x11d4a8a: s0=-0.987922 (0xbf7ce87d)
[DEBUG] Prepare @ 0x11d4ada: s18=-11868.5 s4=-1
[JNI] CallStaticBooleanMethodV(mid=0x13170001) -> 1
[DEBUG] Prepare @ 0x11d4a8a: s0=-0.987922 (0xbf7ce87d)
[DEBUG] Prepare @ 0x11d4ada: s18=-11868.5 s4=-1
[JNI] CallStaticBooleanMethodV(mid=0x13170001) -> 1
[DEBUG] Prepare @ 0x11d4a8a: s0=-0.987922 (0xbf7ce87d)
[DEBUG] Prepare @ 0x11d4ada: s18=-11868.5 s4=-1
[JNI] CallStaticBooleanMethodV(mid=0x13170001) -> 1
[DEBUG] Prepare @ 0x11d4a8a: s0=-0.987922 (0xbf7ce87d)
[DEBUG] Prepare @ 0x11d4ada: s18=-11868.5 s4=-1
[JNI] CallStaticBooleanMethodV(mid=0x13170001) -> 1
[DEBUG] Prepare @ 0x11d4a8a: s0=-0.987922 (0xbf7ce87d)
[DEBUG] Prepare @ 0x11d4ada: s18=-11868.5 s4=-1
[JNI] CallStaticBooleanMethodV(mid=0x13170001) -> 1
[DEBUG] Prepare @ 0x11d4a8a: s0=-0.987922 (0xbf7ce87d)
[DEBUG] Prepare @ 0x11d4ada: s18=-11868.5 s4=-1
[JNI] CallStaticBooleanMethodV(mid=0x13170001) -> 1
[DEBUG] Prepare @ 0x11d4a8a: s0=-0.987922 (0xbf7ce87d)
[DEBUG] Prepare @ 0x11d4ada: s18=-11868.5 s4=-1
[JNI] CallStaticBooleanMethodV(mid=0x13170001) -> 1
[DEBUG] Prepare @ 0x11d4a8a: s0=-0.987922 (0xbf7ce87d)
[DEBUG] Prepare @ 0x11d4ada: s18=-11868.5 s4=-1
[JNI] CallStaticBooleanMethodV(mid=0x13170001) -> 1
[DEBUG] Prepare @ 0x11d4a8a: s0=-0.987922 (0xbf7ce87d)
[DEBUG] Prepare @ 0x11d4ada: s18=-11868.5 s4=-1
[JNI] CallStaticBooleanMethodV(mid=0x13170001) -> 1
[DEBUG] Prepare @ 0x11d4a8a: s0=-0.987922 (0xbf7ce87d)
[DEBUG] Prepare @ 0x11d4ada: s18=-11868.5 s4=-1
[JNI] CallStaticBooleanMethodV(mid=0x13170001) -> 1
[DEBUG] Prepare @ 0x11d4a8a: s0=-0.987922 (0xbf7ce87d)
[DEBUG] Prepare @ 0x11d4ada: s18=-11868.5 s4=-1
[JNI] CallStaticBooleanMethodV(mid=0x13170001) -> 1
[DEBUG] Prepare @ 0x11d4a8a: s0=-0.987922 (0xbf7ce87d)
[DEBUG] Prepare @ 0x11d4ada: s18=-11868.5 s4=-1
[JNI] CallStaticBooleanMethodV(mid=0x13170001) -> 1
[DEBUG] Prepare @ 0x11d4a8a: s0=-0.987922 (0xbf7ce87d)
[DEBUG] Prepare @ 0x11d4ada: s18=-11868.5 s4=-1
[JNI] CallStaticBooleanMethodV(mid=0x13170001) -> 1
[DEBUG] Prepare @ 0x11d4a8a: s0=-0.987922 (0xbf7ce87d)
[DEBUG] Prepare @ 0x11d4ada: s18=-11868.5 s4=-1
[JNI] CallStaticBooleanMethodV(mid=0x13170001) -> 1
[DEBUG] Prepare @ 0x11d4a8a: s0=-0.987922 (0xbf7ce87d)
[DEBUG] Prepare @ 0x11d4ada: s18=-11868.5 s4=-1
[JNI] CallStaticBooleanMethodV(mid=0x13170001) -> 1
[DEBUG] Prepare @ 0x11d4a8a: s0=-0.987922 (0xbf7ce87d)
[DEBUG] Prepare @ 0x11d4ada: s18=-11868.5 s4=-1
[JNI] CallStaticBooleanMethodV(mid=0x13170001) -> 1
[DEBUG] Prepare @ 0x11d4a8a: s0=-0.987922 (0xbf7ce87d)
[DEBUG] Prepare @ 0x11d4ada: s18=-11868.5 s4=-1
[JNI] CallStaticBooleanMethodV(mid=0x13170001) -> 1
[DEBUG] Prepare @ 0x11d4a8a: s0=-0.987922 (0xbf7ce87d)
[DEBUG] Prepare @ 0x11d4ada: s18=-11868.5 s4=-1
[JNI] CallStaticBooleanMethodV(mid=0x13170001) -> 1
[DEBUG] Prepare @ 0x11d4a8a: s0=-0.987922 (0xbf7ce87d)
[DEBUG] Prepare @ 0x11d4ada: s18=-11868.5 s4=-1
[JNI] CallStaticBooleanMethodV(mid=0x13170001) -> 1
[DEBUG] Prepare @ 0x11d4a8a: s0=-0.987922 (0xbf7ce87d)
[DEBUG] Prepare @ 0x11d4ada: s18=-11868.5 s4=-1
[JNI] CallStaticBooleanMethodV(mid=0x13170001) -> 1
[DEBUG] Prepare @ 0x11d4a8a: s0=-0.987922 (0xbf7ce87d)
[DEBUG] Prepare @ 0x11d4ada: s18=-11868.5 s4=-1
[JNI] CallStaticBooleanMethodV(mid=0x13170001) -> 1
[DEBUG] Prepare @ 0x11d4a8a: s0=-0.987922 (0xbf7ce87d)
[DEBUG] Prepare @ 0x11d4ada: s18=-11868.5 s4=-1
[JNI] CallStaticBooleanMethodV(mid=0x13170001) -> 1
[DEBUG] Prepare @ 0x11d4a8a: s0=-0.987922 (0xbf7ce87d)
[DEBUG] Prepare @ 0x11d4ada: s18=-11868.5 s4=-1
[JNI] CallStaticBooleanMethodV(mid=0x13170001) -> 1
[DEBUG] Prepare @ 0x11d4a8a: s0=-0.987922 (0xbf7ce87d)
[DEBUG] Prepare @ 0x11d4ada: s18=-11868.5 s4=-1
[JNI] CallStaticBooleanMethodV(mid=0x13170001) -> 1
[DEBUG] Prepare @ 0x11d4a8a: s0=-0.987922 (0xbf7ce87d)
[DEBUG] Prepare @ 0x11d4ada: s18=-11868.5 s4=-1
[JNI] CallStaticBooleanMethodV(mid=0x13170001) -> 1
[DEBUG] Prepare @ 0x11d4a8a: s0=-0.987922 (0xbf7ce87d)
[DEBUG] Prepare @ 0x11d4ada: s18=-11868.5 s4=-1
[JNI] CallStaticBooleanMethodV(mid=0x13170001) -> 1
[DEBUG] Prepare @ 0x11d4a8a: s0=-0.987922 (0xbf7ce87d)
[DEBUG] Prepare @ 0x11d4ada: s18=-11868.5 s4=-1
[JNI] CallStaticBooleanMethodV(mid=0x13170001) -> 1
[DEBUG] Prepare @ 0x11d4a8a: s0=-0.987922 (0xbf7ce87d)
[DEBUG] Prepare @ 0x11d4ada: s18=-11868.5 s4=-1
[JNI] CallStaticBooleanMethodV(mid=0x13170001) -> 1
[DEBUG] Prepare @ 0x11d4a8a: s0=-0.987922 (0xbf7ce87d)
[DEBUG] Prepare @ 0x11d4ada: s18=-11868.5 s4=-1
[JNI] CallStaticBooleanMethodV(mid=0x13170001) -> 1
[DEBUG] Prepare @ 0x11d4a8a: s0=-0.987922 (0xbf7ce87d)
[DEBUG] Prepare @ 0x11d4ada: s18=-11868.5 s4=-1
[JNI] CallStaticBooleanMethodV(mid=0x13170001) -> 1
[DEBUG] Prepare @ 0x11d4a8a: s0=-0.987922 (0xbf7ce87d)
[DEBUG] Prepare @ 0x11d4ada: s18=-11868.5 s4=-1
[JNI] CallStaticBooleanMethodV(mid=0x13170001) -> 1
[DEBUG] Prepare @ 0x11d4a8a: s0=-0.987922 (0xbf7ce87d)
[DEBUG] Prepare @ 0x11d4ada: s18=-11868.5 s4=-1
[JNI] CallStaticBooleanMethodV(mid=0x13170001) -> 1
[DEBUG] Prepare @ 0x11d4a8a: s0=-0.987922 (0xbf7ce87d)
[DEBUG] Prepare @ 0x11d4ada: s18=-11868.5 s4=-1
[JNI] CallStaticBooleanMethodV(mid=0x13170001) -> 1
[DEBUG] Prepare @ 0x11d4a8a: s0=-0.987922 (0xbf7ce87d)
[DEBUG] Prepare @ 0x11d4ada: s18=-11868.5 s4=-1
[JNI] CallStaticBooleanMethodV(mid=0x13170001) -> 1
[DEBUG] Prepare @ 0x11d4a8a: s0=-0.987922 (0xbf7ce87d)
[DEBUG] Prepare @ 0x11d4ada: s18=-11868.5 s4=-1
[JNI] CallStaticBooleanMethodV(mid=0x13170001) -> 1
[DEBUG] Prepare @ 0x11d4a8a: s0=-0.987922 (0xbf7ce87d)
[DEBUG] Prepare @ 0x11d4ada: s18=-11868.5 s4=-1
[JNI] CallStaticBooleanMethodV(mid=0x13170001) -> 1
[DEBUG] Prepare @ 0x11d4a8a: s0=-0.987922 (0xbf7ce87d)
[DEBUG] Prepare @ 0x11d4ada: s18=-11868.5 s4=-1
[JNI] CallStaticBooleanMethodV(mid=0x13170001) -> 1
[DEBUG] Prepare @ 0x11d4a8a: s0=-0.987922 (0xbf7ce87d)
[DEBUG] Prepare @ 0x11d4ada: s18=-11868.5 s4=-1
[JNI] CallStaticBooleanMethodV(mid=0x13170001) -> 1
[DEBUG] Prepare @ 0x11d4a8a: s0=-0.987922 (0xbf7ce87d)
[DEBUG] Prepare @ 0x11d4ada: s18=-11868.5 s4=-1
[JNI] CallStaticBooleanMethodV(mid=0x13170001) -> 1
[DEBUG] Prepare @ 0x11d4a8a: s0=-0.987922 (0xbf7ce87d)
[DEBUG] Prepare @ 0x11d4ada: s18=-11868.5 s4=-1
[JNI] CallStaticBooleanMethodV(mid=0x13170001) -> 1
[DEBUG] Prepare @ 0x11d4a8a: s0=-0.987922 (0xbf7ce87d)
[DEBUG] Prepare @ 0x11d4ada: s18=-11868.5 s4=-1
[JNI] CallStaticBooleanMethodV(mid=0x13170001) -> 1
[DEBUG] Prepare @ 0x11d4a8a: s0=-0.987922 (0xbf7ce87d)
[DEBUG] Prepare @ 0x11d4ada: s18=-11868.5 s4=-1
[JNI] CallStaticBooleanMethodV(mid=0x13170001) -> 1
[DEBUG] Prepare @ 0x11d4a8a: s0=-0.987922 (0xbf7ce87d)
[DEBUG] Prepare @ 0x11d4ada: s18=-11868.5 s4=-1
[JNI] CallStaticBooleanMethodV(mid=0x13170001) -> 1
[DEBUG] Prepare @ 0x11d4a8a: s0=-0.987922 (0xbf7ce87d)
[DEBUG] Prepare @ 0x11d4ada: s18=-11868.5 s4=-1
[JNI] CallStaticBooleanMethodV(mid=0x13170001) -> 1
[DEBUG] Prepare @ 0x11d4a8a: s0=-0.987922 (0xbf7ce87d)
[DEBUG] Prepare @ 0x11d4ada: s18=-11868.5 s4=-1
[JNI] CallStaticBooleanMethodV(mid=0x13170001) -> 1
[DEBUG] Prepare @ 0x11d4a8a: s0=-0.987922 (0xbf7ce87d)
[DEBUG] Prepare @ 0x11d4ada: s18=-11868.5 s4=-1
[JNI] CallStaticBooleanMethodV(mid=0x13170001) -> 1
[DEBUG] Prepare @ 0x11d4a8a: s0=-0.987922 (0xbf7ce87d)
[DEBUG] Prepare @ 0x11d4ada: s18=-11868.5 s4=-1
[JNI] CallStaticBooleanMethodV(mid=0x13170001) -> 1
[DEBUG] Prepare @ 0x11d4a8a: s0=-0.987922 (0xbf7ce87d)
[DEBUG] Prepare @ 0x11d4ada: s18=-11868.5 s4=-1
[JNI] CallStaticBooleanMethodV(mid=0x13170001) -> 1
[DEBUG] Prepare @ 0x11d4a8a: s0=-0.987922 (0xbf7ce87d)
[DEBUG] Prepare @ 0x11d4ada: s18=-11868.5 s4=-1
[JNI] CallStaticBooleanMethodV(mid=0x13170001) -> 1
[DEBUG] Prepare @ 0x11d4a8a: s0=-0.987922 (0xbf7ce87d)
[DEBUG] Prepare @ 0x11d4ada: s18=-11868.5 s4=-1
[JNI] CallStaticBooleanMethodV(mid=0x13170001) -> 1
[DEBUG] Prepare @ 0x11d4a8a: s0=-0.987922 (0xbf7ce87d)
[DEBUG] Prepare @ 0x11d4ada: s18=-11868.5 s4=-1
[JNI] CallStaticBooleanMethodV(mid=0x13170001) -> 1
[DEBUG] Prepare @ 0x11d4a8a: s0=-0.987922 (0xbf7ce87d)
[DEBUG] Prepare @ 0x11d4ada: s18=-11868.5 s4=-1
[JNI] CallStaticBooleanMethodV(mid=0x13170001) -> 1
[DEBUG] Prepare @ 0x11d4a8a: s0=-0.987922 (0xbf7ce87d)
[DEBUG] Prepare @ 0x11d4ada: s18=-11868.5 s4=-1
[JNI] CallStaticBooleanMethodV(mid=0x13170001) -> 1
[DEBUG] Prepare @ 0x11d4a8a: s0=-0.987922 (0xbf7ce87d)
[DEBUG] Prepare @ 0x11d4ada: s18=-11868.5 s4=-1
[JNI] CallStaticBooleanMethodV(mid=0x13170001) -> 1
[DEBUG] Prepare @ 0x11d4a8a: s0=-0.987922 (0xbf7ce87d)
[DEBUG] Prepare @ 0x11d4ada: s18=-11868.5 s4=-1
[JNI] CallStaticBooleanMethodV(mid=0x13170001) -> 1
[DEBUG] Prepare @ 0x11d4a8a: s0=-0.987922 (0xbf7ce87d)
[DEBUG] Prepare @ 0x11d4ada: s18=-11868.5 s4=-1
[JNI] CallStaticBooleanMethodV(mid=0x13170001) -> 1
[DEBUG] Prepare @ 0x11d4a8a: s0=-0.987922 (0xbf7ce87d)
[DEBUG] Prepare @ 0x11d4ada: s18=-11868.5 s4=-1
[JNI] CallStaticBooleanMethodV(mid=0x13170001) -> 1
[DEBUG] Prepare @ 0x11d4a8a: s0=-0.987922 (0xbf7ce87d)
[DEBUG] Prepare @ 0x11d4ada: s18=-11868.5 s4=-1
[JNI] CallStaticBooleanMethodV(mid=0x13170001) -> 1
[DEBUG] Prepare @ 0x11d4a8a: s0=-0.987922 (0xbf7ce87d)
[DEBUG] Prepare @ 0x11d4ada: s18=-11868.5 s4=-1
[JNI] CallStaticBooleanMethodV(mid=0x13170001) -> 1
[DEBUG] Prepare @ 0x11d4a8a: s0=-0.987922 (0xbf7ce87d)
[DEBUG] Prepare @ 0x11d4ada: s18=-11868.5 s4=-1
[JNI] CallStaticBooleanMethodV(mid=0x13170001) -> 1
[DEBUG] Prepare @ 0x11d4a8a: s0=-0.987922 (0xbf7ce87d)
[DEBUG] Prepare @ 0x11d4ada: s18=-11868.5 s4=-1
[JNI] CallStaticBooleanMethodV(mid=0x13170001) -> 1
[DEBUG] Prepare @ 0x11d4a8a: s0=-0.987922 (0xbf7ce87d)
[DEBUG] Prepare @ 0x11d4ada: s18=-11868.5 s4=-1
[Frame 600] draws=96 verts=16313 tex_binds=40 tex_uploads=0 vtx_calls=96 texc_calls=93 matrix=193 state=684
[JNI] CallStaticBooleanMethodV(mid=0x13170001) -> 1
[DEBUG] Prepare @ 0x11d4a8a: s0=-0.987922 (0xbf7ce87d)
[DEBUG] Prepare @ 0x11d4ada: s18=-11868.5 s4=-1
[JNI] CallStaticBooleanMethodV(mid=0x13170001) -> 1
[DEBUG] Prepare @ 0x11d4a8a: s0=-0.987922 (0xbf7ce87d)
[DEBUG] Prepare @ 0x11d4ada: s18=-11868.5 s4=-1
[JNI] CallStaticBooleanMethodV(mid=0x13170001) -> 1
[DEBUG] Prepare @ 0x11d4a8a: s0=-0.987922 (0xbf7ce87d)
[DEBUG] Prepare @ 0x11d4ada: s18=-11868.5 s4=-1
[JNI] CallStaticBooleanMethodV(mid=0x13170001) -> 1
[DEBUG] Prepare @ 0x11d4a8a: s0=-0.987922 (0xbf7ce87d)
[DEBUG] Prepare @ 0x11d4ada: s18=-11868.5 s4=-1
[JNI] CallStaticBooleanMethodV(mid=0x13170001) -> 1
[DEBUG] Prepare @ 0x11d4a8a: s0=-0.987922 (0xbf7ce87d)
[DEBUG] Prepare @ 0x11d4ada: s18=-11868.5 s4=-1
[JNI] CallStaticBooleanMethodV(mid=0x13170001) -> 1
[DEBUG] Prepare @ 0x11d4a8a: s0=-0.987922 (0xbf7ce87d)
[DEBUG] Prepare @ 0x11d4ada: s18=-11868.5 s4=-1
[JNI] CallStaticBooleanMethodV(mid=0x13170001) -> 1
[DEBUG] Prepare @ 0x11d4a8a: s0=-0.987922 (0xbf7ce87d)
[DEBUG] Prepare @ 0x11d4ada: s18=-11868.5 s4=-1
[JNI] CallStaticBooleanMethodV(mid=0x13170001) -> 1
[DEBUG] Prepare @ 0x11d4a8a: s0=-0.987922 (0xbf7ce87d)
[DEBUG] Prepare @ 0x11d4ada: s18=-11868.5 s4=-1
[JNI] CallStaticBooleanMethodV(mid=0x13170001) -> 1
[DEBUG] Prepare @ 0x11d4a8a: s0=-0.987922 (0xbf7ce87d)
[DEBUG] Prepare @ 0x11d4ada: s18=-11868.5 s4=-1
[JNI] CallStaticBooleanMethodV(mid=0x13170001) -> 1
[DEBUG] Prepare @ 0x11d4a8a: s0=-0.987922 (0xbf7ce87d)
[DEBUG] Prepare @ 0x11d4ada: s18=-11868.5 s4=-1
[JNI] CallStaticBooleanMethodV(mid=0x13170001) -> 1
[DEBUG] Prepare @ 0x11d4a8a: s0=-0.987922 (0xbf7ce87d)
[DEBUG] Prepare @ 0x11d4ada: s18=-11868.5 s4=-1
[JNI] CallStaticBooleanMethodV(mid=0x13170001) -> 1
[DEBUG] Prepare @ 0x11d4a8a: s0=-0.987922 (0xbf7ce87d)
[DEBUG] Prepare @ 0x11d4ada: s18=-11868.5 s4=-1
[JNI] CallStaticBooleanMethodV(mid=0x13170001) -> 1
[DEBUG] Prepare @ 0x11d4a8a: s0=-0.987922 (0xbf7ce87d)
[DEBUG] Prepare @ 0x11d4ada: s18=-11868.5 s4=-1
[JNI] CallStaticBooleanMethodV(mid=0x13170001) -> 1
[DEBUG] Prepare @ 0x11d4a8a: s0=-0.987922 (0xbf7ce87d)
[DEBUG] Prepare @ 0x11d4ada: s18=-11868.5 s4=-1
[JNI] CallStaticBooleanMethodV(mid=0x13170001) -> 1
[DEBUG] Prepare @ 0x11d4a8a: s0=-0.987922 (0xbf7ce87d)
[DEBUG] Prepare @ 0x11d4ada: s18=-11868.5 s4=-1
[JNI] CallStaticBooleanMethodV(mid=0x13170001) -> 1
[DEBUG] Prepare @ 0x11d4a8a: s0=-0.987922 (0xbf7ce87d)
[DEBUG] Prepare @ 0x11d4ada: s18=-11868.5 s4=-1
[JNI] CallStaticBooleanMethodV(mid=0x13170001) -> 1
[DEBUG] Prepare @ 0x11d4a8a: s0=-0.987922 (0xbf7ce87d)
[DEBUG] Prepare @ 0x11d4ada: s18=-11868.5 s4=-1
[JNI] CallStaticBooleanMethodV(mid=0x13170001) -> 1
[DEBUG] Prepare @ 0x11d4a8a: s0=-0.987922 (0xbf7ce87d)
[DEBUG] Prepare @ 0x11d4ada: s18=-11868.5 s4=-1
[JNI] CallStaticBooleanMethodV(mid=0x13170001) -> 1
[DEBUG] Prepare @ 0x11d4a8a: s0=-0.987922 (0xbf7ce87d)
[DEBUG] Prepare @ 0x11d4ada: s18=-11868.5 s4=-1
[JNI] CallStaticBooleanMethodV(mid=0x13170001) -> 1
[DEBUG] Prepare @ 0x11d4a8a: s0=-0.987922 (0xbf7ce87d)
[DEBUG] Prepare @ 0x11d4ada: s18=-11868.5 s4=-1
[JNI] CallStaticBooleanMethodV(mid=0x13170001) -> 1
[DEBUG] Prepare @ 0x11d4a8a: s0=-0.987922 (0xbf7ce87d)
[DEBUG] Prepare @ 0x11d4ada: s18=-11868.5 s4=-1
[JNI] CallStaticBooleanMethodV(mid=0x13170001) -> 1
[DEBUG] Prepare @ 0x11d4a8a: s0=-0.987922 (0xbf7ce87d)
[DEBUG] Prepare @ 0x11d4ada: s18=-11868.5 s4=-1
[JNI] CallStaticBooleanMethodV(mid=0x13170001) -> 1
[DEBUG] Prepare @ 0x11d4a8a: s0=-0.987922 (0xbf7ce87d)
[DEBUG] Prepare @ 0x11d4ada: s18=-11868.5 s4=-1
[JNI] CallStaticBooleanMethodV(mid=0x13170001) -> 1
[DEBUG] Prepare @ 0x11d4a8a: s0=-0.987922 (0xbf7ce87d)
[DEBUG] Prepare @ 0x11d4ada: s18=-11868.5 s4=-1
[JNI] CallStaticBooleanMethodV(mid=0x13170001) -> 1
[DEBUG] Prepare @ 0x11d4a8a: s0=-0.987922 (0xbf7ce87d)
[DEBUG] Prepare @ 0x11d4ada: s18=-11868.5 s4=-1
[JNI] CallStaticBooleanMethodV(mid=0x13170001) -> 1
[DEBUG] Prepare @ 0x11d4a8a: s0=-0.987922 (0xbf7ce87d)
[DEBUG] Prepare @ 0x11d4ada: s18=-11868.5 s4=-1
[JNI] CallStaticBooleanMethodV(mid=0x13170001) -> 1
[DEBUG] Prepare @ 0x11d4a8a: s0=-0.987922 (0xbf7ce87d)
[DEBUG] Prepare @ 0x11d4ada: s18=-11868.5 s4=-1
[JNI] CallStaticBooleanMethodV(mid=0x13170001) -> 1
[DEBUG] Prepare @ 0x11d4a8a: s0=-0.987922 (0xbf7ce87d)
[DEBUG] Prepare @ 0x11d4ada: s18=-11868.5 s4=-1
[JNI] CallStaticBooleanMethodV(mid=0x13170001) -> 1
[DEBUG] Prepare @ 0x11d4a8a: s0=-0.987922 (0xbf7ce87d)
[DEBUG] Prepare @ 0x11d4ada: s18=-11868.5 s4=-1
[JNI] CallStaticBooleanMethodV(mid=0x13170001) -> 1
[DEBUG] Prepare @ 0x11d4a8a: s0=-0.987922 (0xbf7ce87d)
[DEBUG] Prepare @ 0x11d4ada: s18=-11868.5 s4=-1
[JNI] CallStaticBooleanMethodV(mid=0x13170001) -> 1
[DEBUG] Prepare @ 0x11d4a8a: s0=-0.987922 (0xbf7ce87d)
[DEBUG] Prepare @ 0x11d4ada: s18=-11868.5 s4=-1
[JNI] CallStaticBooleanMethodV(mid=0x13170001) -> 1
[DEBUG] Prepare @ 0x11d4a8a: s0=-0.987922 (0xbf7ce87d)
[DEBUG] Prepare @ 0x11d4ada: s18=-11868.5 s4=-1
[JNI] CallStaticBooleanMethodV(mid=0x13170001) -> 1
[DEBUG] Prepare @ 0x11d4a8a: s0=-0.987922 (0xbf7ce87d)
[DEBUG] Prepare @ 0x11d4ada: s18=-11868.5 s4=-1
[JNI] CallStaticBooleanMethodV(mid=0x13170001) -> 1
[DEBUG] Prepare @ 0x11d4a8a: s0=-0.987922 (0xbf7ce87d)
[DEBUG] Prepare @ 0x11d4ada: s18=-11868.5 s4=-1
[JNI] CallStaticBooleanMethodV(mid=0x13170001) -> 1
[DEBUG] Prepare @ 0x11d4a8a: s0=-0.987922 (0xbf7ce87d)
[DEBUG] Prepare @ 0x11d4ada: s18=-11868.5 s4=-1
[JNI] CallStaticBooleanMethodV(mid=0x13170001) -> 1
[DEBUG] Prepare @ 0x11d4a8a: s0=-0.987922 (0xbf7ce87d)
[DEBUG] Prepare @ 0x11d4ada: s18=-11868.5 s4=-1
[JNI] CallStaticBooleanMethodV(mid=0x13170001) -> 1
[DEBUG] Prepare @ 0x11d4a8a: s0=-0.987922 (0xbf7ce87d)
[DEBUG] Prepare @ 0x11d4ada: s18=-11868.5 s4=-1
[JNI] CallStaticBooleanMethodV(mid=0x13170001) -> 1
[DEBUG] Prepare @ 0x11d4a8a: s0=-0.987922 (0xbf7ce87d)
[DEBUG] Prepare @ 0x11d4ada: s18=-11868.5 s4=-1
[JNI] CallStaticBooleanMethodV(mid=0x13170001) -> 1
[DEBUG] Prepare @ 0x11d4a8a: s0=-0.987922 (0xbf7ce87d)
[DEBUG] Prepare @ 0x11d4ada: s18=-11868.5 s4=-1
[JNI] CallStaticBooleanMethodV(mid=0x13170001) -> 1
[DEBUG] Prepare @ 0x11d4a8a: s0=-0.987922 (0xbf7ce87d)
[DEBUG] Prepare @ 0x11d4ada: s18=-11868.5 s4=-1
[JNI] CallStaticBooleanMethodV(mid=0x13170001) -> 1
[DEBUG] Prepare @ 0x11d4a8a: s0=-0.987922 (0xbf7ce87d)
[DEBUG] Prepare @ 0x11d4ada: s18=-11868.5 s4=-1
[JNI] CallStaticBooleanMethodV(mid=0x13170001) -> 1
[DEBUG] Prepare @ 0x11d4a8a: s0=-0.987922 (0xbf7ce87d)
[DEBUG] Prepare @ 0x11d4ada: s18=-11868.5 s4=-1
[JNI] CallStaticBooleanMethodV(mid=0x13170001) -> 1
[DEBUG] Prepare @ 0x11d4a8a: s0=-0.987922 (0xbf7ce87d)
[DEBUG] Prepare @ 0x11d4ada: s18=-11868.5 s4=-1
[JNI] CallStaticBooleanMethodV(mid=0x13170001) -> 1
[DEBUG] Prepare @ 0x11d4a8a: s0=-0.987922 (0xbf7ce87d)
[DEBUG] Prepare @ 0x11d4ada: s18=-11868.5 s4=-1
[JNI] CallStaticBooleanMethodV(mid=0x13170001) -> 1
[DEBUG] Prepare @ 0x11d4a8a: s0=-0.987922 (0xbf7ce87d)
[DEBUG] Prepare @ 0x11d4ada: s18=-11868.5 s4=-1
[JNI] CallStaticBooleanMethodV(mid=0x13170001) -> 1
[DEBUG] Prepare @ 0x11d4a8a: s0=-0.987922 (0xbf7ce87d)
[DEBUG] Prepare @ 0x11d4ada: s18=-11868.5 s4=-1
[JNI] CallStaticBooleanMethodV(mid=0x13170001) -> 1
[DEBUG] Prepare @ 0x11d4a8a: s0=-0.987922 (0xbf7ce87d)
[DEBUG] Prepare @ 0x11d4ada: s18=-11868.5 s4=-1
[JNI] CallStaticBooleanMethodV(mid=0x13170001) -> 1
[DEBUG] Prepare @ 0x11d4a8a: s0=-0.987922 (0xbf7ce87d)
[DEBUG] Prepare @ 0x11d4ada: s18=-11868.5 s4=-1
[JNI] CallStaticBooleanMethodV(mid=0x13170001) -> 1
[DEBUG] Prepare @ 0x11d4a8a: s0=-0.987922 (0xbf7ce87d)
[DEBUG] Prepare @ 0x11d4ada: s18=-11868.5 s4=-1
[JNI] CallStaticBooleanMethodV(mid=0x13170001) -> 1
[DEBUG] Prepare @ 0x11d4a8a: s0=-0.987922 (0xbf7ce87d)
[DEBUG] Prepare @ 0x11d4ada: s18=-11868.5 s4=-1
[JNI] CallStaticBooleanMethodV(mid=0x13170001) -> 1
[DEBUG] Prepare @ 0x11d4a8a: s0=-0.987922 (0xbf7ce87d)
[DEBUG] Prepare @ 0x11d4ada: s18=-11868.5 s4=-1
[JNI] CallStaticBooleanMethodV(mid=0x13170001) -> 1
[DEBUG] Prepare @ 0x11d4a8a: s0=-0.987922 (0xbf7ce87d)
[DEBUG] Prepare @ 0x11d4ada: s18=-11868.5 s4=-1
[JNI] CallStaticBooleanMethodV(mid=0x13170001) -> 1
[DEBUG] Prepare @ 0x11d4a8a: s0=-0.987922 (0xbf7ce87d)
[DEBUG] Prepare @ 0x11d4ada: s18=-11868.5 s4=-1
[JNI] CallStaticBooleanMethodV(mid=0x13170001) -> 1
[DEBUG] Prepare @ 0x11d4a8a: s0=-0.987922 (0xbf7ce87d)
[DEBUG] Prepare @ 0x11d4ada: s18=-11868.5 s4=-1
[JNI] CallStaticBooleanMethodV(mid=0x13170001) -> 1
[DEBUG] Prepare @ 0x11d4a8a: s0=-0.987922 (0xbf7ce87d)
[DEBUG] Prepare @ 0x11d4ada: s18=-11868.5 s4=-1
[JNI] CallStaticBooleanMethodV(mid=0x13170001) -> 1
[DEBUG] Prepare @ 0x11d4a8a: s0=-0.987922 (0xbf7ce87d)
[DEBUG] Prepare @ 0x11d4ada: s18=-11868.5 s4=-1
[JNI] CallStaticBooleanMethodV(mid=0x13170001) -> 1
[DEBUG] Prepare @ 0x11d4a8a: s0=-0.987922 (0xbf7ce87d)
[DEBUG] Prepare @ 0x11d4ada: s18=-11868.5 s4=-1
[JNI] CallStaticBooleanMethodV(mid=0x13170001) -> 1
[DEBUG] Prepare @ 0x11d4a8a: s0=-0.987922 (0xbf7ce87d)
[DEBUG] Prepare @ 0x11d4ada: s18=-11868.5 s4=-1
[JNI] CallStaticBooleanMethodV(mid=0x13170001) -> 1
[DEBUG] Prepare @ 0x11d4a8a: s0=-0.987922 (0xbf7ce87d)
[DEBUG] Prepare @ 0x11d4ada: s18=-11868.5 s4=-1
[JNI] CallStaticBooleanMethodV(mid=0x13170001) -> 1
[DEBUG] Prepare @ 0x11d4a8a: s0=-0.987922 (0xbf7ce87d)
[DEBUG] Prepare @ 0x11d4ada: s18=-11868.5 s4=-1
[JNI] CallStaticBooleanMethodV(mid=0x13170001) -> 1
[DEBUG] Prepare @ 0x11d4a8a: s0=-0.987922 (0xbf7ce87d)
[DEBUG] Prepare @ 0x11d4ada: s18=-11868.5 s4=-1
[JNI] CallStaticBooleanMethodV(mid=0x13170001) -> 1
[DEBUG] Prepare @ 0x11d4a8a: s0=-0.987922 (0xbf7ce87d)
[DEBUG] Prepare @ 0x11d4ada: s18=-11868.5 s4=-1
[JNI] CallStaticBooleanMethodV(mid=0x13170001) -> 1
[DEBUG] Prepare @ 0x11d4a8a: s0=-0.987922 (0xbf7ce87d)
[DEBUG] Prepare @ 0x11d4ada: s18=-11868.5 s4=-1
[JNI] CallStaticBooleanMethodV(mid=0x13170001) -> 1
[DEBUG] Prepare @ 0x11d4a8a: s0=-0.987922 (0xbf7ce87d)
[DEBUG] Prepare @ 0x11d4ada: s18=-11868.5 s4=-1
[JNI] CallStaticBooleanMethodV(mid=0x13170001) -> 1
[DEBUG] Prepare @ 0x11d4a8a: s0=-0.987922 (0xbf7ce87d)
[DEBUG] Prepare @ 0x11d4ada: s18=-11868.5 s4=-1
[JNI] CallStaticBooleanMethodV(mid=0x13170001) -> 1
[DEBUG] Prepare @ 0x11d4a8a: s0=-0.987922 (0xbf7ce87d)
[DEBUG] Prepare @ 0x11d4ada: s18=-11868.5 s4=-1
[JNI] CallStaticBooleanMethodV(mid=0x13170001) -> 1
[DEBUG] Prepare @ 0x11d4a8a: s0=-0.987922 (0xbf7ce87d)
[DEBUG] Prepare @ 0x11d4ada: s18=-11868.5 s4=-1
[JNI] CallStaticBooleanMethodV(mid=0x13170001) -> 1
[DEBUG] Prepare @ 0x11d4a8a: s0=-0.987922 (0xbf7ce87d)
[DEBUG] Prepare @ 0x11d4ada: s18=-11868.5 s4=-1
[JNI] CallStaticBooleanMethodV(mid=0x13170001) -> 1
[DEBUG] Prepare @ 0x11d4a8a: s0=-0.987922 (0xbf7ce87d)
[DEBUG] Prepare @ 0x11d4ada: s18=-11868.5 s4=-1
[JNI] CallStaticBooleanMethodV(mid=0x13170001) -> 1
[DEBUG] Prepare @ 0x11d4a8a: s0=-0.987922 (0xbf7ce87d)
[DEBUG] Prepare @ 0x11d4ada: s18=-11868.5 s4=-1
[JNI] CallStaticBooleanMethodV(mid=0x13170001) -> 1
[DEBUG] Prepare @ 0x11d4a8a: s0=-0.987922 (0xbf7ce87d)
[DEBUG] Prepare @ 0x11d4ada: s18=-11868.5 s4=-1
[JNI] CallStaticBooleanMethodV(mid=0x13170001) -> 1
[DEBUG] Prepare @ 0x11d4a8a: s0=-0.987922 (0xbf7ce87d)
[DEBUG] Prepare @ 0x11d4ada: s18=-11868.5 s4=-1
[JNI] CallStaticBooleanMethodV(mid=0x13170001) -> 1
[DEBUG] Prepare @ 0x11d4a8a: s0=-0.987922 (0xbf7ce87d)
[DEBUG] Prepare @ 0x11d4ada: s18=-11868.5 s4=-1
[JNI] CallStaticBooleanMethodV(mid=0x13170001) -> 1
[DEBUG] Prepare @ 0x11d4a8a: s0=-0.987922 (0xbf7ce87d)
[DEBUG] Prepare @ 0x11d4ada: s18=-11868.5 s4=-1
[JNI] CallStaticBooleanMethodV(mid=0x13170001) -> 1
[DEBUG] Prepare @ 0x11d4a8a: s0=-0.987922 (0xbf7ce87d)
[DEBUG] Prepare @ 0x11d4ada: s18=-11868.5 s4=-1
[JNI] CallStaticBooleanMethodV(mid=0x13170001) -> 1
[DEBUG] Prepare @ 0x11d4a8a: s0=-0.987922 (0xbf7ce87d)
[DEBUG] Prepare @ 0x11d4ada: s18=-11868.5 s4=-1
[JNI] CallStaticBooleanMethodV(mid=0x13170001) -> 1
[DEBUG] Prepare @ 0x11d4a8a: s0=-0.987922 (0xbf7ce87d)
[DEBUG] Prepare @ 0x11d4ada: s18=-11868.5 s4=-1
[JNI] CallStaticBooleanMethodV(mid=0x13170001) -> 1
[DEBUG] Prepare @ 0x11d4a8a: s0=-0.987922 (0xbf7ce87d)
[DEBUG] Prepare @ 0x11d4ada: s18=-11868.5 s4=-1
[JNI] CallStaticBooleanMethodV(mid=0x13170001) -> 1
[DEBUG] Prepare @ 0x11d4a8a: s0=-0.987922 (0xbf7ce87d)
[DEBUG] Prepare @ 0x11d4ada: s18=-11868.5 s4=-1
[JNI] CallStaticBooleanMethodV(mid=0x13170001) -> 1
[DEBUG] Prepare @ 0x11d4a8a: s0=-0.987922 (0xbf7ce87d)
[DEBUG] Prepare @ 0x11d4ada: s18=-11868.5 s4=-1
[JNI] CallStaticBooleanMethodV(mid=0x13170001) -> 1
[DEBUG] Prepare @ 0x11d4a8a: s0=-0.987922 (0xbf7ce87d)
[DEBUG] Prepare @ 0x11d4ada: s18=-11868.5 s4=-1
[JNI] CallStaticBooleanMethodV(mid=0x13170001) -> 1
[DEBUG] Prepare @ 0x11d4a8a: s0=-0.987922 (0xbf7ce87d)
[DEBUG] Prepare @ 0x11d4ada: s18=-11868.5 s4=-1
[JNI] CallStaticBooleanMethodV(mid=0x13170001) -> 1
[DEBUG] Prepare @ 0x11d4a8a: s0=-0.987922 (0xbf7ce87d)
[DEBUG] Prepare @ 0x11d4ada: s18=-11868.5 s4=-1
[JNI] CallStaticBooleanMethodV(mid=0x13170001) -> 1
[DEBUG] Prepare @ 0x11d4a8a: s0=-0.987922 (0xbf7ce87d)
[DEBUG] Prepare @ 0x11d4ada: s18=-11868.5 s4=-1
[JNI] CallStaticBooleanMethodV(mid=0x13170001) -> 1
[DEBUG] Prepare @ 0x11d4a8a: s0=-0.987922 (0xbf7ce87d)
[DEBUG] Prepare @ 0x11d4ada: s18=-11868.5 s4=-1
[JNI] CallStaticBooleanMethodV(mid=0x13170001) -> 1
[DEBUG] Prepare @ 0x11d4a8a: s0=-0.987922 (0xbf7ce87d)
[DEBUG] Prepare @ 0x11d4ada: s18=-11868.5 s4=-1
[JNI] CallStaticBooleanMethodV(mid=0x13170001) -> 1
[DEBUG] Prepare @ 0x11d4a8a: s0=-0.987922 (0xbf7ce87d)
[DEBUG] Prepare @ 0x11d4ada: s18=-11868.5 s4=-1
[JNI] CallStaticBooleanMethodV(mid=0x13170001) -> 1
[DEBUG] Prepare @ 0x11d4a8a: s0=-0.987922 (0xbf7ce87d)
[DEBUG] Prepare @ 0x11d4ada: s18=-11868.5 s4=-1
[JNI] CallStaticBooleanMethodV(mid=0x13170001) -> 1
[DEBUG] Prepare @ 0x11d4a8a: s0=-0.987922 (0xbf7ce87d)
[DEBUG] Prepare @ 0x11d4ada: s18=-11868.5 s4=-1
[JNI] CallStaticBooleanMethodV(mid=0x13170001) -> 1
[DEBUG] Prepare @ 0x11d4a8a: s0=-0.987922 (0xbf7ce87d)
[DEBUG] Prepare @ 0x11d4ada: s18=-11868.5 s4=-1
[JNI] CallStaticBooleanMethodV(mid=0x13170001) -> 1
[DEBUG] Prepare @ 0x11d4a8a: s0=-0.987922 (0xbf7ce87d)
[DEBUG] Prepare @ 0x11d4ada: s18=-11868.5 s4=-1
[JNI] CallStaticBooleanMethodV(mid=0x13170001) -> 1
[DEBUG] Prepare @ 0x11d4a8a: s0=-0.987922 (0xbf7ce87d)
[DEBUG] Prepare @ 0x11d4ada: s18=-11868.5 s4=-1
[JNI] CallStaticBooleanMethodV(mid=0x13170001) -> 1
[DEBUG] Prepare @ 0x11d4a8a: s0=-0.987922 (0xbf7ce87d)
[DEBUG] Prepare @ 0x11d4ada: s18=-11868.5 s4=-1
[JNI] CallStaticBooleanMethodV(mid=0x13170001) -> 1
[DEBUG] Prepare @ 0x11d4a8a: s0=-0.987922 (0xbf7ce87d)
[DEBUG] Prepare @ 0x11d4ada: s18=-11868.5 s4=-1
[JNI] CallStaticBooleanMethodV(mid=0x13170001) -> 1
[DEBUG] Prepare @ 0x11d4a8a: s0=-0.987922 (0xbf7ce87d)
[DEBUG] Prepare @ 0x11d4ada: s18=-11868.5 s4=-1
[JNI] CallStaticBooleanMethodV(mid=0x13170001) -> 1
[DEBUG] Prepare @ 0x11d4a8a: s0=-0.987922 (0xbf7ce87d)
[DEBUG] Prepare @ 0x11d4ada: s18=-11868.5 s4=-1
[JNI] CallStaticBooleanMethodV(mid=0x13170001) -> 1
[DEBUG] Prepare @ 0x11d4a8a: s0=-0.987922 (0xbf7ce87d)
[DEBUG] Prepare @ 0x11d4ada: s18=-11868.5 s4=-1
[JNI] CallStaticBooleanMethodV(mid=0x13170001) -> 1
[DEBUG] Prepare @ 0x11d4a8a: s0=-0.987922 (0xbf7ce87d)
[DEBUG] Prepare @ 0x11d4ada: s18=-11868.5 s4=-1
[JNI] CallStaticBooleanMethodV(mid=0x13170001) -> 1
[DEBUG] Prepare @ 0x11d4a8a: s0=-0.987922 (0xbf7ce87d)
[DEBUG] Prepare @ 0x11d4ada: s18=-11868.5 s4=-1
[JNI] CallStaticBooleanMethodV(mid=0x13170001) -> 1
[DEBUG] Prepare @ 0x11d4a8a: s0=-0.987922 (0xbf7ce87d)
[DEBUG] Prepare @ 0x11d4ada: s18=-11868.5 s4=-1
[Frame 700] draws=96 verts=16313 tex_binds=40 tex_uploads=0 vtx_calls=96 texc_calls=93 matrix=193 state=684
[JNI] CallStaticBooleanMethodV(mid=0x13170001) -> 1
[DEBUG] Prepare @ 0x11d4a8a: s0=-0.987922 (0xbf7ce87d)
[DEBUG] Prepare @ 0x11d4ada: s18=-11868.5 s4=-1
[JNI] CallStaticBooleanMethodV(mid=0x13170001) -> 1
[DEBUG] Prepare @ 0x11d4a8a: s0=-0.987922 (0xbf7ce87d)
[DEBUG] Prepare @ 0x11d4ada: s18=-11868.5 s4=-1
[JNI] CallStaticBooleanMethodV(mid=0x13170001) -> 1
[DEBUG] Prepare @ 0x11d4a8a: s0=-0.987922 (0xbf7ce87d)
[DEBUG] Prepare @ 0x11d4ada: s18=-11868.5 s4=-1
[JNI] CallStaticBooleanMethodV(mid=0x13170001) -> 1
[DEBUG] Prepare @ 0x11d4a8a: s0=-0.987922 (0xbf7ce87d)
[DEBUG] Prepare @ 0x11d4ada: s18=-11868.5 s4=-1
[JNI] CallStaticBooleanMethodV(mid=0x13170001) -> 1
[DEBUG] Prepare @ 0x11d4a8a: s0=-0.987922 (0xbf7ce87d)
[DEBUG] Prepare @ 0x11d4ada: s18=-11868.5 s4=-1
[JNI] CallStaticBooleanMethodV(mid=0x13170001) -> 1
[DEBUG] Prepare @ 0x11d4a8a: s0=-0.987922 (0xbf7ce87d)
[DEBUG] Prepare @ 0x11d4ada: s18=-11868.5 s4=-1
[JNI] CallStaticBooleanMethodV(mid=0x13170001) -> 1
[DEBUG] Prepare @ 0x11d4a8a: s0=-0.987922 (0xbf7ce87d)
[DEBUG] Prepare @ 0x11d4ada: s18=-11868.5 s4=-1
[JNI] CallStaticBooleanMethodV(mid=0x13170001) -> 1
[DEBUG] Prepare @ 0x11d4a8a: s0=-0.987922 (0xbf7ce87d)
[DEBUG] Prepare @ 0x11d4ada: s18=-11868.5 s4=-1
[JNI] CallStaticBooleanMethodV(mid=0x13170001) -> 1
[DEBUG] Prepare @ 0x11d4a8a: s0=-0.987922 (0xbf7ce87d)
[DEBUG] Prepare @ 0x11d4ada: s18=-11868.5 s4=-1
[JNI] CallStaticBooleanMethodV(mid=0x13170001) -> 1
[DEBUG] Prepare @ 0x11d4a8a: s0=-0.987922 (0xbf7ce87d)
[DEBUG] Prepare @ 0x11d4ada: s18=-11868.5 s4=-1
[JNI] CallStaticBooleanMethodV(mid=0x13170001) -> 1
[DEBUG] Prepare @ 0x11d4a8a: s0=-0.987922 (0xbf7ce87d)
[DEBUG] Prepare @ 0x11d4ada: s18=-11868.5 s4=-1
[JNI] CallStaticBooleanMethodV(mid=0x13170001) -> 1
[DEBUG] Prepare @ 0x11d4a8a: s0=-0.987922 (0xbf7ce87d)
[DEBUG] Prepare @ 0x11d4ada: s18=-11868.5 s4=-1
[JNI] CallStaticBooleanMethodV(mid=0x13170001) -> 1
[DEBUG] Prepare @ 0x11d4a8a: s0=-0.987922 (0xbf7ce87d)
[DEBUG] Prepare @ 0x11d4ada: s18=-11868.5 s4=-1
[JNI] CallStaticBooleanMethodV(mid=0x13170001) -> 1
[DEBUG] Prepare @ 0x11d4a8a: s0=-0.987922 (0xbf7ce87d)
[DEBUG] Prepare @ 0x11d4ada: s18=-11868.5 s4=-1
[JNI] CallStaticBooleanMethodV(mid=0x13170001) -> 1
[DEBUG] Prepare @ 0x11d4a8a: s0=-0.987922 (0xbf7ce87d)
[DEBUG] Prepare @ 0x11d4ada: s18=-11868.5 s4=-1
[JNI] CallStaticBooleanMethodV(mid=0x13170001) -> 1
[DEBUG] Prepare @ 0x11d4a8a: s0=-0.987922 (0xbf7ce87d)
[DEBUG] Prepare @ 0x11d4ada: s18=-11868.5 s4=-1
[JNI] CallStaticBooleanMethodV(mid=0x13170001) -> 1
[DEBUG] Prepare @ 0x11d4a8a: s0=-0.987922 (0xbf7ce87d)
[DEBUG] Prepare @ 0x11d4ada: s18=-11868.5 s4=-1
[JNI] CallStaticBooleanMethodV(mid=0x13170001) -> 1
[DEBUG] Prepare @ 0x11d4a8a: s0=-0.987922 (0xbf7ce87d)
[DEBUG] Prepare @ 0x11d4ada: s18=-11868.5 s4=-1
[JNI] CallStaticBooleanMethodV(mid=0x13170001) -> 1
[DEBUG] Prepare @ 0x11d4a8a: s0=-0.987922 (0xbf7ce87d)
[DEBUG] Prepare @ 0x11d4ada: s18=-11868.5 s4=-1
[JNI] CallStaticBooleanMethodV(mid=0x13170001) -> 1
[DEBUG] Prepare @ 0x11d4a8a: s0=-0.987922 (0xbf7ce87d)
[DEBUG] Prepare @ 0x11d4ada: s18=-11868.5 s4=-1
[JNI] CallStaticBooleanMethodV(mid=0x13170001) -> 1
[DEBUG] Prepare @ 0x11d4a8a: s0=-0.987922 (0xbf7ce87d)
[DEBUG] Prepare @ 0x11d4ada: s18=-11868.5 s4=-1
[JNI] CallStaticBooleanMethodV(mid=0x13170001) -> 1
[DEBUG] Prepare @ 0x11d4a8a: s0=-0.987922 (0xbf7ce87d)
[DEBUG] Prepare @ 0x11d4ada: s18=-11868.5 s4=-1
[JNI] CallStaticBooleanMethodV(mid=0x13170001) -> 1
[DEBUG] Prepare @ 0x11d4a8a: s0=-0.987922 (0xbf7ce87d)
[DEBUG] Prepare @ 0x11d4ada: s18=-11868.5 s4=-1
[JNI] CallStaticBooleanMethodV(mid=0x13170001) -> 1
[DEBUG] Prepare @ 0x11d4a8a: s0=-0.987922 (0xbf7ce87d)
[DEBUG] Prepare @ 0x11d4ada: s18=-11868.5 s4=-1
[JNI] CallStaticBooleanMethodV(mid=0x13170001) -> 1
[DEBUG] Prepare @ 0x11d4a8a: s0=-0.987922 (0xbf7ce87d)
[DEBUG] Prepare @ 0x11d4ada: s18=-11868.5 s4=-1
[JNI] CallStaticBooleanMethodV(mid=0x13170001) -> 1
[DEBUG] Prepare @ 0x11d4a8a: s0=-0.987922 (0xbf7ce87d)
[DEBUG] Prepare @ 0x11d4ada: s18=-11868.5 s4=-1
[JNI] CallStaticBooleanMethodV(mid=0x13170001) -> 1
[DEBUG] Prepare @ 0x11d4a8a: s0=-0.987922 (0xbf7ce87d)
[DEBUG] Prepare @ 0x11d4ada: s18=-11868.5 s4=-1
[JNI] CallStaticBooleanMethodV(mid=0x13170001) -> 1
[DEBUG] Prepare @ 0x11d4a8a: s0=-0.987922 (0xbf7ce87d)
[DEBUG] Prepare @ 0x11d4ada: s18=-11868.5 s4=-1
[JNI] CallStaticBooleanMethodV(mid=0x13170001) -> 1
[DEBUG] Prepare @ 0x11d4a8a: s0=-0.987922 (0xbf7ce87d)
[DEBUG] Prepare @ 0x11d4ada: s18=-11868.5 s4=-1
[JNI] CallStaticBooleanMethodV(mid=0x13170001) -> 1
[DEBUG] Prepare @ 0x11d4a8a: s0=-0.987922 (0xbf7ce87d)
[DEBUG] Prepare @ 0x11d4ada: s18=-11868.5 s4=-1
[JNI] CallStaticBooleanMethodV(mid=0x13170001) -> 1
[DEBUG] Prepare @ 0x11d4a8a: s0=-0.987922 (0xbf7ce87d)
[DEBUG] Prepare @ 0x11d4ada: s18=-11868.5 s4=-1
[JNI] CallStaticBooleanMethodV(mid=0x13170001) -> 1
[DEBUG] Prepare @ 0x11d4a8a: s0=-0.987922 (0xbf7ce87d)
[DEBUG] Prepare @ 0x11d4ada: s18=-11868.5 s4=-1
[JNI] CallStaticBooleanMethodV(mid=0x13170001) -> 1
[DEBUG] Prepare @ 0x11d4a8a: s0=-0.987922 (0xbf7ce87d)
[DEBUG] Prepare @ 0x11d4ada: s18=-11868.5 s4=-1
[JNI] CallStaticBooleanMethodV(mid=0x13170001) -> 1
[DEBUG] Prepare @ 0x11d4a8a: s0=-0.987922 (0xbf7ce87d)
[DEBUG] Prepare @ 0x11d4ada: s18=-11868.5 s4=-1
[JNI] CallStaticBooleanMethodV(mid=0x13170001) -> 1
[DEBUG] Prepare @ 0x11d4a8a: s0=-0.987922 (0xbf7ce87d)
[DEBUG] Prepare @ 0x11d4ada: s18=-11868.5 s4=-1
[JNI] CallStaticBooleanMethodV(mid=0x13170001) -> 1
[DEBUG] Prepare @ 0x11d4a8a: s0=-0.987922 (0xbf7ce87d)
[DEBUG] Prepare @ 0x11d4ada: s18=-11868.5 s4=-1
[JNI] CallStaticBooleanMethodV(mid=0x13170001) -> 1
[DEBUG] Prepare @ 0x11d4a8a: s0=-0.987922 (0xbf7ce87d)
[DEBUG] Prepare @ 0x11d4ada: s18=-11868.5 s4=-1
[JNI] CallStaticBooleanMethodV(mid=0x13170001) -> 1
[DEBUG] Prepare @ 0x11d4a8a: s0=-0.987922 (0xbf7ce87d)
[DEBUG] Prepare @ 0x11d4ada: s18=-11868.5 s4=-1
[JNI] CallStaticBooleanMethodV(mid=0x13170001) -> 1
[DEBUG] Prepare @ 0x11d4a8a: s0=-0.987922 (0xbf7ce87d)
[DEBUG] Prepare @ 0x11d4ada: s18=-11868.5 s4=-1
[JNI] CallStaticBooleanMethodV(mid=0x13170001) -> 1
[DEBUG] Prepare @ 0x11d4a8a: s0=-0.987922 (0xbf7ce87d)
[DEBUG] Prepare @ 0x11d4ada: s18=-11868.5 s4=-1
[JNI] CallStaticBooleanMethodV(mid=0x13170001) -> 1
[DEBUG] Prepare @ 0x11d4a8a: s0=-0.987922 (0xbf7ce87d)
[DEBUG] Prepare @ 0x11d4ada: s18=-11868.5 s4=-1
[JNI] CallStaticBooleanMethodV(mid=0x13170001) -> 1
[DEBUG] Prepare @ 0x11d4a8a: s0=-0.987922 (0xbf7ce87d)
[DEBUG] Prepare @ 0x11d4ada: s18=-11868.5 s4=-1
[JNI] CallStaticBooleanMethodV(mid=0x13170001) -> 1
[DEBUG] Prepare @ 0x11d4a8a: s0=-0.987922 (0xbf7ce87d)
[DEBUG] Prepare @ 0x11d4ada: s18=-11868.5 s4=-1
[JNI] CallStaticBooleanMethodV(mid=0x13170001) -> 1
[DEBUG] Prepare @ 0x11d4a8a: s0=-0.987922 (0xbf7ce87d)
[DEBUG] Prepare @ 0x11d4ada: s18=-11868.5 s4=-1
[JNI] CallStaticBooleanMethodV(mid=0x13170001) -> 1
[DEBUG] Prepare @ 0x11d4a8a: s0=-0.987922 (0xbf7ce87d)
[DEBUG] Prepare @ 0x11d4ada: s18=-11868.5 s4=-1
[JNI] CallStaticBooleanMethodV(mid=0x13170001) -> 1
[DEBUG] Prepare @ 0x11d4a8a: s0=-0.987922 (0xbf7ce87d)
[DEBUG] Prepare @ 0x11d4ada: s18=-11868.5 s4=-1
[JNI] CallStaticBooleanMethodV(mid=0x13170001) -> 1
[DEBUG] Prepare @ 0x11d4a8a: s0=-0.987922 (0xbf7ce87d)
[DEBUG] Prepare @ 0x11d4ada: s18=-11868.5 s4=-1
[JNI] CallStaticBooleanMethodV(mid=0x13170001) -> 1
[DEBUG] Prepare @ 0x11d4a8a: s0=-0.987922 (0xbf7ce87d)
[DEBUG] Prepare @ 0x11d4ada: s18=-11868.5 s4=-1
[JNI] CallStaticBooleanMethodV(mid=0x13170001) -> 1
[DEBUG] Prepare @ 0x11d4a8a: s0=-0.987922 (0xbf7ce87d)
[DEBUG] Prepare @ 0x11d4ada: s18=-11868.5 s4=-1
[JNI] CallStaticBooleanMethodV(mid=0x13170001) -> 1
[DEBUG] Prepare @ 0x11d4a8a: s0=-0.987922 (0xbf7ce87d)
[DEBUG] Prepare @ 0x11d4ada: s18=-11868.5 s4=-1
[JNI] CallStaticBooleanMethodV(mid=0x13170001) -> 1
[DEBUG] Prepare @ 0x11d4a8a: s0=-0.987922 (0xbf7ce87d)
[DEBUG] Prepare @ 0x11d4ada: s18=-11868.5 s4=-1
[JNI] CallStaticBooleanMethodV(mid=0x13170001) -> 1
[DEBUG] Prepare @ 0x11d4a8a: s0=-0.987922 (0xbf7ce87d)
[DEBUG] Prepare @ 0x11d4ada: s18=-11868.5 s4=-1
[JNI] CallStaticBooleanMethodV(mid=0x13170001) -> 1
[DEBUG] Prepare @ 0x11d4a8a: s0=-0.987922 (0xbf7ce87d)
[DEBUG] Prepare @ 0x11d4ada: s18=-11868.5 s4=-1
[JNI] CallStaticBooleanMethodV(mid=0x13170001) -> 1
[DEBUG] Prepare @ 0x11d4a8a: s0=-0.987922 (0xbf7ce87d)
[DEBUG] Prepare @ 0x11d4ada: s18=-11868.5 s4=-1
[JNI] CallStaticBooleanMethodV(mid=0x13170001) -> 1
[DEBUG] Prepare @ 0x11d4a8a: s0=-0.987922 (0xbf7ce87d)
[DEBUG] Prepare @ 0x11d4ada: s18=-11868.5 s4=-1
[JNI] CallStaticBooleanMethodV(mid=0x13170001) -> 1
[DEBUG] Prepare @ 0x11d4a8a: s0=-0.987922 (0xbf7ce87d)
[DEBUG] Prepare @ 0x11d4ada: s18=-11868.5 s4=-1
[JNI] CallStaticBooleanMethodV(mid=0x13170001) -> 1
[DEBUG] Prepare @ 0x11d4a8a: s0=-0.987922 (0xbf7ce87d)
[DEBUG] Prepare @ 0x11d4ada: s18=-11868.5 s4=-1
[JNI] CallStaticBooleanMethodV(mid=0x13170001) -> 1
[DEBUG] Prepare @ 0x11d4a8a: s0=-0.987922 (0xbf7ce87d)
[DEBUG] Prepare @ 0x11d4ada: s18=-11868.5 s4=-1
[JNI] CallStaticBooleanMethodV(mid=0x13170001) -> 1
[DEBUG] Prepare @ 0x11d4a8a: s0=-0.987922 (0xbf7ce87d)
[DEBUG] Prepare @ 0x11d4ada: s18=-11868.5 s4=-1
[JNI] CallStaticBooleanMethodV(mid=0x13170001) -> 1
[DEBUG] Prepare @ 0x11d4a8a: s0=-0.987922 (0xbf7ce87d)
[DEBUG] Prepare @ 0x11d4ada: s18=-11868.5 s4=-1
[JNI] CallStaticBooleanMethodV(mid=0x13170001) -> 1
[DEBUG] Prepare @ 0x11d4a8a: s0=-0.987922 (0xbf7ce87d)
[DEBUG] Prepare @ 0x11d4ada: s18=-11868.5 s4=-1
[JNI] CallStaticBooleanMethodV(mid=0x13170001) -> 1
[DEBUG] Prepare @ 0x11d4a8a: s0=-0.987922 (0xbf7ce87d)
[DEBUG] Prepare @ 0x11d4ada: s18=-11868.5 s4=-1
[JNI] CallStaticBooleanMethodV(mid=0x13170001) -> 1
[DEBUG] Prepare @ 0x11d4a8a: s0=-0.987922 (0xbf7ce87d)
[DEBUG] Prepare @ 0x11d4ada: s18=-11868.5 s4=-1
[JNI] CallStaticBooleanMethodV(mid=0x13170001) -> 1
[DEBUG] Prepare @ 0x11d4a8a: s0=-0.987922 (0xbf7ce87d)
[DEBUG] Prepare @ 0x11d4ada: s18=-11868.5 s4=-1
[JNI] CallStaticBooleanMethodV(mid=0x13170001) -> 1
[DEBUG] Prepare @ 0x11d4a8a: s0=-0.987922 (0xbf7ce87d)
[DEBUG] Prepare @ 0x11d4ada: s18=-11868.5 s4=-1
[JNI] CallStaticBooleanMethodV(mid=0x13170001) -> 1
[DEBUG] Prepare @ 0x11d4a8a: s0=-0.987922 (0xbf7ce87d)
[DEBUG] Prepare @ 0x11d4ada: s18=-11868.5 s4=-1
[JNI] CallStaticBooleanMethodV(mid=0x13170001) -> 1
[DEBUG] Prepare @ 0x11d4a8a: s0=-0.987922 (0xbf7ce87d)
[DEBUG] Prepare @ 0x11d4ada: s18=-11868.5 s4=-1
[JNI] CallStaticBooleanMethodV(mid=0x13170001) -> 1
[DEBUG] Prepare @ 0x11d4a8a: s0=-0.987922 (0xbf7ce87d)
[DEBUG] Prepare @ 0x11d4ada: s18=-11868.5 s4=-1
[JNI] CallStaticBooleanMethodV(mid=0x13170001) -> 1
[DEBUG] Prepare @ 0x11d4a8a: s0=-0.987922 (0xbf7ce87d)
[DEBUG] Prepare @ 0x11d4ada: s18=-11868.5 s4=-1
[JNI] CallStaticBooleanMethodV(mid=0x13170001) -> 1
[DEBUG] Prepare @ 0x11d4a8a: s0=-0.987922 (0xbf7ce87d)
[DEBUG] Prepare @ 0x11d4ada: s18=-11868.5 s4=-1
[JNI] CallStaticBooleanMethodV(mid=0x13170001) -> 1
[DEBUG] Prepare @ 0x11d4a8a: s0=-0.987922 (0xbf7ce87d)
[DEBUG] Prepare @ 0x11d4ada: s18=-11868.5 s4=-1
[JNI] CallStaticBooleanMethodV(mid=0x13170001) -> 1
[DEBUG] Prepare @ 0x11d4a8a: s0=-0.987922 (0xbf7ce87d)
[DEBUG] Prepare @ 0x11d4ada: s18=-11868.5 s4=-1
[JNI] CallStaticBooleanMethodV(mid=0x13170001) -> 1
[DEBUG] Prepare @ 0x11d4a8a: s0=-0.987922 (0xbf7ce87d)
[DEBUG] Prepare @ 0x11d4ada: s18=-11868.5 s4=-1
[JNI] CallStaticBooleanMethodV(mid=0x13170001) -> 1
[DEBUG] Prepare @ 0x11d4a8a: s0=-0.987922 (0xbf7ce87d)
[DEBUG] Prepare @ 0x11d4ada: s18=-11868.5 s4=-1
[JNI] CallStaticBooleanMethodV(mid=0x13170001) -> 1
[DEBUG] Prepare @ 0x11d4a8a: s0=-0.987922 (0xbf7ce87d)
[DEBUG] Prepare @ 0x11d4ada: s18=-11868.5 s4=-1
[JNI] CallStaticBooleanMethodV(mid=0x13170001) -> 1
[DEBUG] Prepare @ 0x11d4a8a: s0=-0.987922 (0xbf7ce87d)
[DEBUG] Prepare @ 0x11d4ada: s18=-11868.5 s4=-1
[JNI] CallStaticBooleanMethodV(mid=0x13170001) -> 1
[DEBUG] Prepare @ 0x11d4a8a: s0=-0.987922 (0xbf7ce87d)
[DEBUG] Prepare @ 0x11d4ada: s18=-11868.5 s4=-1
[JNI] CallStaticBooleanMethodV(mid=0x13170001) -> 1
[DEBUG] Prepare @ 0x11d4a8a: s0=-0.987922 (0xbf7ce87d)
[DEBUG] Prepare @ 0x11d4ada: s18=-11868.5 s4=-1
[JNI] CallStaticBooleanMethodV(mid=0x13170001) -> 1
[DEBUG] Prepare @ 0x11d4a8a: s0=-0.987922 (0xbf7ce87d)
[DEBUG] Prepare @ 0x11d4ada: s18=-11868.5 s4=-1
[JNI] CallStaticBooleanMethodV(mid=0x13170001) -> 1
[DEBUG] Prepare @ 0x11d4a8a: s0=-0.987922 (0xbf7ce87d)
[DEBUG] Prepare @ 0x11d4ada: s18=-11868.5 s4=-1
[JNI] CallStaticBooleanMethodV(mid=0x13170001) -> 1
[DEBUG] Prepare @ 0x11d4a8a: s0=-0.987922 (0xbf7ce87d)
[DEBUG] Prepare @ 0x11d4ada: s18=-11868.5 s4=-1
[JNI] CallStaticBooleanMethodV(mid=0x13170001) -> 1
[DEBUG] Prepare @ 0x11d4a8a: s0=-0.987922 (0xbf7ce87d)
[DEBUG] Prepare @ 0x11d4ada: s18=-11868.5 s4=-1
[JNI] CallStaticBooleanMethodV(mid=0x13170001) -> 1
[DEBUG] Prepare @ 0x11d4a8a: s0=-0.987922 (0xbf7ce87d)
[DEBUG] Prepare @ 0x11d4ada: s18=-11868.5 s4=-1
[JNI] CallStaticBooleanMethodV(mid=0x13170001) -> 1
[DEBUG] Prepare @ 0x11d4a8a: s0=-0.987922 (0xbf7ce87d)
[DEBUG] Prepare @ 0x11d4ada: s18=-11868.5 s4=-1
[JNI] CallStaticBooleanMethodV(mid=0x13170001) -> 1
[DEBUG] Prepare @ 0x11d4a8a: s0=-0.987922 (0xbf7ce87d)
[DEBUG] Prepare @ 0x11d4ada: s18=-11868.5 s4=-1
[JNI] CallStaticBooleanMethodV(mid=0x13170001) -> 1
[DEBUG] Prepare @ 0x11d4a8a: s0=-0.987922 (0xbf7ce87d)
[DEBUG] Prepare @ 0x11d4ada: s18=-11868.5 s4=-1
[JNI] CallStaticBooleanMethodV(mid=0x13170001) -> 1
[DEBUG] Prepare @ 0x11d4a8a: s0=-0.987922 (0xbf7ce87d)
[DEBUG] Prepare @ 0x11d4ada: s18=-11868.5 s4=-1
[JNI] CallStaticBooleanMethodV(mid=0x13170001) -> 1
[DEBUG] Prepare @ 0x11d4a8a: s0=-0.987922 (0xbf7ce87d)
[DEBUG] Prepare @ 0x11d4ada: s18=-11868.5 s4=-1
[JNI] CallStaticBooleanMethodV(mid=0x13170001) -> 1
[DEBUG] Prepare @ 0x11d4a8a: s0=-0.987922 (0xbf7ce87d)
[DEBUG] Prepare @ 0x11d4ada: s18=-11868.5 s4=-1
[JNI] CallStaticBooleanMethodV(mid=0x13170001) -> 1
[DEBUG] Prepare @ 0x11d4a8a: s0=-0.987922 (0xbf7ce87d)
[DEBUG] Prepare @ 0x11d4ada: s18=-11868.5 s4=-1
[JNI] CallStaticBooleanMethodV(mid=0x13170001) -> 1
[DEBUG] Prepare @ 0x11d4a8a: s0=-0.987922 (0xbf7ce87d)
[DEBUG] Prepare @ 0x11d4ada: s18=-11868.5 s4=-1
[JNI] CallStaticBooleanMethodV(mid=0x13170001) -> 1
[DEBUG] Prepare @ 0x11d4a8a: s0=-0.987922 (0xbf7ce87d)
[DEBUG] Prepare @ 0x11d4ada: s18=-11868.5 s4=-1
[JNI] CallStaticBooleanMethodV(mid=0x13170001) -> 1
[DEBUG] Prepare @ 0x11d4a8a: s0=-0.987922 (0xbf7ce87d)
[DEBUG] Prepare @ 0x11d4ada: s18=-11868.5 s4=-1
[JNI] CallStaticBooleanMethodV(mid=0x13170001) -> 1
[DEBUG] Prepare @ 0x11d4a8a: s0=-0.987922 (0xbf7ce87d)
[DEBUG] Prepare @ 0x11d4ada: s18=-11868.5 s4=-1
[JNI] CallStaticBooleanMethodV(mid=0x13170001) -> 1
[DEBUG] Prepare @ 0x11d4a8a: s0=-0.987922 (0xbf7ce87d)
[DEBUG] Prepare @ 0x11d4ada: s18=-11868.5 s4=-1
[JNI] CallStaticBooleanMethodV(mid=0x13170001) -> 1
[DEBUG] Prepare @ 0x11d4a8a: s0=-0.987922 (0xbf7ce87d)
[DEBUG] Prepare @ 0x11d4ada: s18=-11868.5 s4=-1
[JNI] CallStaticBooleanMethodV(mid=0x13170001) -> 1
[DEBUG] Prepare @ 0x11d4a8a: s0=-0.987922 (0xbf7ce87d)
[DEBUG] Prepare @ 0x11d4ada: s18=-11868.5 s4=-1
[JNI] CallStaticBooleanMethodV(mid=0x13170001) -> 1
[DEBUG] Prepare @ 0x11d4a8a: s0=-0.987922 (0xbf7ce87d)
[DEBUG] Prepare @ 0x11d4ada: s18=-11868.5 s4=-1
[JNI] CallStaticBooleanMethodV(mid=0x13170001) -> 1
[DEBUG] Prepare @ 0x11d4a8a: s0=-0.987922 (0xbf7ce87d)
[DEBUG] Prepare @ 0x11d4ada: s18=-11868.5 s4=-1
[JNI] CallStaticBooleanMethodV(mid=0x13170001) -> 1
[DEBUG] Prepare @ 0x11d4a8a: s0=-0.987922 (0xbf7ce87d)
[DEBUG] Prepare @ 0x11d4ada: s18=-11868.5 s4=-1
[Frame 800] draws=96 verts=16313 tex_binds=40 tex_uploads=0 vtx_calls=96 texc_calls=93 matrix=193 state=684
[JNI] CallStaticBooleanMethodV(mid=0x13170001) -> 1
[DEBUG] Prepare @ 0x11d4a8a: s0=-0.987922 (0xbf7ce87d)
[DEBUG] Prepare @ 0x11d4ada: s18=-11868.5 s4=-1
[JNI] CallStaticBooleanMethodV(mid=0x13170001) -> 1
[DEBUG] Prepare @ 0x11d4a8a: s0=-0.987922 (0xbf7ce87d)
[DEBUG] Prepare @ 0x11d4ada: s18=-11868.5 s4=-1
[JNI] CallStaticBooleanMethodV(mid=0x13170001) -> 1
[DEBUG] Prepare @ 0x11d4a8a: s0=-0.987922 (0xbf7ce87d)
[DEBUG] Prepare @ 0x11d4ada: s18=-11868.5 s4=-1
[JNI] CallStaticBooleanMethodV(mid=0x13170001) -> 1
[DEBUG] Prepare @ 0x11d4a8a: s0=-0.987922 (0xbf7ce87d)
[DEBUG] Prepare @ 0x11d4ada: s18=-11868.5 s4=-1
[JNI] CallStaticBooleanMethodV(mid=0x13170001) -> 1
[DEBUG] Prepare @ 0x11d4a8a: s0=-0.987922 (0xbf7ce87d)
[DEBUG] Prepare @ 0x11d4ada: s18=-11868.5 s4=-1
[JNI] CallStaticBooleanMethodV(mid=0x13170001) -> 1
[DEBUG] Prepare @ 0x11d4a8a: s0=-0.987922 (0xbf7ce87d)
[DEBUG] Prepare @ 0x11d4ada: s18=-11868.5 s4=-1
[JNI] CallStaticBooleanMethodV(mid=0x13170001) -> 1
[DEBUG] Prepare @ 0x11d4a8a: s0=-0.987922 (0xbf7ce87d)
[DEBUG] Prepare @ 0x11d4ada: s18=-11868.5 s4=-1
[JNI] CallStaticBooleanMethodV(mid=0x13170001) -> 1
[DEBUG] Prepare @ 0x11d4a8a: s0=-0.987922 (0xbf7ce87d)
[DEBUG] Prepare @ 0x11d4ada: s18=-11868.5 s4=-1
[JNI] CallStaticBooleanMethodV(mid=0x13170001) -> 1
[DEBUG] Prepare @ 0x11d4a8a: s0=-0.987922 (0xbf7ce87d)
[DEBUG] Prepare @ 0x11d4ada: s18=-11868.5 s4=-1
[JNI] CallStaticBooleanMethodV(mid=0x13170001) -> 1
[DEBUG] Prepare @ 0x11d4a8a: s0=-0.987922 (0xbf7ce87d)
[DEBUG] Prepare @ 0x11d4ada: s18=-11868.5 s4=-1
[JNI] CallStaticBooleanMethodV(mid=0x13170001) -> 1
[DEBUG] Prepare @ 0x11d4a8a: s0=-0.987922 (0xbf7ce87d)
[DEBUG] Prepare @ 0x11d4ada: s18=-11868.5 s4=-1
[JNI] CallStaticBooleanMethodV(mid=0x13170001) -> 1
[DEBUG] Prepare @ 0x11d4a8a: s0=-0.987922 (0xbf7ce87d)
[DEBUG] Prepare @ 0x11d4ada: s18=-11868.5 s4=-1
[JNI] CallStaticBooleanMethodV(mid=0x13170001) -> 1
[DEBUG] Prepare @ 0x11d4a8a: s0=-0.987922 (0xbf7ce87d)
[DEBUG] Prepare @ 0x11d4ada: s18=-11868.5 s4=-1
[JNI] CallStaticBooleanMethodV(mid=0x13170001) -> 1
[DEBUG] Prepare @ 0x11d4a8a: s0=-0.987922 (0xbf7ce87d)
[DEBUG] Prepare @ 0x11d4ada: s18=-11868.5 s4=-1
[JNI] CallStaticBooleanMethodV(mid=0x13170001) -> 1
[DEBUG] Prepare @ 0x11d4a8a: s0=-0.987922 (0xbf7ce87d)
[DEBUG] Prepare @ 0x11d4ada: s18=-11868.5 s4=-1
[JNI] CallStaticBooleanMethodV(mid=0x13170001) -> 1
[DEBUG] Prepare @ 0x11d4a8a: s0=-0.987922 (0xbf7ce87d)
[DEBUG] Prepare @ 0x11d4ada: s18=-11868.5 s4=-1
[JNI] CallStaticBooleanMethodV(mid=0x13170001) -> 1
[DEBUG] Prepare @ 0x11d4a8a: s0=-0.987922 (0xbf7ce87d)
[DEBUG] Prepare @ 0x11d4ada: s18=-11868.5 s4=-1

========================================
[RESULT] Completed 817 frames
========================================
  Total draw calls:      64694
  Total tex binds:       27411
  Total tex uploads:     29
  Total matrix ops:      121478
  Total state changes:   482141
  Total asset opens:     141
  Unique textures seen:  0
  Avg draw/frame:        79
  Avg tex_bind/frame:    33
========================================

--- Asset Proof ---
  Menu scene:      ✓ LOADED
  Title texture:   ✓ LOADED
  Common atlas:    ✓ LOADED
  Menu background: ✓ LOADED
-------------------

[Main] Swordigo Desktop Engine — session complete.
quantumcreeper@yoga-7-pro-fedora:/run/media/quantumcreeper/TVPG/Prenxy Packages/SwordigoDesktop$ 
